Price,Close,High,Low,Open,Volume
Ticker,AAPL,AAPL,AAPL,AAPL,AAPL
Date,,,,,
2020-04-30,71.29910278320312,71.47626115798072,69.976506388418,70.36721610873765,183064000
2020-05-01,70.15123748779297,72.56103877053023,69.36981062017894,69.46688076275679,240616800
2020-05-04,71.1437759399414,71.27239551263796,69.48385248239573,70.17548910786692,133568000
2020-05-05,72.2115707397461,73.04638718577591,71.45926427424553,71.60487317175793,147751200
2020-05-06,72.95659637451172,73.58998507405805,72.52947892116252,72.91533768168664,142333600
2020-05-07,73.71131896972656,74.05835557711725,73.28177979492443,73.58512855265982,115215200
2020-05-08,75.46576690673828,75.51930110394392,74.04468608439737,74.37319104788544,133838400
2020-05-11,76.65326690673828,77.14966694282032,74.7625416518722,74.97181444929954,145946400
2020-05-12,75.77725982666016,77.79208148134276,75.65559183440632,77.33947268862552,162301200
2020-05-13,74.86228942871094,76.88198188882791,73.78187742017185,75.95730099741765,200622400
2020-05-14,75.32221984863281,75.38305384243762,73.37309631079928,74.0982401903213,158929200
2020-05-15,74.87689971923828,74.92313414173562,73.05188017652294,73.08595077247826,166348400
2020-05-18,76.6410903930664,77.01582984347145,75.51201542213853,76.20552437986748,135178400
2020-05-19,76.1982192993164,77.50736040977804,76.16658443916718,76.65812036126512,101729600
2020-05-20,77.68014526367188,77.75070734904016,77.02069943070256,77.05963407747018,111504800
2020-05-21,77.10099792480469,78.08407725078851,76.86252601832638,77.54143540411926,102688800
2020-05-22,77.59740447998047,77.68013781166567,76.73599313969208,76.83819007988166,81803200
2020-05-26,77.07181549072266,78.89926383747755,77.01584553623708,78.7191975702139,125522000
2020-05-27,77.40758514404297,77.5535881797336,76.18604151167783,76.9282205155957,112945200
2020-05-28,77.44166564941406,78.70457981685169,76.80412665218442,77.08152577208277,133560800
2020-05-29,77.36624908447266,78.14735557175203,77.00854486442455,77.6850186530704,153532400
2020-06-01,78.31767272949219,78.43934069786921,77.18859041846218,77.31999390359594,80791200
2020-06-02,78.68025970458984,78.70459478928636,77.60714707589307,78.05002036888385,87642800
2020-06-03,79.1134033203125,79.37621037280043,78.42719398173664,79.00147083367361,104491200
2020-06-04,78.43203735351562,79.23504293791275,78.05729794865285,78.9357445019579,87560400
2020-06-05,80.66588592529297,80.72671992674492,78.65349983063149,78.68269896316433,137250400
2020-06-08,81.14280700683594,81.17687760567065,79.64872807646304,80.36170065582685,95654400
2020-06-09,83.70512390136719,84.09932691847067,80.78996422247816,80.82159908143493,147712400
2020-06-10,85.85865783691406,86.32829444981938,84.21614013366542,84.65657762001017,166651600
2020-06-11,81.73655700683594,85.42553148158305,81.63436005029637,84.99969350194307,201662400
2020-06-12,82.4422378540039,84.63226196090983,81.327762187052,83.88279031177558,200146000
2020-06-15,83.46180725097656,84.11638164574502,80.92867875199258,81.09171712965171,138808800
2020-06-16,85.67371368408203,85.94625617218522,83.88276474697345,85.52284659086101,165428800
2020-06-17,85.55448150634766,86.48159083556952,85.43281353741015,86.42075685110076,114406400
2020-06-18,85.58855438232422,86.00709250366052,84.97777878565866,85.51068509788405,96820400
2020-06-19,85.0994644165039,86.76388173016507,83.98741713778654,86.29668077862434,264476000
2020-06-22,87.32596588134766,87.4695331919999,85.44741216447049,85.49364658624263,135445200
2020-06-23,89.1899185180664,90.61343520003089,88.15330507538052,88.5742789095001,212155600
2020-06-24,87.61554718017578,89.73987283324034,87.24080771386359,88.81762744432615,192623200
2020-06-25,88.77867889404297,88.81761353356403,87.00962937456471,87.77127201576967,137522400
2020-06-26,86.05088806152344,88.89548574168278,85.90244927933195,88.67404914924855,205256800
2020-06-29,88.03407287597656,88.12897745361794,85.47904559885598,85.95841768027097,130646000
2020-06-30,88.76895141601562,89.0560934802323,87.60094182870904,87.62040543722048,140223200
2020-07-01,88.60102844238281,89.39187009469211,88.55236571939244,88.84680007065832,110737200
2020-07-02,88.60102844238281,90.14864858351037,88.48666770164547,89.5111097319661,114041600
2020-07-06,90.97113800048828,91.44077455841791,90.00265833546331,90.03429319420877,118655600
2020-07-07,90.68888854980469,92.13186915393193,90.57695607635445,91.35076272390052,112424400
2020-07-08,92.8010482788086,92.83268314668187,91.58193255368658,91.66953737441453,117092000
2020-07-09,93.20008850097656,93.75002260337047,92.14887559615345,93.69648840656866,125642800
2020-07-10,93.36314392089844,93.42154960385396,92.18053466189855,92.79373863774762,90257200
2020-07-13,92.93242645263672,97.29057387515883,92.71828964483974,94.67227687695217,191649200
2020-07-14,94.4703140258789,94.6625440704525,91.37508059280022,92.31191801469724,170989200
2020-07-15,95.12002563476562,96.60194074558854,93.91794539378512,96.35130500289155,153198000
2020-07-16,93.94957733154297,94.8085529497705,93.3485372297674,93.98851197519926,110577600
2020-07-17,93.75977325439453,94.55791486444917,93.2852651867788,94.40218371971898,92186800
2020-07-20,95.73565673828125,95.8743600058145,93.50183459957924,93.84737490055309,90318000
2020-07-21,94.41433715820312,96.60436044280063,94.1637014571179,96.5289269015241,103433200
2020-07-22,94.6795883178711,95.36336177523553,94.02744972364847,94.11504710524962,89001600
2020-07-23,90.37010192871094,94.48977758073065,89.55736078613936,94.41190829825081,197004400
2020-07-24,90.146240234375,90.49178057488463,86.76873582504383,88.56212813927338,185438800
2020-07-27,92.2827377319336,92.37520659555678,90.9881959192841,91.21206086971651,121214000
2020-07-28,90.76675415039062,92.02966845109543,90.76188267824885,91.85203051648675,103625600
2020-07-29,92.50659942626953,92.69153713216036,91.21448607300921,91.2509849817971,90329200
2020-07-30,93.62593841552734,93.73057108721883,91.26801256876887,91.67681516469625,158130000
2020-07-31,103.42752075195312,103.57838786224833,98.13739181757805,100.142485220989,374336800
2020-08-03,106.03365325927734,108.6616788722299,105.01651064537003,105.31580914804157,308151200
2020-08-04,106.74174499511719,107.83675673192468,105.49829447245462,106.22343825153119,173071600
2020-08-05,107.12864685058594,107.44985207142959,105.9947004868368,106.46190875588427,121776800
2020-08-06,110.86627960205078,111.36268697898166,106.87070778644717,107.4620123146309,202428800
2020-08-07,108.34566497802734,110.84435557432207,107.54608428478957,110.38605796245164,198045600
2020-08-10,109.92045593261719,110.94187256781626,107.26087294038835,109.79612844927841,212403600
2020-08-11,106.65143585205078,109.68155371834231,106.39059512633617,109.18181853754392,187902400
2020-08-12,110.19590759277344,110.45430815645663,107.55095084699191,107.74596761374468,165598000
2020-08-13,112.14610290527344,113.15289349736156,111.09055440270924,111.58054387716682,210082000
2020-08-14,112.04615020751953,112.13634564305688,110.23002598166595,111.97058065669567,165565200
2020-08-17,111.75363159179688,113.19678105887246,111.1246961523291,113.17240210150105,119561600
2020-08-18,112.68485260009766,113.11145831572809,111.1685737018232,111.50498397074077,105633600
2020-08-19,112.82624816894531,114.2450187969475,112.73117989850726,113.09440184356299,145538000
2020-08-20,115.3298110961914,115.44438550181255,112.85061914452253,112.86768515883944,126907200
2020-08-21,121.27302551269531,121.75813472539492,116.28051759278713,116.29270335052242,338054800
2020-08-24,122.7234878540039,125.57809477103142,120.85130005912201,125.49276470400675,345937600
2020-08-25,121.7166976928711,122.06286102018731,119.98833606258718,121.59237766186422,211495600
2020-08-26,123.3719253540039,123.83022293693548,121.9677808342838,123.03795523691794,163022400
2020-08-27,121.89710998535156,124.31047816436129,120.74892572684594,123.9765079967238,155552400
2020-08-28,121.69963836669922,123.2939194462389,121.47536238371781,122.8746266915099,187630000
2020-08-31,125.8267593383789,127.7379597872236,122.86246513885628,124.40312323319982,225702700
2020-09-01,130.8387451171875,131.44331646895694,127.27964057724809,129.45410665665014,151948100
2020-09-02,128.1279754638672,134.54412730802744,123.837546725689,134.16383937386541,200119000
2020-09-03,117.86992645263672,125.63171109830371,117.49939163024852,123.74977777668435,257599600
2020-09-04,117.94793701171875,120.61970534748437,108.1286934708545,117.08009977010788,332607200
2020-09-08,110.01065063476562,116.02700868136228,109.87413739256252,111.11250964380896,231366600
2020-09-09,114.39859771728516,116.1732773411802,112.38989645051765,114.34009416642051,176940500
2020-09-10,110.6639633178711,117.49940814881735,109.69861756632326,117.3628949087768,182274400
2020-09-11,109.2110595703125,112.36063179376235,107.2608620779855,111.71706305037618,180860300
2020-09-14,112.48738861083984,113.04319458206483,109.99113827543115,111.86332602698766,140150100
2020-09-15,112.66291809082031,115.87099408811736,110.78097707840637,115.38344468012839,184642000
2020-09-16,109.33782196044922,113.11145686330157,109.25006664242188,112.36063408677491,154679000
2020-09-17,107.59239959716797,109.40608398688913,106.00299120807408,106.98784309353663,178011000
2020-09-18,104.1795425415039,108.1189422202142,103.44821850945301,107.65089900577279,287104900
2020-09-21,107.3388671875,107.44612864015869,100.53267495607115,101.93681947130294,195713800
2020-09-22,109.02579498291016,110.0496517037046,106.44178910174857,109.87413362126594,183055400
2020-09-23,104.45258331298828,109.31832411053182,104.11129279067556,108.84052779447258,150718700
2020-09-24,105.52519226074219,107.5046416144481,102.38537296614106,102.55113797500798,167743300
2020-09-25,109.48410034179688,109.64011973249772,104.9888939391714,105.7299711661724,149981400
2020-09-28,112.09735107421875,112.44838721832883,109.97163550795793,112.1461089873391,137672400
2020-09-29,111.24900817871094,112.43862979442277,110.74196012319106,111.69756013169471,99382200
2020-09-30,112.92619323730469,114.34009100590049,110.79073185621964,110.95649687203007,142675200
2020-10-01,113.88175964355469,114.78860158543517,112.94566593571216,114.71059191659542,116120400
2020-10-02,110.20562744140625,112.4971148314385,109.42555311747724,110.07886731661318,144712000
2020-10-05,113.5990219116211,113.74528823458328,110.72248313082642,111.07351933016997,106243800
2020-10-06,110.34219360351562,113.22848541577433,109.45485004559029,112.81893822935504,161498200
2020-10-07,112.21437072753906,112.6726683499166,111.28802241183179,111.76582617611366,96849000
2020-10-08,112.10708618164062,113.50147746414889,111.7365439558897,113.35521118763732,83477200
2020-10-09,114.05728912353516,114.08654089243238,112.05833393555243,112.40937004114366,100506900
2020-10-12,121.30227661132812,122.06285238723022,116.3097687190557,117.0703444949578,240226800
2020-10-13,118.08447265625,122.26764773624913,116.67058225869611,122.15063319268191,262330500
2020-10-14,118.17223358154297,119.9664119184526,116.64132866428777,117.98696241696997,150712000
2020-10-15,117.70417022705078,118.18196653560398,115.20791978630072,115.76372578098064,112559200
2020-10-16,116.0562515258789,118.52325764594907,115.85148167833091,118.25997681380653,115393800
2020-10-19,113.09195709228516,117.42139051387834,112.7799257876711,116.97284597845898,120639300
2020-10-20,114.58384704589844,116.01724328424638,112.7506567810562,113.306462726598,124423700
2020-10-21,113.95980072021484,115.75397896154352,113.55025356563891,113.76477649436593,89946000
2020-10-22,112.86768341064453,115.10066050216787,111.7365652586778,114.52534835538113,101988000
2020-10-23,112.17535400390625,113.64775510639481,111.4342769177023,113.49173574533604,82572600
2020-10-26,112.18511962890625,113.64776782516624,110.0691495843626,111.17101598676972,111850700
2020-10-27,113.69649505615234,114.35956240046933,111.68779432457966,112.61413501705532,92276800
2020-10-28,108.43099212646484,112.55566364874979,108.33348372666579,112.18512875374776,143937800
2020-10-29,112.44839477539062,114.01830445888464,109.40608380178328,109.57185625388539,146129200
2020-10-30,106.14926147460938,109.20131819888869,105.0376493800456,108.2944759702273,190272600
2020-11-02,106.06147003173828,107.92391190377485,104.64758005639182,106.39300741980334,122866900
2020-11-03,107.68991088867188,108.71376013684448,106.0224928792937,106.9293350359113,107624400
2020-11-04,112.08759307861328,112.71165565418494,109.5523379354268,111.29776550877692,138235500
2020-11-05,116.06599426269531,116.64130635027131,113.95978499014568,115.01288590671425,126387100
2020-11-06,115.93412780761719,116.43228070272636,113.43356362742085,115.57271619055545,114457900
2020-11-09,113.61915588378906,119.15750189056662,113.3554283153817,117.70210041193614,154515300
2020-11-10,113.27729034423828,114.85967074705178,111.48000948330214,112.86704412515682,138023400
2020-11-11,116.715576171875,116.85232493510753,113.73639817031066,114.4689840243058,112295000
2020-11-12,116.44205474853516,117.73140528886907,115.81691554426702,116.84253851027572,103162300
2020-11-13,116.49092102050781,116.89139741334863,115.13319583001916,116.66674192406562,81581900
2020-11-16,117.50676727294922,118.18074115273141,115.40668645392178,116.15880460888832,91183000
2020-11-17,116.61790466308594,117.86818338304589,116.19788845695103,116.77419322920542,74271000
2020-11-18,115.28945922851562,117.03789809748132,115.26015699113172,115.85599399209619,76322100
2020-11-19,115.88528442382812,116.29553060990456,114.0977736030349,114.85966150639022,74113000
2020-11-20,114.615478515625,116.0122756382638,114.56664393716416,115.88529679156849,73604300
2020-11-23,111.20651245117188,114.88898089812312,111.10883584417593,114.45919488464406,127959300
2020-11-24,112.4958724975586,113.16008391412161,109.97577558304761,111.26513373188881,113874200
2020-11-25,113.33590698242188,114.0391905490455,112.49587466142678,112.86705623950492,76499200
2020-11-27,113.88288879394531,114.76199315028312,113.52148460740729,113.86335645369218,46691300
2020-11-30,116.28578186035156,118.16119960518925,114.09778703912657,114.25407557732021,169410200
2020-12-01,119.87056732177734,120.60315308283555,117.22349166609008,118.20027268083436,127728200
2020-12-02,120.22221374511719,120.505481144647,118.0830608551581,119.18682076181041,89004200
2020-12-03,120.0854721069336,120.90596466265619,119.37241861729504,120.65199948730223,78967600
2020-12-04,119.41149139404297,120.00732847079844,118.69843790059431,119.75336329408746,78260400
2020-12-07,120.87664794921875,121.67760806582265,119.41147645892518,119.4700809338177,86712000
2020-12-08,121.49201202392578,122.0780865564266,120.23196370264463,121.48224958003209,82225500
2020-12-09,118.95238494873047,123.02555979189044,118.19049698695923,121.638532607525,115089200
2020-12-10,120.37849426269531,120.99387109234236,117.36024440160968,117.7021162779425,81312200
2020-12-11,119.56776428222656,119.90963613747431,117.75095104891274,119.58729662299177,86939800
2020-12-14,118.95238494873047,120.48593076857054,118.71795960331949,119.75334504344477,79184500
2020-12-15,124.91075897216797,124.93029876658031,121.24783000590143,121.4529531337426,157243700
2020-12-16,124.84236145019531,125.38935635635778,123.6213853544779,124.45165506136308,98208600
2020-12-17,125.71171569824219,126.57128777488863,125.06703664075737,125.90706892352664,94359800
2020-12-18,123.71908569335938,126.10243373072133,123.19162305629168,125.96568498617573,192541500
2020-12-21,125.25263214111328,125.33077641507083,120.58361982974765,122.11716580798591,121251600
2020-12-22,128.81785583496094,131.28911005051614,126.6396239339047,128.5541208474198,168904800
2020-12-23,127.91923522949219,129.3550894628917,127.74340691439608,129.09136934698847,88223700
2020-12-24,128.90579223632812,130.36120131987872,128.0559975194573,128.27089053594116,54930100
2020-12-28,133.5161895751953,134.15109122678413,130.41001842398242,130.87888400818076,124486200
2020-12-29,131.73843383789062,135.56741313736748,131.2207411586561,134.84460481779132,121047300
2020-12-30,130.61520385742188,132.83250170440095,130.302626669962,132.43201777215572,96452100
2020-12-31,129.60906982421875,131.61147380180907,128.66159108708325,130.9667947818931,99116600
2021-01-04,126.40523529052734,130.50771259087762,123.8167640988133,130.4198058762155,143301900
2021-01-05,127.96807861328125,128.68113950331986,125.4479817429498,125.89730757907694,97664900
2021-01-06,123.66046142578125,128.007140936444,123.4455684337253,124.75445872522663,155088000
2021-01-07,127.8801498413086,128.57367081768766,124.89120276080193,125.37959319629631,109578200
2021-01-08,128.98391723632812,129.55045193110092,127.20616889364516,129.35508383294297,105158200
2021-01-11,125.98522186279297,127.14759375428018,125.51637110895247,126.1903524513776,100384500
2021-01-12,125.80940246582031,126.67873700583286,123.91444484041192,125.51636516935064,91951100
2021-01-13,127.85089111328125,128.39788620245025,125.50662218698595,125.77034238065778,88636800
2021-01-14,125.9168472290039,127.95831602204765,125.77032113055597,127.76296279527958,90221800
2021-01-15,124.18793487548828,127.19642212299213,124.05118613262425,125.78985510810772,111598500
2021-01-19,124.86193084716797,125.72150299180522,123.99259625706779,124.8130888108596,90757300
2021-01-20,128.96438598632812,129.41371177555757,125.56519249707169,125.67263899637693,104319500
2021-01-21,133.69203186035156,136.42702207412472,130.48819086563083,130.6933214660753,120150900
2021-01-22,135.84097290039062,136.60286106793623,131.88500593536605,133.1157449203631,114459400
2021-01-25,139.6015625,141.72117584234562,133.3696938895246,139.74808861764467,157611700
2021-01-26,139.83599853515625,140.9495284939652,138.08755186106706,140.2657846428541,98390600
2021-01-27,138.7615203857422,140.94951541070097,137.14983753597352,140.09970572045313,140843800
2021-01-28,133.9069061279297,138.6931420569465,133.52596212723918,136.28049175107478,142621100
2021-01-29,128.89601135253906,133.56502276186197,127.18664481426623,132.67614858488167,177523800
2021-02-01,131.02542114257812,132.23663511827664,127.88994713431293,130.64447709526527,106239800
2021-02-02,131.8556365966797,133.14497941471973,131.48445514846776,132.5784448006825,83305400
2021-02-03,130.8300323486328,132.61754313249799,130.50769287241187,132.60776578490467,89880900
2021-02-04,134.19993591308594,134.20969835709803,131.46494623573207,133.13524824047326,84183100
2021-02-05,133.78419494628906,134.42983740127244,132.9037842725981,134.3613683130723,75693800
2021-02-08,133.93092346191406,133.97983847702403,131.98421930396577,133.0700669616327,71297200
2021-02-09,133.05050659179688,134.8798267734332,132.8939994307771,133.64723399056535,76774200
2021-02-10,132.4439697265625,134.00916036761174,131.47550633815231,133.51024820081062,73046600
2021-02-11,132.1896514892578,133.42222921972905,130.85924373219854,132.94288597227373,64280000
2021-02-12,132.4244384765625,132.58096057062542,130.78100126920737,131.4266437121405,60145100
2021-02-16,130.29183959960938,133.0504697304465,129.90053448855053,132.5417954762156,80576300
2021-02-17,127.99299621582031,129.34297301716086,126.65281137358724,128.39407844328628,97918500
2021-02-18,126.88762664794922,127.17130992538829,124.63766971776128,126.38871426357021,96856700
2021-02-19,127.0440902709961,127.8658236438276,125.99738068709999,127.40604940993619,87668800
2021-02-22,123.25833129882812,126.89738798845885,122.86703351631368,125.22458978162501,103916400
2021-02-23,123.12136840820312,123.95287146533934,115.81390958217581,121.0670645425184,158273000
2021-02-24,122.62248229980469,122.82791197138175,119.57037579250556,122.22140745435948,111039900
2021-02-25,118.35733032226562,123.70830769868415,117.91712502936959,121.96704059219421,148199500
2021-02-26,118.6214599609375,122.13334021289873,118.56276044849312,119.92251431654658,164560400
2021-03-01,125.00936126708984,125.1463143475527,120.11815849803577,121.05726853408818,116307900
2021-03-02,122.39746856689453,125.91913329199494,122.28986150205843,125.61588108930245,102260900
2021-03-03,119.40404510498047,122.97462478338886,119.18883097909638,122.09420675176463,112966300
2021-03-04,117.51603698730469,120.91053295934665,116.03889910024034,119.10078939752296,178155000
2021-03-05,118.7779769897461,119.28666630320659,115.01175200979323,118.34755618226085,153766600
2021-03-08,113.82807159423828,118.36710717306019,113.68133401828926,118.29863063273507,154376600
2021-03-09,118.45516204833984,119.4040567156157,116.20521293027855,116.43998860707968,129525800
2021-03-10,117.36932373046875,119.51166581137682,116.85084988465742,119.04211444982889,111943300
2021-03-11,119.30622863769531,120.52902944875325,118.62146316885641,119.87361000523832,103026500
2021-03-12,118.3964614868164,118.5334145770574,116.5671562971472,117.78017258073191,88105100
2021-03-15,121.29205322265625,121.30183771867131,117.79973448364598,118.76819807777808,92403800
2021-03-16,122.83766174316406,124.45176009312186,122.0061587942109,122.9648303238896,115227900
2021-03-17,122.0453109741211,123.12137424397079,119.67796282439072,121.35076097755098,111932600
2021-03-18,117.90735626220703,120.49969573928057,117.70192660055912,120.20622052927806,121229700
2021-03-19,117.37909698486328,118.787765950923,117.07584476265258,117.2910589061766,185549500
2021-03-22,120.70511627197266,121.17467507978692,117.64322564652812,117.71170219523187,111912300
2021-03-23,119.87361145019531,121.53661758792646,119.4823136932633,120.64642246770546,95467100
2021-03-24,117.47692108154297,120.22578250026773,117.45735955159839,120.14752145372104,88530500
2021-03-25,117.96602630615234,119.01275087692757,116.4106273881796,116.93887818958069,98844700
2021-03-26,118.57254028320312,118.83666942036037,116.33236845038506,117.73125278394801,94071200
2021-03-29,118.7486572265625,119.91276623656199,118.10302214085684,119.00300193954253,80819200
2021-03-30,117.29105377197266,117.78017409006814,116.27368261472802,117.49648340996671,85671900
2021-03-31,119.49211120605469,120.83229628055129,118.51387043885552,119.0029908224551,118323800
2021-04-01,120.3236083984375,121.47793274502293,119.82470354215977,120.96925085519509,75089100
2021-04-05,123.16051483154297,123.41485952230822,120.39209165233227,121.17468725620162,88651200
2021-04-06,123.4637451171875,124.36372467715026,122.91593276997253,123.7474357865334,80171300
2021-04-07,125.11698913574219,125.1365506661835,122.41704266839598,123.09203115107863,83466700
2021-04-08,127.52346801757812,127.5528140466846,125.72350857412272,126.14414494249527,88844600
2021-04-09,130.10598754882812,130.14511060136672,126.65279975013205,126.97562090894628,106686700
2021-04-12,128.38430786132812,129.9592758997672,127.78758046970171,129.6364546951069,91420000
2021-04-13,131.5048828125,131.7298889082425,129.05928119869824,129.5581934810451,91266500
2021-04-14,129.15711975097656,132.06249585390395,128.79517546483183,132.0038037995852,87222800
2021-04-15,131.57337951660156,132.06249988655176,130.73209188321647,130.90818297831848,89347100
2021-04-16,131.2407684326172,131.73966578761528,130.37991188899602,131.37772152575985,84922400
2021-04-19,131.9059600830078,132.52225644299975,130.4385991700877,130.60489828233995,94264200
2021-04-20,130.213623046875,132.5809638018916,128.9419071234644,132.0820664075215,94812300
2021-04-21,130.5951385498047,130.83969873435487,128.44301191111677,129.47994470532655,68847100
2021-04-22,129.06906127929688,131.23096454793503,128.55059497902982,130.14511693427332,84566500
2021-04-23,131.39727783203125,132.17985833056576,129.28427466174912,129.28427466174912,78657500
2021-04-26,131.78855895996094,132.121157141495,130.65379641815227,131.89616601007668,66905100
2021-04-27,131.46578979492188,132.46359966085154,131.1918835457288,132.0722943571678,66015800
2021-04-28,130.67335510253906,132.0820236741445,130.18423489999628,131.38746641875758,107760100
2021-04-29,130.57557678222656,134.08747257107711,129.56798996025657,133.50052212496433,151101000
2021-04-30,128.59951782226562,130.65381415781053,128.21800457946676,128.91254705716273,109839500
2021-05-03,129.656005859375,131.1527277481315,128.96146337467013,129.16688554691402,75135100
2021-05-04,125.06806945800781,128.6288723998823,123.9430911832169,128.3353972104989,137564700
2021-05-05,125.31262969970703,127.61148620627858,125.18545364222994,126.38868542828287,84000900
2021-05-06,126.9169692993164,126.92674633387438,124.36375269989001,125.10721781247982,78128300
2021-05-07,127.59307861328125,128.6219640145826,126.87773920490686,128.22021545550038,78973300
2021-05-10,124.30060577392578,126.936537888107,124.2614087846363,126.80916075602343,88071200
2021-05-11,123.3794937133789,123.73225163919108,120.30259382458506,121.01792574395533,126142800
2021-05-12,120.30258178710938,122.13500147037169,119.79303596653406,120.91992491664598,112172300
2021-05-13,122.4583740234375,123.61465887026078,121.76264438757792,122.07621277945914,105861300
2021-05-14,124.8885498046875,125.31970922511546,123.32070756139703,123.71266999123503,81918000
2021-05-17,123.73225402832031,124.37899310292869,122.65436304670058,124.27120325716062,74244600
2021-05-18,122.34080505371094,124.43779545294035,122.27221218928985,124.01643714976464,63342900
2021-05-19,122.18401336669922,122.40938669653873,120.39079046342964,120.68476412746298,92612000
2021-05-20,124.75135803222656,125.15312155926449,122.585774870456,122.71316695271737,76857100
2021-05-21,122.90914154052734,125.42749006545537,122.69356184580758,125.25110735850839,79295400
2021-05-24,124.54558563232422,125.368707483583,123.40890280809067,123.47749567269044,63092900
2021-05-25,124.34960174560547,125.74106867528869,123.78125662475325,125.25111005560896,72009500
2021-05-26,124.30060577392578,124.82975391524182,123.87924748414049,124.40839562545654,56575900
2021-05-27,122.76215362548828,125.07472355131192,122.56617616440937,123.89884383271658,94625600
2021-05-28,122.10562896728516,123.27171512304146,122.04683722029289,123.0463342994687,71311100
2021-06-01,121.78225708007812,122.83075224575715,121.449093885405,122.56618191328505,67637100
2021-06-02,122.54659271240234,122.72297544482763,121.55689666340795,121.78227003058011,59278900
2021-06-03,121.05712890625,122.34079850429373,120.65536538181918,122.17421691048338,76229200
2021-06-04,123.35990142822266,123.62447923898972,121.36089981512367,121.57647951987867,75169300
2021-06-07,123.36969757080078,123.78125473088885,122.32120243854156,123.63426789483995,71057600
2021-06-08,124.19281005859375,125.8782506142176,123.67346305813653,124.05562434058848,74403800
2021-06-09,124.57498168945312,125.18252383113118,123.97724066446416,124.65337567084285,56877900
2021-06-10,123.57546997070312,125.61366838929395,123.40888838700712,124.4671771062987,71186400
2021-06-11,124.79055786132812,124.87875295690584,123.56567997208057,123.98703826502418,53522400
2021-06-14,127.85767364501953,127.91646540251004,124.51621001719964,125.25113689008217,96906500
2021-06-15,127.03450775146484,127.97522034717902,126.7895322262613,127.328481372133,62746300
2021-06-16,127.53429412841797,128.25942730281437,125.87827159650314,127.74987385723517,91815000
2021-06-17,129.14132690429688,129.88606227566868,127.04433642829339,127.19133075522794,96721700
2021-06-18,127.83808898925781,128.86697467074924,127.62250923927607,128.08306461858925,108953300
2021-06-21,129.64108276367188,129.74887261931582,126.61318811711466,127.68127808078076,79663300
2021-06-22,131.2873077392578,131.38530395142936,128.9747376819625,129.47449743106563,74783600
2021-06-23,131.012939453125,131.6204890694468,130.55238415861209,131.08153979372707,60214200
2021-06-24,130.728759765625,131.93403531891448,130.2583959308748,131.74785150334102,68711000
2021-06-25,130.43478393554688,131.19910646414033,130.1408102817522,130.7777556903275,70783700
2021-06-28,132.07122802734375,132.53178329485237,130.66997494475694,130.72876668918406,62111300
2021-06-29,133.59007263183594,133.7468605769358,131.64987040561977,132.09082341810688,64556100
2021-06-30,134.20741271972656,134.64836572202546,133.1393079515186,133.4332816037582,63261400
2021-07-01,134.51116943359375,134.5699611689942,133.03150764945613,133.85463680142217,52485800
2021-07-02,137.14710998535156,137.18629949198788,134.9815196787238,135.12849901876004,78852600
2021-07-06,139.1656951904297,140.27297435431075,137.25488915777586,137.25488915777586,108181800
2021-07-07,141.66445922851562,141.97802013748654,139.7928425569442,140.65514627070422,104911600
2021-07-08,140.36117553710938,141.16468744594064,137.8428200823999,138.73453453966331,105575500
2021-07-09,142.19361877441406,142.72275942044914,139.7830526150671,139.88104882276198,99890800
2021-07-12,141.59584045410156,143.37926928943287,141.10588944907008,143.27147947024122,76299700
2021-07-13,142.7129669189453,144.4963962387887,140.74336872639185,141.13532365605394,100827100
2021-07-14,146.1524200439453,146.56399216212412,144.7119624866864,145.12353460486517,127050800
2021-07-15,145.49588012695312,146.98533571546386,144.13381661407468,146.24061539726927,106820300
2021-07-16,143.44793701171875,146.75020389685884,142.94819208243433,145.47634251411898,93251400
2021-07-19,139.58709716796875,141.17454926069658,138.8227744741875,140.86097330831228,121434600
2021-07-20,143.21270751953125,144.1436266165373,140.08683190917176,140.57678303301844,96350000
2021-07-21,142.477783203125,143.19312262136464,141.72326922538142,142.60517528212256,74993500
2021-07-22,143.84963989257812,145.2214969339576,142.8795313726681,143.00692343798204,77338200
2021-07-23,145.5742950439453,145.73108301310796,143.9672557403373,144.58459902383794,71447400
2021-07-26,145.9956512451172,146.81876560092866,144.731568886007,145.29012038238656,72434100
2021-07-27,143.82025146484375,146.2112152481958,142.62476957316773,146.12301268573492,104818600
2021-07-28,142.06622314453125,144.0162339928002,139.67525927689903,141.89964155731053,118931200
2021-07-29,142.7129669189453,143.604681578867,141.6742728984309,141.7820627469063,56699500
2021-07-30,142.9285430908203,143.38909834548167,141.21371414962817,141.4782919442919,70440600
2021-08-02,142.59539794921875,143.99665116994922,142.33082012109094,143.41851235659007,62880000
2021-08-03,144.3983917236328,145.0647180561516,142.2621971091317,142.87954029235215,64786600
2021-08-04,143.99664306640625,144.81975742745607,143.34011030565534,144.31021898611445,56368300
2021-08-05,144.10443115234375,144.86875375710454,143.2323186955207,144.0260371733782,46397700
2021-08-06,143.41746520996094,144.36939566640558,142.91697171230874,143.62355957636092,54126800
2021-08-09,143.36837768554688,143.9670141431112,142.80900442411368,143.47632901312474,48908700
2021-08-10,142.88754272460938,144.9582349617114,142.59312859632232,143.71189030419347,69023100
2021-08-11,143.1427001953125,143.9866794152509,142.81884613683928,143.32916298423876,48493500
2021-08-12,146.1162567138672,146.27327959158745,143.12307362087492,143.4665592940723,72282600
2021-08-13,146.3223419189453,146.6560042822418,145.5078026382922,146.19475896699817,59375000
2021-08-16,148.3046875,148.37339061458732,143.7413212084629,145.77275011469712,103296000
2021-08-17,147.39202880859375,148.85426118078644,146.31251533457103,147.4312770374107,92229700
2021-08-18,143.63336181640625,147.91213704580514,143.42726745871994,147.00927814091656,86326000
2021-08-19,143.967041015625,145.24282558662867,141.80802903559353,142.3281541725026,86960300
2021-08-20,145.4292755126953,145.73349792725946,144.04553971626808,144.69324774538592,60549600
2021-08-23,146.92098999023438,147.39204365611192,145.13488842138761,145.54706225084624,60131800
2021-08-24,146.83262634277344,148.0495309623608,146.37138108229806,146.6657951809347,48606400
2021-08-25,145.59608459472656,147.51957679036173,145.04651967440822,147.0190684008053,58991300
2021-08-26,144.79136657714844,146.34193343849523,144.76192666629242,145.58628909382776,48597200
2021-08-27,145.83164978027344,145.97884935283636,144.0946199514099,144.73250473188153,55802400
2021-08-30,150.26742553710938,150.63054275493232,145.841450580605,146.22418442407636,90956700
2021-08-31,149.00146484375,149.9533952991406,148.47151645903594,149.8160040465339,86453100
2021-09-01,149.66880798339844,152.0927942907588,149.50197679710354,149.98285372785378,80313700
2021-09-02,150.78753662109375,151.83761000211953,149.56082377850586,151.00343927935097,71115500
2021-09-03,151.42543029785156,151.74928427243492,150.23796572437928,150.89548198507103,57808700
2021-09-07,153.7709503173828,154.33032373118607,151.51379510970494,152.08299181247767,82278300
2021-09-08,152.22036743164062,154.11440516674327,151.11141405800635,154.05552533708556,74420200
2021-09-09,151.19973754882812,153.20172648114232,151.08196292373444,152.59328165383056,57305700
2021-09-10,146.19476318359375,152.58347968661215,145.92978895826295,152.11242604398817,140893200
2021-09-13,146.76397705078125,148.5991352912595,145.97887757145793,147.8238591016887,102404300
2021-09-14,145.36056518554688,148.25561957289722,144.17311549895538,147.5490317533872,109296300
2021-09-15,146.25363159179688,146.65599705539884,143.64318269682568,145.79238629928224,83281300
2021-09-16,146.0181121826172,146.19476666188248,144.47736826246071,145.67464148744824,68034100
2021-09-17,143.33895874023438,146.04755063760766,143.04454462427765,146.04755063760766,129868800
2021-09-20,140.27708435058594,142.141682080616,138.63819761482773,141.12106347538898,123478900
2021-09-21,140.75791931152344,141.90613561260565,140.12003467716286,141.24860440703796,75834000
2021-09-22,143.13290405273438,143.7020858074547,141.02294833620297,141.75897626590603,76404300
2021-09-23,144.09466552734375,144.34000820889793,142.92683196722123,143.91801100986973,64838200
2021-09-24,144.18292236328125,144.7226790220036,142.8482581592234,142.94640117881744,53477900
2021-09-27,142.66180419921875,143.24082409127374,141.14069212341911,142.75994722486152,74150700
2021-09-28,139.26626586914062,142.05335398733837,139.0503632005245,140.58129850560428,108972300
2021-09-29,140.16912841796875,141.75894358779652,139.3840291456937,139.81583449417113,74602000
2021-09-30,138.86390686035156,141.6902583077313,138.64800418175875,140.98367044588636,89056700
2021-10-01,139.99249267578125,140.25746689766834,136.51844777297612,139.2564648173922,94639600
2021-10-04,136.54788208007812,139.56069651109203,135.69409459126777,139.11906783458025,98322000
2021-10-05,138.481201171875,139.59015470334057,136.76380268131754,136.89138564675028,80861100
2021-10-06,139.35458374023438,139.50178329662984,135.79220473023892,136.87171805888073,83221100
2021-10-07,140.6205596923828,141.53324196194288,140.06118634451136,140.39484869057674,61732700
2021-10-08,140.23782348632812,141.49397639424066,139.90416114584096,141.34677682476803,58773200
2021-10-11,140.14950561523438,142.1122464318601,139.16813520692153,139.61957218353604,64452200
2021-10-12,138.8737335205078,140.58132357465212,138.41248818935148,140.56169197186182,73035900
2021-10-13,138.284912109375,138.7657740406363,136.60676207042818,138.6087661510849,78762700
2021-10-14,141.08180236816406,141.19957699805144,138.87371898295444,139.46254720881987,69907100
2021-10-15,142.14169311523438,142.20057294661328,140.83646861307787,141.09163451508613,67940300
2021-10-18,143.81982421875,144.10441502439815,140.49297941378114,140.7775702194293,85589200
2021-10-19,145.9886474609375,146.39101289718135,143.81982737932438,144.2712493533105,76378900
2021-10-20,146.47933959960938,146.96021648343887,145.36057794956784,145.92977457496073,58418800
2021-10-21,146.6952362060547,146.852259056455,145.1152293383939,146.0377198663419,61421000
2021-10-22,145.9199981689453,147.38223079186443,145.8709266436165,146.90136877741273,58883400
2021-10-25,145.87088012695312,146.5872762498157,144.86987823265756,145.91012834998406,50720600
2021-10-26,146.53826904296875,148.02994161263436,146.23403157034545,146.54807735839762,60893400
2021-10-27,146.07701110839844,146.94060700233715,145.72371711443793,146.57750469378993,56094900
2021-10-28,149.72767639160156,150.31648959684864,146.93076499947935,147.0289080209485,100077900
2021-10-29,147.00930786132812,147.14669913605402,143.6824623755483,144.47737010607145,124953200
2021-11-01,146.18495178222656,146.9111563462423,145.0465584432789,146.214391698361,74588300
2021-11-02,147.22518920898438,148.7463162991763,145.8807016001512,145.89052488768692,69122000
2021-11-03,148.66783142089844,149.1388850965005,147.02894438379172,147.58831781584547,54511500
2021-11-04,148.14768981933594,149.5902906052328,147.8336440873552,148.75613470689277,60394600
2021-11-05,148.67840576171875,149.58258253436696,147.47938515102905,149.27791606706361,65463900
2021-11-08,147.85284423828125,148.96341611554539,147.5776606751966,148.80616408053146,55020900
2021-11-09,148.2164764404297,148.8258093306056,147.47937439726354,147.61696617879937,56787900
2021-11-10,145.37615966796875,147.54816002545584,145.3073712836708,147.44005113894966,65187100
2021-11-11,145.3270263671875,146.86019613669237,145.14029146001317,146.39829267733833,41000000
2021-11-12,147.4105987548828,147.81353650941713,144.94375410603553,145.8774137755265,63804000
2021-11-15,147.42042541503906,149.26809954574952,146.86022060019894,147.7840576655542,59222800
2021-11-16,148.40321350097656,148.88479224149762,146.77175735607312,147.36144499767522,59256200
2021-11-17,150.85040283203125,152.33442961865157,148.39339590269816,148.40321853171864,88807000
2021-11-18,155.15504455566406,155.94128964959728,150.41794373346818,151.0665970606914,137827700
2021-11-19,157.78897094726562,158.25088939976666,153.83810003292044,154.93883421945299,117305600
2021-11-22,158.25091552734375,162.85042556306863,158.23125527180156,158.89955399642577,117467900
2021-11-23,158.63418579101562,159.01747824025801,156.32459347097884,158.34916461294523,96041900
2021-11-24,159.1550750732422,159.35163261820963,156.89462581516804,157.9855374355737,69463600
2021-11-26,154.11329650878906,157.69069791152225,153.67103827148128,156.82584169085234,76959800
2021-11-29,157.4842987060547,158.41795820454487,156.05922289657292,156.62925022109002,88748200
2021-11-30,162.457275390625,162.6734931658107,157.1697925187928,157.23859590016,174048100
2021-12-01,161.93641662597656,167.37131474483905,161.70053856245917,164.59980373493542,152052500
2021-12-02,160.94378662109375,161.3762222672704,155.08629013119497,156.01012719413941,136739200
2021-12-03,159.05679321289062,162.1231479856483,156.97325618498053,161.19931100266786,118023100
2021-12-06,162.47694396972656,164.9929163957049,161.45482079893625,161.46464342690166,107497000
2021-12-07,168.23619079589844,168.6293209480544,165.4450341993097,166.1723137335118,120405400
2021-12-08,172.06910705566406,172.93397827343048,167.7644262171737,169.16984194604416,116998900
2021-12-09,171.55804443359375,173.7103848403719,170.92905127787418,171.90203139222558,108923700
2021-12-10,176.3639373779297,176.54084965789616,171.68580203438307,172.19686362537885,115402700
2021-12-13,172.71774291992188,178.99785124666644,172.5113477652422,178.00521097357498,153237000
2021-12-14,171.33197021484375,174.68333050700522,169.2484336092193,172.23614676061243,139380400
2021-12-15,176.2165069580078,176.41306447625462,169.34671147190795,172.09856171649545,131063300
2021-12-16,169.2975616455078,178.02485307706942,167.8135351956214,176.19683973657683,150185800
2021-12-17,168.1968231201172,170.48675479737042,166.77176246160374,167.00762546934996,195432700
2021-12-20,166.8307647705078,167.64649284258897,164.5801530989622,165.38604354598067,107499100
2021-12-21,170.0150146484375,170.22139478126294,166.21155866908464,168.60959923585196,91185900
2021-12-22,172.6194610595703,172.8356788475582,169.18947432865244,170.06416810864746,92135300
2021-12-23,173.2484130859375,173.80861767552284,172.2557880193018,172.8258152346013,68356600
2021-12-27,177.2288360595703,177.31728471510198,174.02490423380337,174.0445494930008,74919600
2021-12-28,176.20664978027344,178.21157523447957,175.45972529527302,177.06169813414473,79144300
2021-12-29,176.2951202392578,177.52362338509639,175.0764397198905,176.245977114149,62348900
2021-12-30,175.13543701171875,177.46468959324108,175.02732811556052,176.38360063165865,59773000
2021-12-31,174.51629638671875,176.1477376000055,174.21161492875567,175.02734303358918,64062300
2022-01-03,178.87991333007812,179.73496187327837,174.653873733677,174.77180525837534,104487900
2022-01-04,176.60964965820312,179.79393593953884,176.0396222685355,179.4892694890775,99310400
2022-01-05,171.911865234375,177.07157997213048,171.63668164807183,176.52121279952414,94537600
2022-01-06,169.0420684814453,172.285320469028,168.68825890104756,169.73002738877994,96904000
2022-01-07,169.2091522216797,171.1452748909949,168.0887576563829,169.9167714204335,86709100
2022-01-10,169.22877502441406,169.53344141826716,165.27790453846367,166.17225846623543,106765600
2022-01-11,172.06910705566406,172.16737833271398,167.8823727445654,169.3565768677328,76138300
2022-01-12,172.5113525390625,174.13297095610363,171.8135710369917,173.09120251884048,74805200
2022-01-13,169.22877502441406,173.58258316228603,168.83564500300932,172.75703261190145,84505800
2022-01-14,170.0937042236328,170.7914858810585,168.14774369427823,168.3934444180105,80440800
2022-01-18,166.87989807128906,169.57276781693594,166.4966056259258,168.56048225619764,90956700
2022-01-19,163.3712921142578,168.13789130970082,163.0862859235723,167.07646257144611,94815000
2022-01-20,161.6808624267578,166.76195044943782,161.3565357449214,164.10838623013277,91420500
2022-01-21,159.61700439453125,163.4695895238368,159.50889548799853,161.59243259966877,122848900
2022-01-24,158.84054565429688,159.5088591961831,152.03955370843636,157.26807054913448,162294600
2022-01-25,157.03221130371094,159.9609590965899,154.31968130054574,156.24596615896806,115798400
2022-01-26,156.9437713623047,161.5629412237311,155.10593504422843,160.6882473882618,108275300
2022-01-27,156.48182678222656,161.02236986801861,155.55798996472078,159.65627489219415,121954600
2022-01-28,167.4008026123047,167.4204628672782,160.0002987329338,162.8602584781643,179935700
2022-01-31,171.77423095703125,171.9904487208476,166.59485724513786,167.2336879096415,115541600
2022-02-01,171.60716247558594,171.83320287445497,169.34671349776292,171.01747491741384,86213900
2022-02-02,172.81602478027344,172.8553452866124,170.34919537896823,171.74477342641566,84914300
2022-02-03,169.92660522460938,173.20917811107464,169.16002020827554,171.47943551308546,89418100
2022-02-04,169.6412353515625,171.32397595384197,167.958494749283,168.94254971739127,82465400
2022-02-07,168.92286682128906,171.17634592324976,168.22418123926562,170.1037296917855,77251200
2022-02-08,172.04232788085938,172.5540406567285,168.69653205769893,168.9917515443729,74829200
2022-02-09,173.46914672851562,173.8332421319459,172.11114655174921,173.24281837088185,71285000
2022-02-10,169.37550354003906,172.68192819387235,168.8146001247778,171.36329839541398,90865900
2022-02-11,165.9510040283203,170.32020982591467,165.36056513089437,169.5821687118747,98670700
2022-02-14,166.1871795654297,166.87601492289843,163.90416522012222,164.70124720629926,86185500
2022-02-15,170.0348358154297,170.192288199675,167.53534303134987,168.24386374496802,62527400
2022-02-16,169.79869079589844,170.57608762783394,167.3385533314997,169.10985530896428,61177400
2022-02-17,166.1871795654297,169.1688644106395,165.78371349338204,168.30289138097328,69589300
2022-02-18,164.63233947753906,167.8206668083193,163.54003825835056,167.11216130240948,82772700
2022-02-22,161.6999053955078,164.03211066057264,159.56449308823295,162.3493702057695,91162800
2022-02-23,157.5176544189453,163.50069421366558,157.20274968475783,162.90042020266935,90009200
2022-02-24,160.1450958251953,160.25334246210673,149.5763410580208,150.14709468760051,141147500
2022-02-25,162.221435546875,162.48711952478297,158.30488673407692,161.22753061493847,91974200
2022-02-28,162.48712158203125,162.78234102115098,159.84001180321536,160.4599711238184,95056600
2022-03-01,160.59774780273438,163.94354328714707,159.3873645469528,162.07383007117033,83474400
2022-03-02,163.9041748046875,164.69142169446647,160.35173616541616,161.7687775639212,79724800
2022-03-03,163.57943725585938,166.21671212228483,162.91028714997404,165.78372557589515,76678400
2022-03-04,160.56822204589844,162.9102773059474,159.51529120397137,161.86718160657645,83737200
2022-03-07,156.7599334716797,162.38872815867046,156.5040696124171,160.75519357831982,96418800
2022-03-08,154.9296112060547,160.28287244930655,153.31576171497022,156.28761181988324,131148300
2022-03-09,160.35169982910156,160.8043715681801,156.8681530267331,158.90513831388122,91454900
2022-03-10,155.9923553466797,157.83253283188523,153.49284799843335,157.64556003629005,105342000
2022-03-11,152.2628173828125,156.74027038411012,152.03648894987714,156.3958451472846,96970100
2022-03-14,148.2183380126953,151.66253001815127,147.70664029732,149.035105347276,108732100
2022-03-15,152.6170196533203,153.0893766580535,147.98213103741924,148.49382860265854,92964300
2022-03-16,157.04530334472656,157.44876942008187,151.99711238572482,154.54581073699606,102300200
2022-03-17,158.05889892578125,158.43284460620507,155.11658427872035,156.0809539111175,75615400
2022-03-18,161.3653106689453,161.85733809568418,157.21259798603037,157.9506391261387,123511700
2022-03-21,162.7429962158203,163.69753062342352,160.410776006235,160.90280343219604,95811400
2022-03-22,166.12815856933594,166.71858251121776,162.28050023380402,162.87092417568584,81532000
2022-03-23,167.49598693847656,169.88723307812018,164.9767938445975,165.31138391398235,98062700
2022-03-24,171.29446411132812,171.36334015450248,167.49601114298855,168.33244889860822,90131400
2022-03-25,171.93405151367188,172.4851197852727,169.99546240540764,171.10744910627062,80546200
2022-03-28,172.80006408691406,172.92798102644218,169.25746007906415,169.42474762728378,90371900
2022-03-29,176.1064453125,176.15563603779327,173.528211647518,173.87263681747436,100589400
2022-03-30,174.9354248046875,176.7460820205957,173.88247896845155,175.7029863422026,92633200
2022-03-31,171.8258056640625,175.19127120838715,171.6191475535364,175.0042983977884,103049300
2022-04-01,171.53060913085938,172.09152763755276,169.19840379678678,171.2550749570232,78751300
2022-04-04,175.59474182128906,175.6439475646401,171.6585226009615,171.78645453057726,76468400
2022-04-05,172.2686309814453,175.4569739407951,171.638836509714,174.66972709725982,73401800
2022-04-06,169.0901641845703,170.86146610106397,167.4172737694601,169.61171210783138,89058800
2022-04-07,169.39520263671875,170.59575076458447,167.14172361896223,168.4308330803216,77594700
2022-04-08,167.3778839111328,169.0409389910171,166.5020757053073,169.0409389910171,76575500
2022-04-11,163.10708618164062,166.33478478538393,162.8610724769926,166.0198950514866,72246700
2022-04-12,164.9866180419922,167.16137056561655,163.9828780227514,165.3408783419899,79265200
2022-04-13,167.6829376220703,168.3127321148904,164.11082878699807,164.72093797881234,70618900
2022-04-14,162.65443420410156,168.53909354843174,162.40842046943686,167.89944882901148,75329400
2022-04-18,162.43797302246094,163.94357603577927,160.96189045916935,161.3063007146444,69023900
2022-04-19,164.73077392578125,165.14409017149563,161.2964321500132,162.3887336211493,67723800
2022-04-20,164.5634765625,166.1871759578773,163.45150487225482,166.06907917381437,67929800
2022-04-21,163.76641845703125,168.79493971335873,163.26455585195845,166.21672062047585,87227800
2022-04-22,159.21023559570312,165.1932911869879,158.92486628163977,163.8057851903542,84882400
2022-04-25,160.2828369140625,160.56820617483112,155.93331687209525,158.55089100434944,96046400
2022-04-26,154.29981994628906,159.75147779014623,154.22109374803105,159.66291644791357,95623200
2022-04-27,154.07347106933594,157.24211378977282,152.9024434257798,153.42399128149194,88063200
2022-04-28,161.03073120117188,161.89670425341123,156.3958263617354,156.71073111363518,130216800
2022-04-29,155.13624572753906,163.54991794930683,154.7426297819827,159.25943807460507,131747600
2022-05-02,155.4412841796875,155.70696813268697,150.8260653185069,154.21121582715463,123055300
2022-05-03,156.93704223632812,158.1474403507243,153.8274407389376,155.62824765941318,88966500
2022-05-04,163.37283325195312,163.82549019300745,156.72061111124918,157.12407730928973,108256500
2022-05-05,154.27029418945312,161.46373326041538,152.47930702556806,161.23740483289234,130525300
2022-05-06,154.9995574951172,157.1282427342657,151.9444991405495,153.74796732614354,116124600
2022-05-09,149.855224609375,153.5705662251753,149.29349706523496,152.68360662844097,131577900
2022-05-10,152.2696990966797,154.46737635991622,150.71260627459526,153.26506437118704,115366700
2022-05-11,144.37582397460938,153.19605048636845,143.69582622018945,151.27432750923234,142689800
2022-05-12,140.4929656982422,144.08018734631574,136.78748878802156,140.69992744454566,182602000
2022-05-13,144.9770050048828,145.95265608735048,141.03500230205145,142.49353909158592,113990900
2022-05-16,143.4297637939453,145.38106598701418,142.08948225415682,143.43962842487466,86643800
2022-05-17,147.0761260986328,147.5984402531948,144.5532317399834,146.7016310302499,78336300
2022-05-18,138.77822875976562,145.22339732349553,137.8715547980024,144.72079733304852,109742900
2022-05-19,135.35850524902344,139.6060101724561,134.61937984366847,137.85182041341724,136095600
2022-05-20,135.5950469970703,138.65995498562737,130.68725738522548,137.07329814838306,137426100
2022-05-23,141.03500366210938,141.18282274987226,135.65416330433425,135.79213279876197,117726300
2022-05-24,138.32485961914062,139.9115161270146,135.33879411636306,138.76833186496543,104132700
2022-05-25,138.48255920410156,139.73413423560646,136.33415991086508,136.42285136269513,92482700
2022-05-26,141.6952667236328,142.24714462113738,135.15154372635268,135.397918861849,90601500
2022-05-27,147.4703369140625,147.509750328954,143.15383866233717,143.28195857644457,90978500
2022-05-31,146.68194580078125,148.47556460121464,144.71094406186975,146.908621827792,103718400
2022-06-01,146.5537872314453,149.53985256911304,145.53870787317794,147.72652020499015,74286600
2022-06-02,149.01756286621094,149.07669050037924,144.73062893844732,145.68656579095972,72348100
2022-06-03,143.27212524414062,145.82456895882646,142.36546622324047,144.770075780819,88570300
2022-06-06,144.02105712890625,146.41583140720172,142.799030970996,144.89815206168706,71598400
2022-06-07,146.5537872314453,146.83957576238276,142.01062928588593,142.257004413004,67808200
2022-06-08,145.814697265625,147.69699226544608,145.3219468917094,146.42570291726497,53950200
2022-06-09,140.5718231201172,145.80482957531117,140.46341743862806,144.9474487547002,69473000
2022-06-10,135.1417236328125,138.7190811555441,135.07273136179253,138.24604500265073,91437900
2022-06-13,129.96783447265625,133.23968891028474,129.53421176750797,130.94347052169286,122207100
2022-06-14,130.83506774902344,131.94868835400084,129.57362805380447,131.19971323419813,84784300
2022-06-15,133.4663543701172,135.34866434133303,130.24377786500034,132.3428841585756,91533000
2022-06-16,128.17420959472656,130.47042786825955,127.16899474112004,130.16492507881696,108123900
2022-06-17,129.6524658203125,131.15043105016284,127.92783964673345,128.18407944512376,134520300
2022-06-21,133.89999389648438,135.07274229839362,131.38697879244958,131.48551985360913,81000500
2022-06-22,133.3875274658203,135.76257275465719,131.96840403366457,132.8356344352228,73409200
2022-06-23,136.26516723632812,136.58051959738074,133.6634463480769,134.8361944256016,72433800
2022-06-24,139.6060028076172,139.85237792973814,137.7434074858847,137.87151232385762,89116800
2022-06-27,139.6060028076172,141.40947050604774,138.92600506455636,140.6309166991209,70207900
2022-06-28,135.44720458984375,141.34049395514106,135.328949330103,140.06920480029078,67083400
2022-06-29,137.2112579345703,138.63038134531047,134.6883785543866,135.46693252662052,66242400
2022-06-30,134.7376251220703,136.36369487845758,131.83040175040082,135.25993916685138,98964500
2022-07-01,136.9155731201172,137.02397877335144,133.6929974092828,134.06747736246527,71051600
2022-07-05,139.50746154785156,139.5567395850138,134.9445889899598,135.77242091666662,73353800
2022-07-06,140.84774780273438,142.03034554759492,139.03443025811183,139.30051963790794,74064300
2022-07-07,144.22802734375,144.42512446788226,141.20253310502923,141.21238269809453,66253700
2022-07-08,144.9080047607422,145.4106197017086,142.89759010951482,143.1538148575739,64547800
2022-07-11,142.7694854736328,144.51382597051048,141.69529329047643,143.55788906254995,63141600
2022-07-12,143.74510192871094,146.29754458624,142.94684893861873,143.64654586479216,77588800
2022-07-13,143.38052368164062,144.32659607398423,140.05937560083458,140.91677156348607,71185600
2022-07-14,146.3172607421875,146.7902967726585,141.17294691848926,141.99091413969506,78140700
2022-07-15,147.99266052246094,148.67265851350987,146.0512226491225,147.60831579328757,76259900
2022-07-18,144.93759155273438,149.37234459214557,144.5729460772953,148.55437722703743,81420900
2022-07-19,148.8105926513672,149.03725358197892,144.7798987508147,145.77524895701922,82982400
2022-07-20,150.82102966308594,151.49117799927419,148.18974443892895,148.92887000877803,64823400
2022-07-21,153.09756469726562,153.31437608958467,149.73700315387032,152.2598829508012,65086600
2022-07-22,151.85580444335938,154.01405345612082,151.1856711624816,153.13695840464973,66675400
2022-07-25,150.73231506347656,152.79200772624299,150.07203146028309,151.77694330248553,53623900
2022-07-26,149.4019012451172,150.87028755705626,148.61349773507445,150.05232023117222,55138700
2022-07-27,154.5166473388672,155.04882613514658,149.95378934695273,150.36769783431046,78620700
2022-07-28,155.0685272216797,155.35431578247076,152.17115301810267,154.70388176992367,81378700
2022-07-29,160.15374755859375,161.2575188039347,157.1873952313818,158.90217222924232,101786900
2022-08-01,159.16819763183594,161.21804069901455,158.5571920674769,158.67544732830873,67829400
2022-08-02,157.68997192382812,160.0551827813026,157.31549185882793,157.77867842117527,59907000
2022-08-03,163.72125244140625,164.17457438761855,158.41925333428367,158.50794479712317,82507500
2022-08-04,163.40586853027344,164.76586430720064,162.04587275334626,163.60296566260632,55474100
2022-08-05,163.17889404296875,163.6723288419394,160.85974446443265,161.06699370571175,56697000
2022-08-08,162.7052001953125,165.60659947941937,162.04399931317954,164.18550472324978,60276900
2022-08-09,162.75453186035156,163.6427235312398,161.10646144310655,161.86635524789833,63135500
2022-08-10,167.01780700683594,167.11648492615134,164.70852083002953,165.47827786948693,70170500
2022-08-11,166.27764892578125,168.7448226972921,165.98158506151321,167.82702622390457,57149200
2022-08-12,169.8402862548828,169.90935930547295,167.17572594186316,167.59022447915197,68039400
2022-08-15,170.9159393310547,171.1133102288565,169.10010297778325,169.2678689938365,54091700
2022-08-16,170.75807189941406,171.42915116082955,169.40606515854284,170.51135446153611,56377100
2022-08-17,172.25808715820312,173.83706944158646,170.3040896179902,170.50146052110878,79542000
2022-08-18,171.86334228515625,172.60349451732048,170.8468677576589,171.4686004513763,62290100
2022-08-19,169.2678680419922,171.45871962967124,169.06061881248345,170.75803562921558,70346300
2022-08-22,165.3697509765625,167.62967580149297,164.94538920566245,167.461909771558,69026800
2022-08-23,165.0341796875,166.49475736672866,164.4617935794401,164.88615528818852,54147100
2022-08-24,165.33023071289062,165.90261677652632,164.06703907536092,165.1229965699385,53841500
2022-08-25,167.7974395751953,167.9059958352742,166.13950584864693,166.56385255540565,51218200
2022-08-26,161.47161865234375,168.8040684970926,161.41240887853596,168.33037524819332,78961000
2022-08-29,159.2610321044922,160.76106316026429,157.72151782921043,159.03404123840198,73314000
2022-08-30,156.82347106933594,160.42553952970596,155.64909369131306,160.0011927774789,77906200
2022-08-31,155.1556396484375,158.47152210531658,155.07668827346,158.20506309707196,87991100
2022-09-01,155.8859405517578,156.33989216971713,152.6391308869704,154.5832653521816,74229900
2022-09-02,153.76412963867188,158.2543887367361,152.93516289828764,157.65239775798332,76957800
2022-09-06,152.50094604492188,155.0273296121399,151.6719792603848,154.4154753271388,73714800
2022-09-07,153.9121856689453,154.61285463504657,151.59303614241935,152.78715495485997,87449600
2022-09-08,152.431884765625,154.30693097885487,150.6752430270464,152.60951406525444,84923800
2022-09-09,155.3036651611328,155.74776853082003,152.71807161072002,153.42861893209738,68028800
2022-09-12,161.28407287597656,162.10317635640433,157.2083121383532,157.49449766359504,104956000
2022-09-13,151.82000732421875,158.4320302699307,151.35617743298022,157.80043436290458,122656600
2022-09-14,153.2707061767578,155.0372110898694,151.59303096684667,152.75752979849568,87965400
2022-09-15,150.3693084716797,153.2016343191028,149.39231725485783,152.6193698403597,90481100
2022-09-16,148.72125244140625,149.36272674550892,146.4218443622924,149.22456559759132,162278800
2022-09-19,152.45159912109375,152.53055048964774,147.14225134713436,147.34948551345897,81474200
2022-09-20,154.83982849121094,156.00434240653766,151.06999458899193,151.3857850189289,107689800
2022-09-21,151.7015838623047,156.65567307047792,151.58316433856976,155.2740467070239,101696800
2022-09-22,150.7344512939453,152.44173129494766,148.92847832058902,150.37917767527796,86652500
2022-09-23,148.4547576904297,149.4811103065939,146.60931671774625,149.2047880772648,96029900
2022-09-26,148.7903594970703,151.75096880822056,147.67519183783702,147.69493344960722,93339400
2022-09-27,149.76734924316406,152.68849035626477,147.98111738826654,150.73449244930677,84442700
2022-09-28,147.87254333496094,148.66204205913598,142.9381951319115,145.70143313730634,146691400
2022-09-29,140.6091766357422,144.79350916804302,138.83280834097133,144.18165483368003,128138200
2022-09-30,136.3853759765625,141.2210460611346,136.18800506786133,139.42493615755308,124925300
2022-10-03,140.57955932617188,141.19142866488522,135.88206585827712,136.39524222216883,114311700
2022-10-04,144.18165588378906,144.30007541815792,142.36580435900075,143.12569817421627,87830100
2022-10-05,144.4777069091797,145.44484998263232,141.13221948664446,142.17831393701783,79471000
2022-10-06,143.52044677734375,145.60274235287363,143.31321258240413,143.895462065149,68402200
2022-10-07,138.2505645751953,141.22105183590455,137.61896860646343,140.6683921871329,85925600
2022-10-10,138.57623291015625,140.0269324842531,136.75053311295184,138.57623291015625,74899000
2022-10-11,137.1551055908203,139.49399631870364,136.40509026460117,138.06302363574838,77033700
2022-10-12,136.52354431152344,138.51702522883681,136.3459150018641,137.3031797708572,70433700
2022-10-13,141.1125030517578,141.70461583345536,132.60567604457702,133.21754549496526,113224000
2022-10-14,136.56301879882812,142.62239748423457,136.37551116721934,142.41514824444727,88598000
2022-10-17,140.5400848388672,141.0236412417774,138.4281847753723,139.21768336307096,85250900
2022-10-18,141.8625030517578,144.77376532008952,138.76373315265158,143.57966155321216,99136600
2022-10-19,141.97105407714844,143.0467382727137,139.6420413366173,139.82954896048238,61758300
2022-10-20,141.50721740722656,143.97439116428012,140.77692855410262,141.14208050988137,64522000
2022-10-21,145.33628845214844,145.90867462024406,140.7769407155068,140.99405322955806,86548600
2022-10-24,147.48764038085938,148.25739736853123,144.08294369562876,145.25732078304517,75981900
2022-10-25,150.3397216796875,150.48776116501867,147.39885428402872,148.1192649256449,74732300
2022-10-26,147.3889617919922,149.99429659795183,146.09615013348827,148.97782224560154,88194300
2022-10-27,142.89871215820312,147.09290769599798,142.2375113745511,146.12577976482095,109180200
2022-10-28,153.695068359375,155.4319533375391,145.87906336998515,146.25406355734995,164762400
2022-10-31,151.32656860351562,152.21476020669766,149.92521569193562,151.14893931793952,97943200
2022-11-01,148.67190551757812,153.4088828100258,147.17187450407766,153.04374586124993,80379300
2022-11-02,143.1256866455078,150.1719344831505,143.09608176430027,146.9942133937789,93604600
2022-11-03,137.0564727783203,140.9250003088778,136.9281748948541,140.19471128840124,97918500
2022-11-04,136.78956604003906,141.03025327243037,132.83553912246873,140.45691755937278,140814800
2022-11-07,137.32334899902344,137.55070131674174,134.1107022229699,135.53415428478314,83374600
2022-11-08,137.8966827392578,139.80449340378325,135.90978972981833,138.79622744381308,89908500
2022-11-09,133.3199005126953,136.95761319516816,133.04311982943733,136.90818484099725,74917800
2022-11-10,145.18194580078125,145.18194580078125,137.89665767367404,139.61666442522355,118854000
2022-11-11,147.97943115234375,148.285865777023,142.7106893014463,144.14403590087628,93979700
2022-11-14,146.5757598876953,148.5527731206919,145.73552323030617,147.25783186642536,73374100
2022-11-15,148.3155517578125,151.82475387007386,146.85256593568872,150.47050439791028,89868300
2022-11-16,147.07989501953125,148.14748399123684,145.5971350727314,147.41599873753398,64218300
2022-11-17,148.98773193359375,149.73899160011717,144.47024904717685,144.747029718181,80389400
2022-11-18,149.5511474609375,150.94494529919749,148.24632667446954,150.5594283528078,74829600
2022-11-21,146.30886840820312,148.6417447784354,146.02220810744817,148.43416682216127,58724100
2022-11-22,148.4539031982422,148.6911501950918,145.24125698087363,146.42747688170903,51804100
2022-11-23,149.33370971679688,150.08496935516192,147.62358231947215,147.73231865639212,58301400
2022-11-25,146.40768432617188,147.16883848178387,145.42905755467072,146.60538259059544,35195900
2022-11-28,142.5624237060547,144.95460787890806,141.73208177830335,143.47184797217477,69246000
2022-11-29,139.54747009277344,143.14563338917574,138.7369025521412,142.63160575157164,83763800
2022-11-30,146.32862854003906,147.01070049689147,138.93460350915308,139.77482505617792,111380900
2022-12-01,146.6054229736328,147.41600568948158,144.92496463802757,146.5065813559001,71250400
2022-12-02,146.11114501953125,146.29896367002118,143.97596733513902,144.2824170237034,65447400
2022-12-05,144.9447784423828,149.18546660763784,144.0946618647605,146.07167575844784,68826400
2022-12-06,141.26747131347656,145.6070143612091,140.28884442227303,145.37966208348357,64727200
2022-12-07,139.32012939453125,141.72219330934035,138.39093073198447,140.55576270463825,69721100
2022-12-08,141.01048278808594,141.87049392300491,139.47830938217072,140.72382246539036,62128300
2022-12-09,140.526123046875,143.89693468072133,139.28059488984613,140.70404702164143,76097000
2022-12-12,142.82933044433594,142.83921008074833,139.4387448115005,141.0598951045821,70462700
2022-12-13,143.79808044433594,148.24636089095367,142.58222134561697,147.7817615043003,93886200
2022-12-14,141.5640411376953,144.9743859949628,139.5375995292449,143.67944472283807,82291200
2022-12-15,134.93115234375,140.17024039649047,134.46655303010576,139.48816842184618,98931900
2022-12-16,132.96401977539062,136.06792995299983,132.19298581991796,135.1189720463015,160156900
2022-12-19,130.8486328125,133.64610870665976,129.81071279854106,133.55714671976315,79592600
2022-12-20,130.77943420410156,131.7185125149171,128.39712953221752,129.87988952300458,77432800
2022-12-21,133.89320373535156,135.23757319201226,131.22423917558152,131.45159144947942,85928000
2022-12-22,130.71022033691406,133.0134424692819,128.802409885042,132.80586453500828,77852100
2022-12-23,130.34449768066406,130.8980590346716,128.150011539123,129.4152989435447,63814900
2022-12-27,128.53550720214844,129.8996510860134,127.24056601774359,129.86999709579138,69007800
2022-12-28,124.59139251708984,129.52403912125024,124.42334817846398,128.17966932882732,85438400
2022-12-29,128.12037658691406,128.98037274089862,126.26198637816472,126.51899273546343,75703700
2022-12-30,128.43666076660156,128.45643512279935,125.9654017030859,126.93414153068441,77034200
2023-01-03,123.63252258300781,129.39551044224086,122.74286511723291,128.7826411649236,112117500
2023-01-04,124.90769958496094,127.18126787275598,123.64241229292817,125.4316068972832,89113600
2023-01-05,123.58309173583984,126.30148488412831,123.32608545003059,125.66884126386319,80962700
2023-01-06,128.13026428222656,128.7925621196702,123.45463069594648,124.56176117984005,87754700
2023-01-09,128.65414428710938,131.87668586554148,128.3971379685157,128.97047367930062,70790800
2023-01-10,129.2274627685547,129.7513700565325,126.64745995571087,128.76286346285156,63896200
2023-01-11,131.95574951171875,131.97550878336855,128.96057576470602,129.7414893304502,69458900
2023-01-12,131.87667846679688,132.71690008626126,129.92931912019301,132.34127780837738,71379600
2023-01-13,133.21112060546875,133.3692852537278,130.14675973335716,130.51250228447162,57809700
2023-01-17,134.3776092529297,135.7120843078782,132.58841445883436,133.2803661632613,63646600
2023-01-18,133.65599060058594,137.01690717262807,133.47805156045354,135.24748690824802,69672800
2023-01-19,133.71530151367188,134.68403382720132,132.23254150823482,132.53897616267878,58280400
2023-01-20,136.28541564941406,136.43370070636414,132.67737218152695,133.72518688361293,80223600
2023-01-23,139.48818969726562,141.67279627654958,136.3150763566329,136.5325490508029,81760300
2023-01-24,140.891845703125,141.51460969317372,138.68748018952127,138.6973598255773,66435100
2023-01-25,140.22955322265625,140.79299416676852,137.21460493959157,139.27070057060922,65799300
2023-01-26,142.305419921875,142.59208020551668,140.26908361074402,141.52449124388164,54105100
2023-01-27,144.25277709960938,145.53783884062292,141.43554202324185,141.51462437013356,70555800
2023-01-30,141.3564453125,143.87714018615392,141.208175354279,143.29392490593287,64015300
2023-01-31,142.63160705566406,142.68103540109175,140.64471427014323,141.05988522159177,65874500
2023-02-01,143.75851440429688,144.92496009089808,139.69576656602072,142.31530314667881,77663600
2023-02-02,149.08657836914062,149.44242627870938,146.46702672863907,147.18863235095503,118339000
2023-02-03,152.72425842285156,155.57116204732878,146.13092169771272,146.32861998643196,154357300
2023-02-06,149.98609924316406,151.34036351523568,149.0470210083263,150.8164562342184,69858300
2023-02-07,152.87255859375,153.4458943027817,148.9086520667493,148.9086520667493,83322600
2023-02-08,150.1739501953125,152.80338188493596,149.4325701004995,152.1114301464605,64120100
2023-02-09,149.13597106933594,152.55621020156494,148.69114616029947,152.01252860900382,56007100
2023-02-10,149.50230407714844,149.8290111554016,147.73018216274517,147.9677914305051,57450700
2023-02-13,152.31396484375,152.71985991539307,149.41321016170093,149.44290943263957,62199000
2023-02-14,151.67044067382812,152.23475701699866,149.35380697400552,150.60122163396125,61707600
2023-02-15,153.7791748046875,153.94747569846558,151.3536388197947,151.58133825179516,65573800
2023-02-16,152.1753692626953,154.7692064041291,151.81896289081203,151.97735397330246,68167900
2023-02-17,151.0269317626953,151.47243590583543,149.34390771836374,150.8289315997935,59144100
2023-02-21,146.99755859375,149.7894107206676,146.92826533516197,148.70038717333577,58867200
2023-02-22,147.4232940673828,148.45290411559392,145.69076597475495,147.38368496565576,51011300
2023-02-23,147.90838623046875,148.83900369928494,145.76996312428713,148.59149969615066,48394200
2023-02-24,145.24525451660156,145.72045796846467,144.26513323484133,145.64125487541327,55469600
2023-02-27,146.4431610107422,147.6806809778149,145.97785229460726,146.23526611588312,44998500
2023-02-28,145.93826293945312,147.59158785522064,145.36405184371336,145.58185657335414,50547000
2023-03-01,143.8592071533203,145.76003585720164,143.5621993638043,145.36403554214274,55479000
2023-03-02,144.45323181152344,145.24524759786468,142.46329007120497,142.93850860687647,52238100
2023-03-03,149.5220947265625,149.60129780845313,145.85903905116976,146.56194185497878,70732300
2023-03-06,152.29415893554688,154.73949959731118,151.92785785960842,152.25454983701871,87558000
2023-03-07,150.08644104003906,152.49217281957698,149.62113228238874,152.16546570634722,56182000
2023-03-08,151.34373474121094,151.93775035888638,150.31412479121082,151.28433620073233,47204800
2023-03-09,149.08648681640625,152.99704649679572,148.73008049756518,152.02683517023416,53833600
2023-03-10,147.0173797607422,149.43302127956616,146.1362661024609,148.7103138108838,68572400
2023-03-13,148.9676971435547,151.6110378452132,146.2253488070177,146.33425116280637,84457100
2023-03-14,151.0665283203125,151.86843881288326,148.60139830336453,149.7696098588517,73695900
2023-03-15,151.4625244140625,151.71992308668965,148.42316862217967,149.6804929323757,77167900
2023-03-16,154.2939910888672,154.89790141964556,150.1260173130943,150.64082983435895,76161100
2023-03-17,153.45248413085938,155.17511745555205,152.7396713831552,154.52170325241562,98944600
2023-03-20,155.82852172851562,156.24434176719376,152.61096953502098,153.52179760346752,73641400
2023-03-21,157.6897430419922,157.80854012474336,154.97709383642948,155.7493201936468,73938300
2023-03-22,156.2542266845703,160.5211932163919,156.23442213481738,157.70955140928402,75701800
2023-03-23,157.3432159423828,159.93706781022715,156.10569609721924,157.24422341863578,67622100
2023-03-24,158.6500701904297,158.73916800835937,156.27403774029648,157.27394850099208,59196500
2023-03-27,156.69972229003906,159.1648674270664,156.29381212775743,158.34315238139064,52390300
2023-03-28,156.07598876953125,156.90761354343223,154.4226641545453,156.39280108462546,45992200
2023-03-29,159.16490173339844,159.44210504874283,157.75908060373825,157.77887005022876,51305700
2023-03-30,160.73898315429688,160.8478855082498,159.65986944195512,159.9172681392784,49501700
2023-03-31,163.25363159179688,163.35263923391068,160.29349343380431,160.8182007028279,68749800
2023-04-03,164.51095581054688,164.62975289569243,162.58042764470542,162.62993146566447,56976200
2023-04-04,163.97633361816406,165.1742443629799,163.461521135219,164.93665022196166,46278300
2023-04-05,162.12501525878906,163.40214436262949,160.18459235196994,163.09524181864398,51511700
2023-04-06,163.0160369873047,163.3130448064106,160.38259082111486,160.80829044689202,45390100
2023-04-10,160.4122772216797,160.4122772216797,158.48174921205518,159.80836691031573,47716900
2023-04-11,159.19454956054688,160.73897184874764,158.9074365082997,160.7290771287002,47644200
2023-04-12,158.5015411376953,160.44196371360533,158.18472881957942,159.61035403821532,50133100
2023-04-13,163.90704345703125,164.14465273087802,159.80837789845614,160.01628790137767,68445600
2023-04-14,163.56053161621094,164.6594498569072,162.18441013519882,162.9467114928456,49386500
2023-04-17,163.580322265625,163.73872843453088,162.39230621171848,163.4417206444433,41516200
2023-04-18,164.80795288085938,165.73857027099072,163.99613256812546,164.4416518212544,49923000
2023-04-19,165.95640563964844,166.48111297033782,163.8872604852793,164.14467434244943,47720200
2023-04-20,164.98617553710938,166.19399637675156,163.9070616233715,164.431768943132,52456400
2023-04-21,163.37240600585938,164.7881213007603,162.84769885816755,163.4021052703369,58337300
2023-04-24,163.67933654785156,163.94664508043508,162.25371118266517,163.35262947612597,41949600
2023-04-25,162.13491821289062,164.64955210777222,162.09530911482935,163.5407390651718,48714100
2023-04-26,162.12501525878906,163.62984381357916,161.1746083552498,161.43200707778223,45498800
2023-04-27,166.72857666015625,166.8770729984066,163.54072434320634,163.54072434320634,64902300
2023-04-28,167.98590087890625,168.15421688581486,166.2038842356674,166.80779457565893,55209200
2023-05-01,167.8968048095703,168.74821914844807,166.95629265889536,167.5899022757501,52472900
2023-05-02,166.8572998046875,168.6492415594711,165.86728374647268,168.3918277162097,48425700
2023-05-03,165.77816772460938,169.21352427793394,165.4910697460863,167.8077034423993,65136000
2023-05-04,164.13473510742188,165.3722550253471,162.66951575440282,163.24372680909343,81235400
2023-05-05,171.83706665039062,172.55977402605672,169.055109287866,169.27291399392053,113316400
2023-05-08,171.7677459716797,172.1142575536809,170.3916245765101,170.7579255984111,55962800
2023-05-09,170.0550537109375,171.80737116626167,169.88675280256177,171.3222729910744,45326900
2023-05-10,171.82717895507812,172.29248769554175,170.1837487273319,171.29257694818676,53724500
2023-05-11,172.01527404785156,172.84688383352895,170.4510470092042,172.11428168700377,49514700
2023-05-12,171.0833740234375,172.5605284867848,169.52689179090092,172.1243165202818,45497800
2023-05-15,170.58767700195312,171.71785564660993,169.9928397669383,171.66828335580215,37266700
2023-05-16,170.58767700195312,171.64845141401116,170.3199987334625,170.50836436212853,42110300
2023-05-17,171.20233154296875,171.4402543357864,168.9518826544196,170.23077817517168,57951600
2023-05-18,173.5419921875,173.73035780662187,171.09326939359272,171.50964938607018,65496700
2023-05-19,173.6510467529297,174.87044639396197,173.43294078431077,174.87044639396197,55772400
2023-05-22,172.69931030273438,173.20492646986477,171.95577135327312,172.48120433403864,43570900
2023-05-23,170.08206176757812,171.88639029719062,169.80447509030535,171.6385439691014,50747300
2023-05-24,170.35964965820312,170.93465495874622,169.0510289027881,169.61611066863975,45143500
2023-05-25,171.49977111816406,172.40192036340346,170.21096703266915,170.92476575302507,56058300
2023-05-26,173.91873168945312,174.25581421879875,171.61872545109665,171.826923039006,54835000
2023-05-30,175.77261352539062,177.44805707235744,175.04890650518007,175.4355461600694,55964400
2023-05-31,175.72305297851562,177.80496826079084,175.23726871202743,175.80236562165695,99625300
2023-06-01,178.53855895996094,178.56829930609416,175.4057780636658,176.1691489115404,68901800
2023-06-02,179.3911590576172,180.21401063542314,177.7157155545107,179.47047169338217,61945900
2023-06-05,178.03297424316406,183.35670847100744,176.50623240767692,181.05670243794387,121946500
2023-06-06,177.66616821289062,178.56831734898336,175.90148844243106,178.41961560329207,64848400
2023-06-07,176.28814697265625,179.64894264257165,175.79245430672572,176.90280103766142,61944600
2023-06-08,179.01446533203125,179.2821284929526,175.93125619506344,176.367453055308,50214900
2023-06-09,179.40110778808594,180.66015634842165,179.0739487923587,179.93644924551378,48870700
2023-06-12,182.20669555664062,182.30584013644759,179.4109969086846,179.70841552076647,54274900
2023-06-13,181.73086547851562,182.56362563080822,180.868364972737,181.22526434191118,54929100
2023-06-14,182.3653106689453,182.8015225920405,180.45194442949565,181.7903054182597,57462900
2023-06-15,184.40757751464844,184.91319370821412,182.19679249165128,182.37524971506843,65433200
2023-06-16,183.32696533203125,185.37914013584773,182.68257094685526,185.12137027990616,101235600
2023-06-20,183.4161834716797,184.49680491343358,182.82136138571053,182.82136138571053,49799100
2023-06-21,182.37527465820312,183.8127805401231,181.0170663004923,183.3071642774052,49515700
2023-06-22,185.38906860351562,185.43864089866383,182.08775342754114,182.15715766621673,51245300
2023-06-23,185.07183837890625,185.94426246201292,183.41622640471417,183.95158304747224,53079300
2023-06-26,183.67396545410156,186.43001547826037,183.63430156934749,185.22052415803645,48088700
2023-06-27,186.43994140625,186.7671004131867,184.0705308354124,184.28863684003687,50730800
2023-06-28,187.6196746826172,188.26406909954764,185.9838949305078,186.31103877905792,51216800
2023-06-29,187.95672607421875,188.43260188630063,187.3123317121149,187.4511250421375,46347300
2023-06-30,192.29901123046875,192.8046122965116,189.61235036422667,189.9791732182635,85069600
2023-07-03,190.80203247070312,192.20979786240994,190.1080506189076,192.11065327577057,31458200
2023-07-05,189.6817626953125,191.31754248795588,188.97787243386384,189.91970062749374,46920300
2023-07-06,190.1576385498047,190.36583614793244,187.57012195006965,188.20460802565435,45094300
2023-07-07,189.037353515625,191.01021583133178,188.60115666342472,189.76107572138073,46778000
2023-07-10,186.98516845703125,188.35328491241106,185.42868638795846,187.62956280429208,59922200
2023-07-11,186.45973205566406,187.66922322168514,184.9924861809626,187.53042989742065,46638100
2023-07-12,188.13519287109375,190.04855924155865,186.84638895388292,188.0459566971953,60750200
2023-07-13,188.8985595703125,189.5429691298021,188.14511214362412,188.8589108119984,41342300
2023-07-14,189.0472869873047,189.53305615859267,187.99642086899894,188.59124304090398,41573900
2023-07-17,192.31886291503906,192.6460219186536,190.1576348349816,190.24685589214712,50520200
2023-07-18,192.0610809326172,192.65591819761897,190.76236853561463,191.6843647836334,48353800
2023-07-19,193.41929626464844,196.52232225877913,190.99038994943103,191.43652547824442,80507300
2023-07-20,191.46624755859375,194.777470825343,190.84166997972974,193.40935427253197,59581200
2023-07-21,190.2864990234375,193.29039530573385,189.58260879656223,192.42789492586837,71917800
2023-07-24,191.0895233154297,193.230919269526,190.5938306479448,191.7438412670713,45377800
2023-07-25,191.95201110839844,192.76495429080137,191.25804444496833,191.6645160361698,37283200
2023-07-26,192.82444763183594,193.95462630849192,191.6546201978147,192.0015959886147,47471900
2023-07-27,191.55548095703125,195.50119046422063,190.89125457942112,194.33136299756583,47460200
2023-07-28,194.1429901123047,194.9361013981904,192.46754649179775,192.99297950413737,48291400
2023-07-31,194.7576446533203,194.7973085377491,193.57789369266726,194.37100498050742,38824100
2023-08-01,193.92489624023438,195.03524303340677,193.5977372471017,194.5494738750641,35175100
2023-08-02,190.92098999023438,193.4985827896997,190.1972829299724,193.3597894476311,50389300
2023-08-03,189.52313232421875,190.71279169853844,189.04727159995883,189.91969553388512,61235200
2023-08-04,180.42222595214844,185.76579240309633,180.35282171627148,183.92181504025928,115799700
2023-08-07,177.3092803955078,181.5524085909385,175.82220233279125,180.56102321579414,97576100
2023-08-08,178.25108337402344,178.71703568412062,176.05020675575068,178.14203038384454,67823000
2023-08-09,176.65496826171875,179.37135459798415,175.48512561412892,179.3118738938821,60378500
2023-08-10,176.4368438720703,179.1928938087059,176.07003615011226,177.93383023619305,54686900
2023-08-11,176.4964141845703,177.32037701982404,175.26544597344693,176.02984778529373,51988100
2023-08-14,178.15428161621094,178.38260392804418,176.01991561712387,176.67511718788185,43675600
2023-08-15,176.15890502929688,178.1741339293912,175.76182141117968,177.5785085022154,43622600
2023-08-16,175.2853240966797,177.24097688863975,175.21582612983477,175.84124724036067,46964900
2023-08-17,172.73399353027344,176.218449670705,172.21777275650916,175.85114660071363,66062900
2023-08-18,173.22044372558594,173.8260060676773,170.70885281849434,171.04637539663875,61114200
2023-08-21,174.5605926513672,174.84849110751958,172.47588124297116,173.79620604217206,46311900
2023-08-22,175.9404754638672,176.38719824747957,174.96761015656983,175.77171419662545,42084200
2023-08-23,179.80218505859375,180.2290643006026,177.032491470534,177.2211114741355,52722800
2023-08-24,175.09666442871094,179.78232293288016,174.72934624726201,179.35544373491686,54945800
2023-08-25,177.31044006347656,177.84650437604776,174.54074667761984,176.08939374478845,51449600
2023-08-28,178.8789520263672,179.27603559399373,177.25088516267095,178.77967356057698,43820700
2023-08-29,182.7803497314453,183.55467328918405,178.19396940518234,178.39251118833664,53003900
2023-08-30,186.28466796875,186.48322490340712,183.39585240180426,183.59439418869403,60813900
2023-08-31,186.50306701660156,187.7439721096439,186.11590523348306,186.47328650618994,60794500
2023-09-01,188.08151245117188,188.53815704908098,186.91009015003394,188.11129296200212,45732600
2023-09-05,188.31976318359375,188.59772472633045,186.24497340110617,186.91009674606673,45280000
2023-09-06,181.5791473388672,187.4759302206488,180.1496223799182,187.02919231015284,81755800
2023-09-07,176.26808166503906,176.91336139268128,172.27732670257566,173.90539355501954,112488800
2023-09-08,176.88356018066406,178.92858440411607,176.4963984153427,177.05233659559462,65551300
2023-09-11,178.0549774169922,178.98814040153138,176.0496706936909,178.7598181226865,58953100
2023-09-12,175.0172576904297,178.81939272059032,173.5480302988034,178.18404991763566,90370200
2023-09-13,172.9424591064453,176.00997270905043,172.71412167424248,175.22571224634177,84267900
2023-09-14,174.46131896972656,174.8187002110415,172.31703152183695,172.7339737787434,60895800
2023-09-15,173.7366180419922,175.2157822233053,172.5552892315787,175.19592350235882,109205100
2023-09-18,176.6750946044922,178.0748391046168,174.88818834345716,175.1959303652364,67257600
2023-09-19,177.76710510253906,178.32302815377042,175.84121799808253,176.22837977645918,51826900
2023-09-20,174.21315002441406,178.3925098170354,174.1237933470795,177.95570880879336,58436200
2023-09-21,172.66448974609375,175.01725608596104,172.59500693822505,173.27998896827123,63047900
2023-09-22,173.5182342529297,175.79158086544706,172.7836281326413,173.39911221131908,56725400
2023-09-25,174.79885864257812,175.6823824720043,172.88289328236814,172.93253251615403,46172700
2023-09-26,170.70884704589844,173.92526351342306,170.4110267791137,173.54803864674588,64588900
2023-09-27,169.18994140625,171.78095161168793,167.81999260813018,171.36400935593267,66921800
2023-09-28,169.44808959960938,170.77833634094375,166.4004191519846,168.1079059220852,56294400
2023-09-29,169.96429443359375,171.81076180692196,169.10061419351356,170.76839850543928,51814200
2023-10-02,172.48580932617188,173.03181060107437,169.6863201427267,169.97421860938772,52164500
2023-10-03,171.1456298828125,172.366691440067,169.57713912474932,171.0066491138284,49594600
2023-10-04,172.39645385742188,172.9424550881848,169.72602386786275,169.84514590084152,53020300
2023-10-05,173.63735961914062,174.17342391765436,171.42357417816774,172.5254984313363,48527900
2023-10-06,176.19859313964844,176.69495515352654,171.91993985589522,172.53543905358532,57224100
2023-10-09,177.68768310546875,177.74724412480685,174.52089096334598,175.52353680032698,42390800
2023-10-10,177.09202575683594,178.41235043494368,176.65522479291874,176.80414247485348,43698000
2023-10-11,178.4917755126953,178.54141474149296,176.30778577549145,176.90341107776567,47551100
2023-10-12,179.39515686035156,181.01328664519204,177.73729448584749,178.7598141198784,56743100
2023-10-13,177.5487060546875,180.60628286156256,176.84386529966793,180.09999903884182,51427100
2023-10-16,177.4196319580078,177.77701319881453,175.22570528432323,175.46396449411634,52517000
2023-10-17,175.86105346679688,177.12181720914745,173.52816111664285,175.3646914585386,57549400
2023-10-18,174.5605926513672,176.28793794498117,173.83590833900334,174.30248985254676,54764400
2023-10-19,174.18336486816406,176.5460377577175,173.9153251388443,174.75913147519677,59302900
2023-10-20,171.6221466064453,174.14365914589465,171.38388737014972,174.03445888939677,64189300
2023-10-23,171.7412567138672,172.7439025281915,168.69358667928853,169.66646713238327,55980100
2023-10-24,172.17807006835938,172.4063923696406,170.20254365913797,171.7909082758531,43816600
2023-10-25,169.85511779785156,171.8008487599163,169.4083797866938,170.62944146713008,57157000
2023-10-26,165.6757049560547,170.13304109397222,164.46458048468762,169.13038017633548,70625300
2023-10-27,166.99606323242188,167.7306845808466,165.6161772243234,165.6955969766749,58499100
2023-10-30,169.05096435546875,169.92456632823416,167.6412980843576,167.79021577395145,51131000
2023-10-31,169.52749633789062,169.6565401685357,166.67836791176023,168.11782995408234,44846000
2023-11-01,172.70420837402344,172.9623111800798,168.88221462983017,169.75581666227828,56934900
2023-11-02,176.27801513671875,176.48647870246754,174.18336680542194,174.2429278242073,77334800
2023-11-03,175.36471557617188,175.53349201222565,172.0887379893404,172.9722618796391,79763700
2023-11-06,177.9259490966797,178.12449090151532,174.92793300379333,175.09669429529205,63841300
2023-11-07,180.4971160888672,181.1126002277605,177.66784614167742,177.87630973489087,70530000
2023-11-08,181.55931091308594,182.11523398810698,180.26876654734838,181.023246561535,49340300
2023-11-09,181.0828094482422,182.78035920210118,180.4871689201494,181.62881074103257,53763500
2023-11-10,185.28753662109375,185.45653538852346,182.4346699752206,182.87204642986097,66133400
2023-11-13,183.6970977783203,184.9197527658604,183.1106225987718,184.71101456121173,43627500
2023-11-14,186.32135009765625,186.987349680322,185.18815428767326,186.579792942837,60108400
2023-11-15,186.88792419433594,188.3690371233907,186.65930111391893,186.72889062449767,53790500
2023-11-16,188.57781982421875,189.82035984023278,187.52413314974999,188.43865594913416,54412900
2023-11-17,188.55792236328125,189.24380683321974,187.44461143684416,189.11457782649978,50922700
2023-11-20,190.30740356445312,190.76466491067268,188.7467813740569,188.75671623264228,46505100
2023-11-21,189.50225830078125,190.37701130719432,188.60763557529475,190.26766718139268,38134500
2023-11-22,190.1682586669922,191.77858564632436,189.69112755602794,190.3471923134316,39617700
2023-11-24,188.8362274169922,189.76066973573458,188.12052328802685,189.73084999433786,24048300
2023-11-27,188.6573028564453,189.53205575999598,187.77261509452617,188.78653185384877,40552600
2023-11-28,189.263671875,189.9396214691522,188.26963995303524,188.64737693705334,38415400
2023-11-29,188.2398223876953,190.9435904601538,187.84221568139642,189.76069003248776,43014200
2023-11-30,188.8163604736328,189.1841625986753,187.06686975200412,188.70701635554832,48794400
2023-12-01,190.0986785888672,190.41676093068807,188.1006646303825,189.19410585978827,45679300
2023-12-04,188.29945373535156,188.91576382150808,186.33127483914026,188.84617430866663,43389500
2023-12-05,192.26565551757812,193.23980256929687,189.0449865799245,189.07482149235318,66628400
2023-12-06,191.17222595214844,193.5976510937421,190.9634725753497,193.28950362567244,41089700
2023-12-07,193.110595703125,193.83623479668313,192.43464607405332,192.4744158469115,47477700
2023-12-08,194.5419921875,194.8203199094653,192.5141585929263,193.04099429291227,53377300
2023-12-11,192.027099609375,192.33526227849603,190.2776087030193,191.95752525473316,60943700
2023-12-12,193.54795837402344,193.5578932326663,190.57579752571402,191.92768151957463,52696900
2023-12-13,196.778564453125,196.8183190559037,193.68712459255818,193.925682544677,70404200
2023-12-14,196.92767333984375,198.4286561477334,194.9893140401918,196.83821410318075,66831600
2023-12-15,196.3909149169922,197.21594815206504,195.82430938091503,196.3511451419736,128256700
2023-12-18,194.7209014892578,195.45649052996882,193.2298536912898,194.9197048287757,55751900
2023-12-19,195.76466369628906,195.77459855586707,194.72092706706565,194.98931995291727,40714100
2023-12-20,193.667236328125,196.50021813416774,193.667236328125,195.72487446786357,52242800
2023-12-21,193.5181121826172,195.90379770975298,192.34516188676014,194.9296507492267,46482500
2023-12-22,192.44459533691406,194.24379077463595,191.8183503425399,194.01515250091973,37122800
2023-12-26,191.8978729248047,192.73285613100865,191.67918468017166,192.45452839560733,28919300
2023-12-27,191.9972686767578,192.34518593287333,189.94956524818429,191.34121910492223,48087700
2023-12-28,192.42469787597656,193.49825415286705,192.01714115491455,192.98135331561093,34049900
2023-12-29,191.38096618652344,193.23980104114617,190.58573760932344,192.7427850763616,42628800
2024-01-02,184.53208923339844,187.31538170646215,182.79253333369908,186.03307200647276,82488700
2024-01-03,183.150390625,184.77066759112085,182.3352771284137,183.1205708792931,58414500
2024-01-04,180.82435607910156,181.99730650228184,179.80050438167336,181.06291404030495,71983600
2024-01-05,180.09869384765625,181.6692660827433,179.09472708075188,180.90387243418792,62303300
2024-01-08,184.4525604248047,184.49233019548157,180.41679326133186,181.0032684531674,59144500
2024-01-09,184.03506469726562,184.04499955584959,181.63944418662982,182.82234457021028,42841800
2024-01-10,185.0788116455078,185.2875498615879,182.82235486658107,183.24979649333252,46792900
2024-01-11,184.48236083984375,185.93365396302406,182.52411695157394,185.4266880302128,49128400
2024-01-12,184.81040954589844,185.6255229866903,184.08477050382692,184.9495734055796,40444700
2024-01-16,182.53408813476562,183.16031793652851,179.85018978995151,181.07285998444632,65603000
2024-01-17,181.58975219726562,181.83826018866833,179.2239664331644,180.18817865322478,47317400
2024-01-18,187.50425720214844,188.01120805146246,184.72096462518135,184.97940747954695,78005800
2024-01-19,190.416748046875,190.80441988057507,187.69311035236996,188.2000611602168,68741000
2024-01-22,192.73284912109375,194.16425751836653,191.11257223144145,191.15234200232317,60133900
2024-01-23,194.01515197753906,194.58175747905844,192.67321792314553,193.8561183903394,42355600
2024-01-24,193.33920288085938,195.20798769039715,193.18015413797895,194.25371040083746,53631300
2024-01-25,193.0111846923828,195.0986578845498,191.95751323703675,194.0549212884663,54822100
2024-01-26,191.27162170410156,193.59765277461963,190.79449062577763,193.11058683739938,44594000
2024-01-29,190.5857391357422,191.05293535979936,188.44857653714126,190.8640668648328,47145600
2024-01-30,186.91775512695312,190.65532484477694,186.35116482109103,189.80045678886228,55859400
2024-01-31,183.29946899414062,185.98336715144941,183.24977953529768,185.92371249893742,55467800
2024-02-01,185.74481201171875,185.83427124755644,182.72296153753896,182.8919451500293,64885400
2024-02-02,184.7408447265625,186.21200777158808,178.18022776276848,178.78658786144558,102518000
2024-02-05,186.55990600585938,188.120543422021,184.73089088840356,187.02710222804,69668800
2024-02-06,188.1702423095703,188.180177168222,185.65534280788862,185.74480203892318,43490800
2024-02-07,188.27960205078125,189.9098139006124,187.48437342868021,189.5022571462235,53439000
2024-02-08,187.19610595703125,188.40881099372643,186.23189374257132,188.25971226684047,40962000
2024-02-09,187.9624786376953,189.0971204380579,187.11646725876852,187.76340641648085,45155200
2024-02-12,186.2704620361328,187.78332288230948,185.91215328801408,187.53449778464588,41781900
2024-02-13,184.1703643798828,185.33487911795885,182.64755610649428,184.89694454758455,56529500
2024-02-14,183.2845458984375,184.65806518525375,181.58259087415234,184.44906062504626,54630500
2024-02-15,182.9959259033203,183.62296999377594,180.4977274519665,182.68738521978767,65434500
2024-02-16,181.45318603515625,183.981257173353,180.81619448303394,182.5579699194549,49701400
2024-02-20,180.70672607421875,181.5726325042779,179.15405998428736,180.93564089848354,53665600
2024-02-21,181.4631805419922,182.03049388623003,179.81097819372195,181.08496152111414,41529700
2024-02-22,183.5035400390625,184.09077884972692,181.60252771208349,182.6177232415446,52292200
2024-02-23,181.66221618652344,184.17036202409395,181.37357059288817,184.1405042298665,45119700
2024-02-26,180.30862426757812,181.90109579673225,179.80101134340092,181.38355052297356,40867400
2024-02-27,181.77169799804688,183.05562869813585,178.71611879819,180.24888975946536,54318900
2024-02-28,180.5673828125,182.25939032452453,179.28345207788615,181.6522565198894,48953900
2024-02-29,179.90052795410156,181.71198177710176,178.6862603817135,180.41808835882694,136682600
2024-03-01,178.815673828125,179.6815803178056,176.54639012704013,178.7061901764464,73488000
2024-03-04,174.27708435058594,176.0686126971914,172.97322823226915,175.32213749041347,81510100
2024-03-05,169.32049560546875,171.2314705105848,168.82284541599856,169.95748724050745,95132400
2024-03-06,168.32518005371094,170.43522699407845,167.88724549652,170.256065044738,68587700
2024-03-07,168.2057647705078,169.92763018116116,167.6981670423948,168.35505375316498,71765100
2024-03-08,169.92762756347656,172.8836708711805,168.14604658720506,168.20576217934803,76114600
2024-03-11,171.93814086914062,173.56048535052068,171.2414336396481,172.12725037151972,60139500
2024-03-12,172.41586303710938,173.2121062975323,170.20629520329734,172.3362371923594,59825400
2024-03-13,170.32574462890625,172.37606081011293,169.95747319192603,171.95803650796105,52488700
2024-03-14,172.1869659423828,173.49080701178275,171.2414336176872,172.0973925529764,72913500
2024-03-15,171.80874633789062,171.80874633789062,169.48969463541124,170.3655638276482,121664700
2024-03-18,172.90357971191406,176.87483361469177,172.70452267737835,174.7448914522954,75604200
2024-03-19,175.25247192382812,175.77997984762692,172.21680308785983,173.52064400091257,55215200
2024-03-20,177.83030700683594,177.83030700683594,174.2671300256647,174.89417408943874,53423100
2024-03-21,170.5646209716797,176.65586961417029,170.03711298613993,176.2179350177799,106181300
2024-03-22,171.47035217285156,172.23673773536032,169.26078406375387,170.95279171103329,71106600
2024-03-25,170.0470733642578,171.13194711675717,168.65364374159117,169.76839047714014,54288300
2024-03-26,168.9124298095703,170.61438491064948,168.78303590364706,169.20106023000122,57388400
2024-03-27,172.49551391601562,172.78415954350993,169.31055559917013,169.60914876354798,60273300
2024-03-28,170.67410278320312,171.4205780589011,169.70866021166748,170.94283813483634,65672700
2024-04-01,169.2309112548828,170.4451788535061,168.68349304450714,170.38546326457012,46240500
2024-04-02,168.04649353027344,168.54414366405445,167.43935975957754,168.28537106183597,49329500
2024-04-03,168.85269165039062,169.8778497555363,167.78772821512752,167.99673277562965,47691700
2024-04-04,168.026611328125,171.11203328162168,168.026611328125,169.48968886138192,53704400
2024-04-05,168.7830352783203,169.5892261323792,168.15599119757314,168.79298281447828,42055200
2024-04-08,167.65834045410156,168.40481571452685,167.4493358859462,168.23561647794648,37425500
2024-04-09,168.8726043701172,169.2806811483862,167.55881583801002,167.90716183961618,42451200
2024-04-10,166.99148559570312,168.29532657810816,166.3246362072623,168.0066961691415,49709300
2024-04-11,174.21737670898438,174.63541624491384,167.36972023014152,167.5488670137579,91070300
2024-04-12,175.72027587890625,177.52176704196785,173.39127675717174,173.44102962389059,101593300
2024-04-15,171.87840270996094,175.7998881273465,171.68929323241036,174.53585255667426,73531800
2024-04-16,168.583984375,172.94338974194338,167.47920033817573,170.94284143183614,73711200
2024-04-17,167.21046447753906,169.84800441976404,167.21046447753906,168.81289870293196,50901200
2024-04-18,166.2549591064453,167.8474456964944,165.7672716683895,167.24031189258443,43122900
2024-04-19,164.2245635986328,165.6179780634261,163.3088890664717,165.42888374733738,67772100
2024-04-22,165.0605926513672,166.4739172082034,163.99562926284756,164.74210446317437,48116400
2024-04-23,166.11561584472656,166.26492000363532,164.14492548116624,164.57291251221173,49537800
2024-04-24,168.2256622314453,168.50434510258808,165.42887079721268,165.75730653407012,48251800
2024-04-25,169.09158325195312,169.80820075027214,167.3597550998357,168.73327450279362,50558300
2024-04-26,168.5043487548828,170.53475474394267,168.38490238817732,169.081624768213,44838400
2024-04-29,172.68460083007812,175.20270935632288,172.28648678772151,172.55520693212748,68169400
2024-04-30,169.52951049804688,174.1676137755898,169.20105955998108,172.51541154910535,65934800
2024-05-01,168.5043487548828,171.89832652202932,168.31523926242042,168.78303163206596,50383100
2024-05-02,172.21682739257812,172.6049939419865,170.08688513916925,171.69926693100732,94214900
2024-05-03,182.51817321777344,186.12115543095717,181.80155578938326,185.7727942523785,163224100
2024-05-06,180.8560333251953,183.3343214775735,179.5720873686165,181.4930249418685,78569700
2024-05-07,181.54278564453125,184.0310366275269,180.46787458450643,182.58785409480518,77305800
2024-05-08,181.8811798095703,182.20963072654146,180.5972339353124,181.9906634485607,45057100
2024-05-09,183.70260620117188,183.792179594264,181.2541604804327,181.70204263297254,48983000
2024-05-10,182.4368438720703,184.47000383075684,181.51992740382525,184.28063783698332,50759500
2024-05-13,185.656005859375,186.47326635748277,184.0015628078464,184.8188233059542,72044800
2024-05-14,186.8021697998047,187.66926595480425,185.6659889969534,186.8819036535792,52393600
2024-05-15,189.08450317382812,190.0113806876588,186.74236879853999,187.28056849688068,70400000
2024-05-16,189.2041015625,190.45989075478766,189.02471179656044,189.83199615864385,52845200
2024-05-17,189.23399353027344,190.17084727488813,188.54630236847427,188.87519880271202,41282900
2024-05-20,190.40008544921875,191.27714266640717,188.37688635675946,188.69582178398366,44361300
2024-05-21,191.70570373535156,192.08442053272114,190.28048580582154,190.44991454290118,42309400
2024-05-22,190.2605438232422,192.17412585880137,189.63266445026173,191.625965130265,34648500
2024-05-23,186.25401306152344,190.36020743395642,186.0048504863481,190.34027016979292,51005900
2024-05-24,189.3436279296875,189.94162421863646,187.41012383078694,188.1875250894915,36294600
2024-05-28,189.3535919189453,192.35350378297326,188.46657377923762,190.86848939299406,52280100
2024-05-29,189.652587890625,191.6060292626522,188.8752018363686,188.97487295416659,53068000
2024-05-30,190.6492462158203,191.53626445370173,189.99146851693155,190.12102272627732,49947900
2024-05-31,191.60601806640625,191.92495345858123,189.2738600399137,190.79873376551856,75158300
2024-06-03,193.38006591796875,194.33685694398167,191.8751293663799,192.25384615761888,50080500
2024-06-04,193.69898986816406,194.66574186569684,192.38340418619828,193.98801176077237,47471400
2024-06-05,195.21389770507812,196.24044634116564,194.2172473626493,194.74547082752238,54156800
2024-06-06,193.8285675048828,195.84180559150522,193.51960831096955,195.0345211925245,41181800
2024-06-07,196.23046875,196.28030430445062,193.48968053965237,193.99796669662618,53103900
2024-06-10,192.4730987548828,196.63910486677477,191.50634675889475,196.2404356269631,97262100
2024-06-11,206.45611572265625,206.46609195915696,192.9814138224934,193.00133588013964,172373300
2024-06-12,212.35630798339844,219.46241499269527,206.20696163392407,206.67538853844061,198134300
2024-06-13,213.52236938476562,216.02395620562416,210.89121315624297,214.02069454325613,97862700
2024-06-14,211.77822875976562,214.44924427717243,210.59221246372425,213.13367378271622,70122700
2024-06-17,215.94422912597656,218.21659070332575,212.0074632920053,212.65527993528355,93728300
2024-06-18,213.5721893310547,217.89766325641614,212.28651711595563,216.86113841241473,79943300
2024-06-20,208.97763061523438,213.5223688231627,208.1504242370716,213.21339445126264,86172500
2024-06-21,206.79498291015625,211.18023828891836,206.41625091745033,209.6852627905662,246421400
2024-06-24,207.44281005859375,211.9875333707341,205.89799892378585,207.02421872275744,80727000
2024-06-25,208.36968994140625,210.67194975002218,207.91122410230182,208.44940858434205,56713900
2024-06-26,212.5356903076172,214.1402980033581,209.9344322470105,210.79155216910215,66213200
2024-06-27,213.3828582763672,215.01736433595826,211.63872006367095,213.97087836680484,49772700
2024-06-28,209.9144744873047,215.34623061165473,209.5955543096767,215.0472324898511,82542700
2024-07-01,216.02395629882812,216.78140506529675,211.2101334408119,211.37956216985054,60402900
2024-07-02,219.53216552734375,219.64179766849512,214.3794853085834,215.42595595595571,58046200
2024-07-03,220.80789184570312,220.80789184570312,218.29632866276663,219.26308073535034,37369800
2024-07-05,225.5818328857422,225.69146503075916,220.90754038733803,220.90754038733803,60412400
2024-07-08,227.056884765625,227.08678305881674,222.50218547217585,226.32931907748747,59085900
2024-07-09,227.9139862060547,228.631575647805,225.6117264169712,227.1664984715379,48076100
2024-07-10,232.19960021972656,232.29927134034506,228.48209857735924,228.5319341376685,62627700
2024-07-11,226.80772399902344,231.61157070495582,225.01375035477759,230.61492037011672,64710600
2024-07-12,229.76776123046875,231.86073301422448,227.91399100155513,228.1531925563972,53046500
2024-07-15,233.61483764648438,236.43535998230433,232.3092281117703,235.68787221439834,62631300
2024-07-16,234.03343200683594,235.47857190808813,231.55176727169922,234.2128217621178,43234300
2024-07-17,228.1133270263672,230.68468664215072,225.88082486496336,228.68140979310064,57345900
2024-07-18,223.4290771484375,229.66811832325195,221.52548646122014,229.50865061099643,66034600
2024-07-19,223.55862426757812,226.04028896611686,222.5320756847993,224.06692564873424,49151500
2024-07-22,223.20980834960938,227.01700459563804,222.34271224556252,226.24957960487185,48201800
2024-07-23,224.25628662109375,226.17982967750157,221.93408951337017,223.61843101438217,39960300
2024-07-24,217.80796813964844,224.04700927387208,216.40270265661363,223.24968592545983,61777600
2024-07-25,216.76148986816406,220.11023564894725,213.9010930254534,218.19665359620475,51391200
2024-07-26,217.2299041748047,218.75477790382115,215.2864239407029,217.96741565742542,41601300
2024-07-29,217.50897216796875,218.5654190781,215.0273073866339,216.23326096996,36311800
2024-07-30,218.0670928955078,219.59196666736065,215.3960621319004,218.45578591171193,41643800
2024-07-31,221.3361053466797,223.07028238181744,219.89096542123676,220.6982497488722,50036300
2024-08-01,217.62857055664062,223.72806581879624,216.29306274041448,223.61843367222977,62501000
2024-08-02,219.12355041503906,224.84432899946665,216.98075820790513,218.41592196270943,105568600
2024-08-05,208.5690155029297,212.7848420736874,195.34346157584417,198.42310739676375,119548600
2024-08-06,206.53585815429688,209.28662299148326,200.39650324752455,204.612330181792,69660500
2024-08-07,209.1171875,212.9243839975228,205.69866882998738,206.2069550428707,63516400
2024-08-08,212.59547424316406,213.4824924067945,208.13048513245963,212.39614722358988,47161100
2024-08-09,215.51568603515625,216.05387055494424,211.259984607228,211.38955402452135,42201600
2024-08-12,217.0522918701172,219.02793942662467,215.12653755613,215.59550663031672,38028100
2024-08-13,220.78407287597656,221.40270642093424,218.52902632127157,218.52902632127157,44155300
2024-08-14,221.23309326171875,222.54021400164925,219.21752501736546,220.08562480803565,41960600
2024-08-15,224.22650146484375,224.8551228159093,222.27079905335071,224.10676986474735,46414000
2024-08-16,225.5535888671875,226.33187474025672,223.15885022096822,223.42826155403992,44340200
2024-08-19,225.39393615722656,225.4937226434457,222.5501887780633,225.2243113108782,40687800
2024-08-20,226.0125732421875,226.6711275207631,224.95490346311303,225.27420804373648,30299000
2024-08-21,225.90280151367188,227.47933353511345,224.5557753561492,226.02254833732334,34765500
2024-08-22,224.03692626953125,227.8385569948794,223.4083048904395,227.28976176117078,43695300
2024-08-23,226.3418426513672,227.7188169640382,223.83736023691762,225.16444130741013,38677300
2024-08-26,226.68109130859375,226.7808777924977,223.39832305195915,226.2620154817008,30602200
2024-08-27,227.5292205810547,228.3474270817302,224.39611696496783,225.5036798955901,35934600
2024-08-28,225.99261474609375,229.35520907583674,225.18438078371824,227.4194670399241,38052200
2024-08-29,229.28536987304688,232.4085012026452,228.37737982242845,229.59470189609323,51906300
2024-08-30,228.49710083007812,229.89402024722435,226.98043458769098,229.6844899472923,52990800
2024-09-03,222.28077697753906,228.49709095305272,220.68428466242796,228.04808224732741,50190600
2024-09-04,220.36500549316406,221.29295584608857,217.0023958735564,221.17322424578342,43840200
2024-09-05,221.89163208007812,224.98481497811864,221.03352013282222,221.14327916881817,36615400
2024-09-06,220.3350830078125,224.74537478911404,219.28738577978086,223.4581991238727,48423000
2024-09-09,220.42486572265625,220.7840757397734,216.23409233980902,220.33506702469683,67180000
2024-09-10,219.6266326904297,220.99361925876318,216.25405039598212,218.4392435287618,51591000
2024-09-11,222.1710205078125,222.6000688776049,217.4114916314568,220.9736588702828,44587100
2024-09-12,222.28077697753906,223.059062794204,219.33725854525207,222.01136566399225,37498200
2024-09-13,222.01138305664062,223.5479944694599,221.42268236911949,223.08901316997165,36766600
2024-09-16,215.84495544433594,216.74297289953918,213.4502168549942,216.0644583037111,59357400
2024-09-17,216.31390380859375,216.42366284814068,214.02893954474482,215.27619443719672,45519300
2024-09-18,220.20535278320312,222.22092099435915,217.06226125375574,217.07224903728172,59894900
2024-09-19,228.3673858642578,229.31531179988679,224.1367068474718,224.49591687958383,66781300
2024-09-20,227.6988525390625,232.57811312113958,227.12012443578536,229.46496974860833,318679900
2024-09-23,225.97265625,228.94610768522742,225.31410200503296,226.8407407931877,54146000
2024-09-24,226.8706817626953,228.8463445678705,225.2342838755063,228.14786961487798,43556100
2024-09-25,225.8728790283203,226.79085685048213,223.52804884217394,224.43603888049125,42308700
2024-09-26,227.02035522460938,227.99819881641105,224.9149883158055,226.80083714120576,36636700
2024-09-27,227.2897491455078,229.01596089620384,226.80083496693393,227.9582911728241,34026000
2024-09-30,232.4883270263672,232.4883270263672,229.14567760776433,229.53482055042815,54541900
2024-10-01,225.71324157714844,229.14567442683443,223.24866456606327,229.01597026460064,63285000
2024-10-02,226.281982421875,226.8706831083472,222.5302449869956,225.39393750024195,32880600
2024-10-03,225.17440795898438,226.3119038145279,222.82957789090332,224.64557310138042,34044200
2024-10-04,226.30194091796875,227.49930262356304,223.63780617480538,227.39951613756347,37245100
2024-10-07,221.20315551757812,225.1943712346882,220.84394549402703,224.0069821228032,39505400
2024-10-08,225.27420043945312,225.4837307412941,222.75973024040246,223.80742742544692,31855700
2024-10-09,229.03591918945312,229.24546472466872,224.33627096325682,224.73538646570117,33591100
2024-10-10,228.53701782226562,228.99601435408132,226.67112924406288,227.27979028338342,28183500
2024-10-11,227.05029296875,228.9062089337624,226.84074743911052,228.79644988971887,31759200
2024-10-14,230.79205322265625,231.22110160659443,228.09798564307096,228.19775690140833,39882100
2024-10-15,233.33645629882812,236.9684620133565,231.85969551276995,233.0969778733182,64751400
2024-10-16,231.27099609375,231.61024577942743,229.33525401328018,231.09139869260778,34082200
2024-10-17,231.6401824951172,233.3364614020046,230.0137723986246,232.9173703418766,32993800
2024-10-18,234.48391723632812,235.66131853389138,233.4960858911256,235.66131853389138,46431500
2024-10-21,235.96067810058594,236.32987592195377,233.9351372634737,233.9351372634737,36254500
2024-10-22,235.342041015625,235.70125104779564,232.08920560922664,233.376366009758,38846600
2024-10-23,230.25323486328125,234.62362105235994,227.25982300232985,233.56595129753524,52287000
2024-10-24,230.0636749267578,230.3131259260407,227.90841463888628,229.47495899723685,31109500
2024-10-25,230.9018096923828,232.7078323586645,229.0658541264054,229.23547896644118,38802300
2024-10-28,232.88743591308594,234.21451699403664,232.03931169048735,232.80762499530724,36087100
2024-10-29,233.15684509277344,233.815399347975,231.8098189074392,232.58810476348472,35417200
2024-10-30,229.5946807861328,232.95727501758805,229.04588560251634,232.09916306464564,47070900
2024-10-31,225.4138946533203,229.325284321648,224.8750719925984,228.83635490362704,64370100
2024-11-01,222.42047119140625,224.8551151455125,219.78626950218685,220.48472918772245,65276700
2024-11-04,221.52244567871094,222.3007315284092,219.2275088130919,220.5046966292777,44944500
2024-11-05,222.95928955078125,223.45819152571042,220.65436486265338,221.31291912362707,28111300
2024-11-06,222.23089599609375,225.5735453041769,220.7042571772517,222.12113695305962,54561100
2024-11-07,226.98043823242188,227.37956894750107,224.0768403097807,224.13670611072257,42137700
2024-11-08,226.7107391357422,228.4088689967903,226.16134014604208,226.92049995960826,38328800
2024-11-11,223.98373413085938,225.45212091614073,221.25673663335022,224.7528927426808,42005600
2024-11-12,223.98373413085938,225.34224111445195,223.11469448970428,224.30339000560164,40398300
2024-11-13,224.8727569580078,226.4010754152989,222.5153482196322,223.76397540644066,48566200
2024-11-14,227.9693603515625,228.61864039722624,224.7528954725484,224.77287777547028,44923900
2024-11-15,224.7528839111328,226.67077335813082,224.023689933323,226.15134020310103,47923700
2024-11-18,227.7695770263672,229.4876892234719,224.92270099550518,225.00261496304853,44686000
2024-11-19,228.02928161621094,229.90722171238716,226.41106572007726,226.73070634208972,36211800
2024-11-20,228.7484893798828,229.67746064503265,225.64190448211673,227.80951934283004,35169600
2024-11-21,228.26902770996094,229.90722593821596,225.46211628612434,228.6286329426038,42108300
2024-11-22,229.61753845214844,230.46661102927646,227.80952873867182,227.80952873867182,38168300
2024-11-25,232.61424255371094,232.99383009111634,229.48769048234254,231.2058026888721,90152800
2024-11-26,234.8018341064453,235.31128373473052,233.07373841155265,233.07373841155265,45986200
2024-11-27,234.67198181152344,235.43115689965902,233.55321672420507,234.21249554010248,33498400
2024-11-29,237.06935119628906,237.5488197625333,233.71304074851764,234.55211454995276,28481400
2024-12-02,239.3268585205078,240.52553753151284,236.89953466637493,237.00941446483552,48137100
2024-12-03,242.3834991455078,242.49337894569658,238.6376176509325,239.54662188503684,38861000
2024-12-04,242.74310302734375,243.84190102311462,240.9850414761411,242.60325739533934,44383900
2024-12-05,242.7730712890625,244.2714238935446,241.86408229295347,243.72204013219255,40033900
2024-12-06,242.5732879638672,244.3613305629988,241.8141281502541,242.6432183998472,36870600
2024-12-09,246.47900390625,246.96847124510987,241.48449521514058,241.56440918324205,44649200
2024-12-10,247.4978790283203,247.93739821602466,245.0705399660552,246.61884065291167,36914800
2024-12-11,246.2192840576172,250.52454792031958,245.98952569372008,247.68767076725757,45205800
2024-12-12,247.68768310546875,248.46682524629017,245.41017310687806,246.61885092340057,32777500
2024-12-13,247.85748291015625,249.01619729452798,245.96955931284188,247.54782582286595,33155300
2024-12-16,250.7642822265625,251.10392039685559,247.3780059899919,247.71764416028498,51694800
2024-12-17,253.20159912109375,253.5512208135588,249.50566587259755,249.80533943156328,51356400
2024-12-18,247.77757263183594,254.0007260278641,247.46791553993853,251.88305927654196,56774100
2024-12-19,249.51565551757812,251.72323503929724,246.81862390484895,247.22817727073837,60882300
2024-12-20,254.21051025390625,254.71994465608725,245.42017186050566,247.76758181309805,147495300
2024-12-23,254.98965454101562,255.36922684225433,253.17164603591402,254.49020366493687,40858800
2024-12-24,257.91644287109375,257.92641115938613,255.0096198916901,255.2094124344067,23234700
2024-12-26,258.7355041503906,259.81433504408284,257.34704665632455,257.90642916266114,27237100
2024-12-27,255.30929565429688,258.41589596104086,252.78207543596488,257.54682582842287,42355300
2024-12-30,251.9230194091797,253.22159473829512,250.47461491371794,251.95298524244893,35557500
2024-12-31,250.1449737548828,253.00183336212825,249.15605553782555,252.16275955239965,39480700
2025-01-02,243.5821990966797,248.826433311358,241.55442975303322,248.65660659999048,55740700
2025-01-03,243.0927276611328,243.91181916074598,241.624340886356,243.0927276611328,40244100
2025-01-06,244.73092651367188,247.05836939894766,242.93290033169586,244.04168187374515,45045600
2025-01-07,241.94400024414062,245.28032844029428,241.08494412707995,242.71314361950866,40856000
2025-01-08,242.43344116210938,243.44234164075266,239.78635773622742,241.65429905026372,37628900
2025-01-10,236.58987426757812,239.8962364632009,232.74409661721964,239.7463920626497,61710900
2025-01-13,234.14256286621094,234.41227060505477,229.46771001708314,233.27352322575203,49630700
2025-01-14,233.02378845214844,235.8606656353981,232.21468051006943,234.49217517741417,39435300
2025-01-15,237.60874938964844,238.6975638581554,234.17252500331003,234.38230107288462,39832000
2025-01-16,228.00930786132812,237.74859991927732,227.7795647267042,237.089336348529,71759100
2025-01-17,229.7274169921875,232.03487756376998,228.22906438809179,231.86506609768284,68488300
2025-01-21,222.39547729492188,224.17352112887505,219.13906319002535,223.75398423747347,98070400
2025-01-22,223.58416748046875,223.87384226456615,219.54859611049605,219.54859611049605,64126500
2025-01-23,223.41436767578125,226.78066167492807,222.05586069453574,224.493183388126,60234800
2025-01-24,222.5353240966797,225.38220009721186,221.16683361690275,224.53312753788666,54697900
2025-01-27,229.6075439453125,231.89502211760887,223.73399710835045,223.77396171163917,94863400
2025-01-28,237.99832153320312,239.9262098046868,230.55650666713984,230.59647127201654,75707600
2025-01-29,239.0971221923828,239.5965730646729,233.75299176206667,233.86287156365174,45486100
2025-01-30,237.3290557861328,240.52553823889048,236.94948349745044,238.40787147181928,55658300
2025-01-31,235.74081420898438,246.91852728753366,233.18362815459494,246.91852728753366,101075100
2025-02-03,227.75958251953125,231.5753945205246,225.45212191586603,229.73741895869952,73063300
2025-02-04,232.54432678222656,232.87396618357337,226.40107197135944,227.00041910872287,45067300
2025-02-05,232.21469116210938,232.4144684638066,228.0193068583431,228.27901582634638,39620300
2025-02-06,232.9638671875,233.54323203112875,230.17692277145878,231.0359788855247,29925300
2025-02-07,227.3800048828125,233.74300400322835,227.0104008794231,232.3445476829273,39707200
2025-02-10,227.64999389648438,230.58999633789062,227.1999969482422,229.57000732421875,33115600
2025-02-11,232.6199951171875,235.22999572753906,228.1300048828125,228.1999969482422,53718400
2025-02-12,236.8699951171875,236.9600067138672,230.67999267578125,231.1999969482422,45243300
2025-02-13,241.52999877929688,242.33999633789062,235.57000732421875,236.91000366210938,53614100
2025-02-14,244.60000610351562,245.5500030517578,240.99000549316406,241.25,40896200
2025-02-18,244.47000122070312,245.17999267578125,241.83999633789062,244.14999389648438,48822500
2025-02-19,244.8699951171875,246.00999450683594,243.16000366210938,244.66000366210938,32204200
2025-02-20,245.8300018310547,246.77999877929688,244.2899932861328,244.94000244140625,32316900
2025-02-21,245.5500030517578,248.69000244140625,245.22000122070312,245.9499969482422,53197400
2025-02-24,247.10000610351562,248.86000061035156,244.4199981689453,244.92999267578125,51326400
2025-02-25,247.0399932861328,250.0,244.91000366210938,248.0,48013300
2025-02-26,240.36000061035156,244.97999572753906,239.1300048828125,244.3300018310547,44433600
2025-02-27,237.3000030517578,242.4600067138672,237.05999755859375,239.41000366210938,41153600
2025-02-28,241.83999633789062,242.08999633789062,230.1999969482422,236.9499969482422,56833400
2025-03-03,238.02999877929688,244.02999877929688,236.11000061035156,241.7899932861328,47184000
2025-03-04,235.92999267578125,240.07000732421875,234.67999267578125,237.7100067138672,53798100
2025-03-05,235.74000549316406,236.5500030517578,229.22999572753906,235.4199981689453,47227600
2025-03-06,235.3300018310547,237.86000061035156,233.16000366210938,234.44000244140625,45170400
2025-03-07,239.07000732421875,241.3699951171875,234.75999450683594,235.11000061035156,46273600
2025-03-10,227.47999572753906,236.16000366210938,224.22000122070312,235.5399932861328,72071200
2025-03-11,220.83999633789062,225.83999633789062,217.4499969482422,223.80999755859375,76137400
2025-03-12,216.97999572753906,221.75,214.91000366210938,220.13999938964844,62547500
2025-03-13,209.67999267578125,216.83999633789062,208.4199981689453,215.9499969482422,61368300
2025-03-14,213.49000549316406,213.9499969482422,209.5800018310547,211.25,60107600
2025-03-17,214.0,215.22000122070312,209.97000122070312,213.30999755859375,48073400
2025-03-18,212.69000244140625,215.14999389648438,211.49000549316406,214.16000366210938,42432400
2025-03-19,215.24000549316406,218.75999450683594,213.75,214.22000122070312,54385400
2025-03-20,214.10000610351562,217.49000549316406,212.22000122070312,213.99000549316406,48862900
2025-03-21,218.27000427246094,218.83999633789062,211.27999877929688,211.55999755859375,94127800
2025-03-24,220.72999572753906,221.47999572753906,218.5800018310547,221.0,44299500
2025-03-25,223.75,224.10000610351562,220.0800018310547,220.77000427246094,34493600
2025-03-26,221.52999877929688,225.02000427246094,220.47000122070312,223.50999450683594,34466100
2025-03-27,223.85000610351562,224.99000549316406,220.55999755859375,221.38999938964844,37094800
2025-03-28,217.89999389648438,223.80999755859375,217.67999267578125,221.6699981689453,39818600
2025-03-31,222.1300048828125,225.6199951171875,216.22999572753906,217.00999450683594,65299300
2025-04-01,223.19000244140625,223.67999267578125,218.89999389648438,219.80999755859375,36412700
2025-04-02,223.88999938964844,225.19000244140625,221.02000427246094,221.32000732421875,35905900
2025-04-03,203.19000244140625,207.49000549316406,201.25,205.5399932861328,103419000
2025-04-04,188.3800048828125,199.8800048828125,187.33999633789062,193.88999938964844,125910900
2025-04-07,181.4600067138672,194.14999389648438,174.6199951171875,177.1999969482422,160466300
2025-04-08,172.4199981689453,190.33999633789062,169.2100067138672,186.6999969482422,120859500
2025-04-09,198.85000610351562,200.61000061035156,171.88999938964844,171.9499969482422,184395900
2025-04-10,190.4199981689453,194.77999877929688,183.0,189.07000732421875,121880000
2025-04-11,198.14999389648438,199.5399932861328,186.05999755859375,186.10000610351562,87435900
2025-04-14,202.52000427246094,212.94000244140625,201.16000366210938,211.44000244140625,101352900
2025-04-15,202.13999938964844,203.50999450683594,199.8000030517578,201.86000061035156,51343900
2025-04-16,194.27000427246094,200.6999969482422,192.3699951171875,198.36000061035156,59732400
2025-04-17,196.97999572753906,198.8300018310547,194.4199981689453,197.1999969482422,51334300
2025-04-21,193.16000366210938,193.8000030517578,189.80999755859375,193.27000427246094,46742500
2025-04-22,199.74000549316406,201.58999633789062,195.97000122070312,196.1199951171875,52976400
2025-04-23,204.60000610351562,208.0,202.8000030517578,206.0,52929200
2025-04-24,208.3699951171875,208.8300018310547,202.94000244140625,204.88999938964844,47311000
2025-04-25,209.27999877929688,209.75,206.1999969482422,206.3699951171875,38222300
2025-04-28,210.13999938964844,211.5,207.4600067138672,210.0,38743100
2025-04-29,211.2100067138672,212.24000549316406,208.3699951171875,208.69000244140625,36786900
2025-04-30,210.61000061035156,211.27999877929688,206.67050170898438,209.3000030517578,13746063
