Price,Close,High,Low,Open,Volume
Ticker,TCS.NS,TCS.NS,TCS.NS,TCS.NS,TCS.NS
Date,,,,,
2015-01-01,1049.376953125,1058.2194759486172,1047.5012420667847,1058.2194759486172,366830
2015-01-02,1063.3521728515625,1068.092931625439,1051.4591123142368,1051.623968013787,925740
2015-01-05,1047.192138671875,1071.7822021722864,1040.7611576156253,1063.990910308871,1754242
2015-01-06,1008.5858154296875,1042.5955948998428,1005.8649928142869,1042.5955948998428,2423784
2015-01-07,996.672119140625,1022.0042340814697,992.4466612974217,1018.2322802645972,2636332
2015-01-08,1007.4310302734375,1009.574655799988,997.846460756349,1006.8538345180139,1565408
2015-01-09,1035.6695556640625,1038.8025162024785,1009.9870087414645,1012.0482067184878,3197642
2015-01-12,1034.5977783203125,1042.1417836711876,1022.4573413569868,1037.607147745403,1596006
2015-01-13,1029.733642578125,1043.1314346002905,1022.3958554631007,1038.844181410986,1468432
2015-01-14,1039.64794921875,1043.7085507478034,1030.805427289907,1037.1951429959631,1787096
2015-01-15,1046.7181396484375,1064.3001272505196,1040.1840984157543,1044.2034365548818,5009920
2015-01-16,1043.85302734375,1049.1503493260402,1024.1274122038217,1048.6144174273493,5293830
2015-01-19,1035.1341552734375,1051.6237475517878,1031.8362368177675,1045.4401504474063,1135074
2015-01-20,1030.7847900390625,1042.9664939210647,1023.6942869681756,1038.8440967118906,2058566
2015-01-21,1036.288330078125,1039.6686759853446,1025.7555840684115,1039.6686759853446,2310480
2015-01-22,1036.185302734375,1039.3595288611987,1028.7443546943466,1037.4013899372162,2113214
2015-01-23,1032.0831298828125,1043.8113266814823,1028.991332801734,1036.3703815774666,3150380
2015-01-27,1033.50830078125,1038.857467172671,1028.344993290332,1037.762886322936,2738736
2015-01-28,1049.01904296875,1051.2082049735607,1033.8594893843037,1033.9008361883377,3121980
2015-01-29,1051.10498046875,1061.039206029789,1037.9901770927943,1048.3581407299282,3734392
2015-01-30,1025.2471923828125,1063.6415335912334,1020.2697429011054,1057.7346885947377,5817402
2015-02-02,1038.5269775390625,1041.5216958325095,1016.9856993941925,1025.2263178394048,3181802
2015-02-03,1056.72265625,1059.5108426781003,1035.5944394331857,1037.4738029413625,2345054
2015-02-04,1038.5679931640625,1062.2778528575172,1033.528626915321,1060.7495345228897,2245418
2015-02-05,1054.306396484375,1070.5398608500464,1040.5100745793968,1040.923139317221,4530168
2015-02-06,1063.950927734375,1071.8198269381287,1053.6656616180485,1054.5537099896571,2136416
2015-02-09,1037.9901123046875,1061.2044261695407,1032.6616186905885,1058.0650945103769,2076432
2015-02-10,1008.352294921875,1043.50412180779,1004.9858598152806,1036.7918241415348,3799054
2015-02-11,1016.0977783203125,1027.3951377937126,1010.872550393271,1014.0944751055312,2937522
2015-02-12,1017.0272216796875,1024.317874220443,1010.7693317458879,1024.317874220443,3107980
2015-02-13,1048.6678466796875,1052.3854284109007,1016.2422726907735,1020.2696528995876,4158326
2015-02-16,1067.689697265625,1071.9029371964123,1055.3803485691074,1057.4456721475203,2364392
2015-02-18,1088.6934814453125,1091.729546060431,1059.6137790508967,1067.7924768636487,2660014
2015-02-19,1107.447265625,1110.0289203065981,1088.4256137618072,1088.8386785108628,2618002
2015-02-20,1105.1748046875,1114.7785548472993,1091.419735902363,1114.7785548472993,1801588
2015-02-23,1113.8907470703125,1124.3619762766264,1103.2956791458005,1103.2956791458005,1614892
2015-02-24,1117.236572265625,1127.6664543063707,1106.6001579072408,1112.7961274363965,2199922
2015-02-25,1103.7916259765625,1124.362271090751,1101.9948547870913,1119.4054939955677,1767994
2015-02-26,1097.28564453125,1112.279912523129,1084.4393935432854,1106.6002731963467,1991994
2015-02-27,1099.72265625,1105.2576819447545,1080.701009899924,1098.5247083174127,2877376
2015-03-02,1102.634765625,1118.9714931350923,1095.6746865953633,1106.8893518020482,2176038
2015-03-03,1146.6673583984375,1152.4502629436747,1105.422816714245,1107.8392850232744,3424308
2015-03-04,1134.2755126953125,1161.5791260085875,1121.7389604085697,1151.624227747462,3862994
2015-03-05,1113.8079833984375,1144.4780289267783,1107.4468291086755,1135.9276121607738,2173514
2015-03-09,1093.29931640625,1106.930447121009,1078.09852016729,1090.4904571807072,2883174
2015-03-10,1091.60595703125,1106.2904258663611,1072.006059079501,1094.1669377545895,3037052
2015-03-11,1076.673583984375,1098.7311939146773,1073.059268631367,1091.3167043025342,2240200
2015-03-12,1081.8370361328125,1084.2534039269242,1069.8788341939132,1083.8403392599787,1827636
2015-03-13,1066.677490234375,1090.4699524732007,1063.6414248580877,1089.6644966118972,1586838
2015-03-16,1058.3958740234375,1078.0990432656663,1054.1412867486515,1067.8550168616268,1556296
2015-03-17,1067.2352294921875,1076.7357174521717,1056.5162208543363,1066.7395720286672,1267318
2015-03-18,1057.1771240234375,1073.7409571044336,1054.0171187290794,1070.2299073412817,1255170
2015-03-19,1072.419189453125,1076.3846507712517,1060.7914588976435,1064.0546295739048,2448964
2015-03-20,1078.4910888671875,1081.4032147138735,1065.2317745877217,1072.315792741488,1963908
2015-03-23,1081.05224609375,1086.773232563229,1076.446614998014,1080.5772620241,1566608
2015-03-24,1070.37451171875,1089.251547183357,1066.5743368806855,1086.3600944604584,2394878
2015-03-25,1063.1251220703125,1079.7509739064776,1051.3321063751152,1070.4156726613676,2224858
2015-03-26,1038.072998046875,1068.4745012205963,1033.0748745489698,1054.6781797796857,3091642
2015-03-27,1038.77490234375,1062.3608310887314,1034.3551311818928,1045.4665288626773,2751776
2015-03-30,1059.15966796875,1061.5347896748772,1040.9229042504835,1042.9882274732026,1339006
2015-03-31,1054.9466552734375,1061.3491586385624,1041.3361924825583,1061.3491586385624,2427028
2015-04-01,1050.27880859375,1058.9325938247944,1041.8523299388346,1056.6193914098676,2075758
2015-04-06,1052.19921875,1058.6429644286084,1032.7025945612113,1056.6189887213034,1568542
2015-04-07,1067.7720947265625,1073.554999688331,1050.8364444813828,1058.457466922542,1886922
2015-04-08,1091.0689697265625,1097.3062865288978,1070.1886315122197,1071.4897448733147,1652134
2015-04-09,1100.6314697265625,1110.0906101860487,1088.4873081074159,1098.338940674072,2544450
2015-04-10,1096.170166015625,1103.212937510491,1085.533752723151,1094.001576897742,1815544
2015-04-13,1096.8931884765625,1100.817302688774,1085.5339104938453,1100.404238034857,1308642
2015-04-15,1085.430419921875,1121.0158921613213,1077.850644751242,1096.5624898742533,2913934
2015-04-16,1066.8636474609375,1085.1210890876005,1062.1340762825496,1085.100415681098,3217570
2015-04-17,1022.273193359375,1057.4456115456803,1020.2697892647775,1056.2477642772,9668742
2015-04-20,1003.2515258789062,1026.0113294872465,1001.6199405443117,1024.4210909594497,2890722
2015-04-21,1002.5288696289062,1012.8348154653811,991.7685122073328,1003.2517329759962,2546032
2015-04-22,1009.984375,1021.5088379282146,994.4737778537947,1004.3666556500016,4186812
2015-04-23,1015.0029907226562,1024.3176176435998,1004.4491699988158,1021.0956935868984,4342990
2015-04-24,1029.7904052734375,1038.4440858194357,1010.9959717393149,1014.1972214072149,3625158
2015-04-27,1032.743896484375,1040.9225941792351,1026.8784004482454,1032.4547714884914,2733052
2015-04-28,1030.5966796875,1036.7926517096694,1014.1154344468891,1036.7926517096694,3088298
2015-04-29,1027.4158935546875,1030.5964717150532,1012.4422975227554,1026.0527598157084,2019620
2015-04-30,1017.6671142578125,1028.5307321196494,1002.5490121968094,1024.4000866091287,3738054
2015-05-04,1025.04052734375,1034.6442797532557,1014.9823635141623,1028.9439678313458,1890630
2015-05-05,1040.0350341796875,1047.7179773798673,1032.6617886702309,1033.074853385699,3255070
2015-05-06,1017.398681640625,1038.8573652994112,1014.4039635895631,1038.8573652994112,3394406
2015-05-07,1051.3525390625,1054.8635877147076,1013.5364595863208,1018.1627623471211,3205028
2015-05-08,1043.91748046875,1069.011154200465,1039.394443397388,1057.4453457315262,3003664
2015-05-11,1055.7935791015625,1058.7057059736621,1042.9885709043213,1047.119218709883,2573082
2015-05-12,1042.1207275390625,1059.5107890148422,1038.03142798998,1057.4454658393747,2467386
2015-05-13,1039.0225830078125,1052.075463808,1024.585996400346,1052.075463808,1863774
2015-05-14,1032.3516845703125,1040.922774879339,1026.4655141171258,1040.922774879339,1309050
2015-05-15,1037.26708984375,1046.0447122543465,1033.0745246542033,1038.8574288305963,1461454
2015-05-18,1041.087890625,1043.09129410616,1031.4635669248098,1038.4856645388302,4507752
2015-05-19,1037.9073486328125,1045.05338602659,1031.31898875964,1040.6748611460066,1957722
2015-05-20,1056.2269287109375,1061.5347486808337,1039.6423233654455,1040.922864052424,1897814
2015-05-21,1055.58642578125,1065.7065069519174,1052.550361091716,1056.2060225876173,1579578
2015-05-22,1081.3621826171875,1085.8439755507782,1048.874679949525,1053.3151260692284,2691632
2015-05-25,1074.381103515625,1089.210083406506,1068.061194502244,1082.2293314920944,982978
2015-05-26,1077.623291015625,1083.5713790901052,1069.382574100393,1076.0329524558178,1961740
2015-05-27,1080.267578125,1087.6613967479068,1070.6638227702897,1077.2728587133163,1620690
2015-05-28,1077.8916015625,1083.4679712199415,1066.6355961428494,1075.5784004773873,2763608
2015-05-29,1078.222900390625,1094.0432999462635,1072.832385417445,1080.9904139522394,4423532
2015-06-01,1081.2996826171875,1093.4231670142792,1077.4169163404501,1077.87122681982,882264
2015-06-02,1073.9267578125,1086.3600442850584,1070.0439903880015,1080.5771391063547,3935820
2015-06-03,1078.4705810546875,1084.5427127997834,1070.0441015430167,1075.6204749731771,1804684
2015-06-04,1076.3018798828125,1083.3859992362202,1069.217861375268,1081.031550867692,4131468
2015-06-05,1073.8839111328125,1087.7042599236713,1071.4449781540188,1080.6168806907458,2308534
2015-06-08,1074.551025390625,1079.783199862464,1067.9639106100783,1079.783199862464,1570320
2015-06-09,1067.9637451171875,1079.7830325380428,1063.5237513531072,1077.698509309205,2578914
2015-06-10,1084.2650146484375,1088.12138353645,1068.8604046902976,1069.7775747718506,2763350
2015-06-11,1071.9871826171875,1089.3720899882217,1065.921198269187,1086.2453044256838,1847336
2015-06-12,1044.679931640625,1079.3455205159294,1032.5896940210089,1072.237274248409,2571456
2015-06-15,1044.262939453125,1050.7874574605742,1034.3405869843068,1044.4713918084221,2525176
2015-06-16,1047.2645263671875,1050.3079508012813,1039.9478290846607,1042.2616703495098,1267396
2015-06-17,1048.0145263671875,1054.4139492128838,1043.0116724917295,1051.0162183357977,1975720
2015-06-18,1054.7896728515625,1061.5643736887166,1045.5969045897048,1048.5152372580171,2165046
2015-06-19,1062.919189453125,1065.191299265141,1053.5597011332782,1056.8532069029873,1999610
2015-06-22,1080.408447265625,1083.952136944096,1061.8561895371588,1061.8561895371588,1102002
2015-06-23,1073.3629150390625,1087.2874917429722,1070.2777590921582,1083.952254038239,898318
2015-06-24,1071.570556640625,1078.908020932831,1066.7970164633418,1075.6145133301843,1170246
2015-06-25,1063.107177734375,1072.6959875727634,1060.6682440838626,1068.1100350413603,1930992
2015-06-26,1080.950439453125,1082.4304713755928,1063.1902599502428,1063.1902599502428,1290102
2015-06-29,1080.991943359375,1085.6196253327757,1060.3551647672195,1072.2786775560287,1372756
2015-06-30,1063.5028076171875,1079.2618224258906,1058.9377224381506,1077.6984301191412,1549952
2015-07-01,1081.0755615234375,1087.2874005139465,1065.9210357607487,1068.9018634958961,1279708
2015-07-02,1074.676025390625,1085.1820028381776,1071.8827844263337,1083.952154404277,1445880
2015-07-03,1085.5782470703125,1088.1214067803571,1071.4452166381293,1072.7167964931516,963470
2015-07-06,1097.8349609375,1102.7127246558664,1075.7390159822028,1075.7390159822028,1182338
2015-07-07,1090.726806640625,1103.5048936381388,1085.2028199466972,1097.6057334670254,1642836
2015-07-08,1081.909423828125,1092.9990277385846,1075.822574516465,1083.0975411488669,2667850
2015-07-09,1051.6417236328125,1083.2222431829357,1045.0337458254917,1081.8673034002572,3934122
2015-07-10,1031.56787109375,1066.8588024909477,1023.5007268914718,1066.8588024909477,8263654
2015-07-13,1046.2431640625,1050.0161717876415,1032.0058081158852,1032.0058081158852,2280308
2015-07-14,1042.05322265625,1048.5152450411956,1038.0926282912833,1046.8476263612097,1703274
2015-07-15,1061.335205078125,1063.0861845687741,1042.261813884047,1042.6787186096005,2003660
2015-07-16,1059.02099609375,1066.7963275978962,1053.3511548632587,1060.4801621269664,1456608
2015-07-17,1069.1099853515625,1071.4864227088865,1060.3133604326515,1061.772526354983,1070526
2015-07-20,1077.570556640625,1079.5551098220403,1066.1854883893484,1071.2409172944317,853786
2015-07-21,1070.155029296875,1086.4284535941222,1067.5229656102374,1076.254962353312,1274500
2015-07-22,1056.22119140625,1073.3301114748363,1053.2965861978719,1069.9877055224038,1320628
2015-07-23,1039.739013671875,1060.3157011322535,1037.3992886115652,1051.8134148528457,1496780
2015-07-24,1046.653564453125,1051.3956440219727,1041.20134597358,1043.4574293442786,1574972
2015-07-27,1043.26953125,1046.5910272834635,1036.6264371809223,1039.488413525452,2003738
2015-07-28,1045.3585205078125,1052.4402237247443,1041.2222313530197,1044.293108058753,1891188
2015-07-29,1047.32177734375,1050.7895431324055,1037.6079122502058,1049.097430102785,2413318
2015-07-30,1036.4173583984375,1051.5209162562608,1033.1376838112287,1051.2075657032206,2770574
2015-07-31,1048.9930419921875,1052.4398975518552,1039.0702759870837,1040.2818571405442,1963776
2015-08-03,1048.512451171875,1054.9465397620584,1044.8775042648747,1045.9220057893915,1179324
2015-08-04,1048.220703125,1054.1117369863184,1038.6531027142241,1048.8474045144092,2342692
2015-08-05,1064.200927734375,1065.3917004357083,1049.0974744290445,1052.8576804305824,988994
2015-08-06,1075.1265869140625,1079.1792333986418,1065.4336308472602,1071.6588206223446,2211366
2015-08-07,1066.248291015625,1075.001195232425,1064.1383770917166,1075.001195232425,1188506
2015-08-10,1074.62548828125,1081.6862810647838,1068.1495758221909,1074.5836674000093,1431182
2015-08-11,1088.0372314453125,1090.4604973955177,1062.0918532258347,1077.0908667761091,2200306
2015-08-12,1116.2381591796875,1124.4688129334438,1087.1174695016111,1087.5770910927977,3479784
2015-08-13,1101.1553955078125,1121.3769054611873,1067.8984241277178,1115.527696565339,1406426
2015-08-14,1129.398681640625,1136.1462232495426,1101.7821202446312,1102.15810002378,2293964
2015-08-17,1121.690185546875,1126.7247032881426,1109.2606174232062,1123.92545960693,773644
2015-08-18,1145.1500244140625,1148.9102311297158,1123.884007234166,1130.9447990438164,1916926
2015-08-19,1142.10009765625,1150.1427615772577,1137.2117475934663,1148.9519887153735,1690070
2015-08-20,1122.568115234375,1146.8631908442976,1116.3637325814072,1146.8631908442976,2349298
2015-08-21,1118.0975341796875,1140.5543264578498,1109.3029092240954,1133.0757331790967,3536080
2015-08-24,1077.3616943359375,1105.0828105546693,1073.3717794004704,1102.576006447551,4692344
2015-08-25,1072.557373046875,1095.4737896534166,1059.3340174165667,1081.2267403753679,3925800
2015-08-26,1076.56787109375,1102.5759626725162,1049.4943674113338,1068.755019003845,3216158
2015-08-27,1075.6903076171875,1092.506782292901,1063.6368211316335,1092.506782292901,5264798
2015-08-28,1074.1031494140625,1090.0422079747377,1068.6090080920926,1090.0422079747377,2744152
2015-08-31,1071.2618408203125,1082.1037479329623,1057.4744185493519,1082.1037479329623,3692044
2015-09-01,1060.127197265625,1090.960901818841,1057.0355136392195,1067.898329194405,2987602
2015-09-02,1082.85595703125,1094.8259071959321,1064.556264578802,1069.444512740217,3765950
2015-09-03,1088.621826171875,1092.5491129663815,1076.3593316556942,1084.6527184957065,2265074
2015-09-04,1064.3260498046875,1092.506678066788,1060.8582846466868,1091.0443760605788,2426396
2015-09-07,1061.1097412109375,1069.5492982383857,1058.1642247280017,1066.6456026425922,1759184
2015-09-08,1061.3392333984375,1071.2829113469304,1054.3201606111406,1063.3028764633852,1787746
2015-09-09,1065.2869873046875,1075.4186509745134,1062.8846340633886,1070.8019343451642,2045076
2015-09-10,1063.470458984375,1077.299710731618,1055.7829625824313,1062.0499766064663,2665818
2015-09-11,1066.2274169921875,1073.0793078679321,1061.4645296763804,1063.929513076256,1592672
2015-09-14,1066.0811767578125,1071.658857224923,1062.4672412955083,1071.658857224923,1589318
2015-09-15,1060.065185546875,1069.1105329683348,1059.542934494778,1066.0814768661712,1379900
2015-09-16,1065.5379638671875,1071.6587027918386,1061.6523972928992,1067.480696153274,1756816
2015-09-18,1065.9139404296875,1080.4325134546484,1060.7958823129745,1071.6586995402836,2455294
2015-09-21,1065.830322265625,1068.3580364887016,1058.3725401863696,1065.3916112017675,1108840
2015-09-22,1055.6990966796875,1074.750752226195,1040.3240066231403,1068.5255610195509,2081246
2015-09-23,1058.143310546875,1068.6301529661355,1049.7664848797283,1058.8327431693026,1228352
2015-09-24,1078.0928955078125,1082.1038230659726,1056.9939599615454,1059.3336847041599,2354254
2015-09-28,1083.6494140625,1094.2197898208692,1077.716665843044,1083.7747746450304,2366812
2015-09-29,1081.37255859375,1100.4869387949145,1073.6850672481164,1079.3253761599353,3325952
2015-09-30,1081.289306640625,1104.5398787642741,1074.1448726500282,1104.5398787642741,3368336
2015-10-01,1104.9158935546875,1107.151066344268,1083.0230732653397,1085.864138738264,2834408
2015-10-05,1132.9296875,1157.3084090474063,1108.3003466320777,1108.3003466320777,4807306
2015-10-06,1128.06201171875,1138.9248310908565,1121.3771997974536,1138.5070303457753,3979590
2015-10-07,1108.8223876953125,1135.164747940289,1105.8977821614214,1125.5344193175472,2065530
2015-10-08,1100.403564453125,1119.016607060077,1094.637894076267,1115.5279302227605,2357550
2015-10-09,1098.6697998046875,1107.4228079025863,1089.6244535581782,1107.3809870229875,2249724
2015-10-12,1083.189697265625,1111.4956832354967,1080.8499734916363,1109.2604095942384,2455912
2015-10-13,1085.676513671875,1091.29591519309,1072.7455966392208,1087.4521674389387,6179712
2015-10-14,1037.6920166015625,1064.5566333619543,1036.146173758888,1064.5566333619543,8337128
2015-10-15,1031.027587890625,1045.9639616185511,1029.8786360653999,1040.3236526583553,3215710
2015-10-16,1032.8033447265625,1041.1593588424732,1031.9677433149714,1036.5217302072924,2333828
2015-10-19,1039.8016357421875,1042.3919800395406,1026.0560316144972,1040.3238866893207,3130642
2015-10-20,1055.677978515625,1057.03583086753,1042.6635267743727,1042.9350564439019,2695084
2015-10-21,1057.0355224609375,1062.0491296820962,1053.7975677972727,1059.1245254697537,1929688
2015-10-23,1062.3321533203125,1066.8752067663277,1058.2079129333029,1066.8752067663277,2335398
2015-10-26,1062.0814208984375,1067.2943524693521,1053.1000902799653,1067.2943524693521,1414630
2015-10-27,1059.79931640625,1065.5774456820911,1055.2981737363425,1059.3596494680398,1530420
2015-10-28,1058.9617919921875,1060.8250350767983,1050.9853287975259,1050.9853287975259,1255342
2015-10-29,1044.83056640625,1061.599860684998,1042.6113775941183,1060.825306646142,3130316
2015-10-30,1044.7679443359375,1051.7603994488659,1040.4971114461075,1046.7777781147963,1516696
2015-11-02,1054.0418701171875,1056.3238239584903,1041.5642655020706,1046.7771954907475,1319294
2015-11-03,1064.9708251953125,1066.7922595382695,1054.5240027304742,1058.5017585478017,1364906
2015-11-04,1060.9296875,1066.540372610161,1055.1514566970293,1065.6192290848967,991434
2015-11-05,1039.512451171875,1061.4110490782525,1038.4029083087764,1059.6734399399672,1596098
2015-11-06,1049.1851806640625,1054.4190686250724,1039.8479040967459,1043.4279039069515,908024
2015-11-09,1034.7813720703125,1047.9288553269155,1033.6299169301071,1044.6838453863365,2021556
2015-11-10,1029.2545166015625,1037.1472607066219,1025.8420624671876,1035.4514605258314,1361920
2015-11-13,1003.8173828125,1020.8380407406987,999.2744312801727,1020.8380407406987,2743232
2015-11-16,994.271240234375,1000.7193491256032,986.4831742844858,1000.7193491256032,2043528
2015-11-17,1000.9498291015625,1004.257605863974,994.4388511261535,996.7417621498141,1985028
2015-11-18,984.577880859375,1000.258586096038,982.2959265388429,1000.258586096038,1520352
2015-11-19,989.2255249023438,997.2019885377975,984.8081041603265,990.3979359474042,1866906
2015-11-20,1004.2156372070312,1014.767134692065,988.9744944180959,990.8796500447594,2012126
2015-11-23,1001.1588134765625,1010.5169416504352,997.4741367598959,1007.1254443712329,1088082
2015-11-24,991.4866943359375,1001.7451138600533,990.460872828399,996.5531383375939,998640
2015-11-26,982.1077880859375,997.5372299542117,978.883733234685,995.6530301058244,2915292
2015-11-27,985.37353515625,987.9276108242149,976.6433702494843,983.133390501946,1737206
2015-11-30,993.8314208984375,1001.2425844556005,984.0335230865587,990.2514217407194,4100048
2015-12-01,988.9536743164062,995.7159196980255,986.9229868815094,989.372385402907,1721994
2015-12-02,990.3347778320312,995.7362085636166,982.5049062052823,995.6942965932926,1640296
2015-12-03,984.2846069335938,993.6009240682413,982.7144411243836,988.1576825963124,2283358
2015-12-04,974.9266357421875,982.8403348488138,971.8701272711145,979.7837241533771,1246092
2015-12-07,971.3258056640625,981.4166795065196,969.4206501546375,976.5177812139739,1382604
2015-12-08,975.177734375,983.5519527895556,970.2788370473542,971.158068646275,1139964
2015-12-09,991.3611450195312,993.5175681928704,971.4096050132121,978.9044916793833,5282806
2015-12-10,998.43701171875,1001.2213980760748,984.8079526435488,991.926037335275,1723988
2015-12-11,999.04443359375,1001.5357435679396,989.5187584620409,997.7883006093488,1652378
2015-12-14,995.8833618164062,999.4633620457372,975.8480976906741,977.774107351187,2718532
2015-12-15,994.794677734375,998.6258429086135,989.4351559103676,995.8832651173855,1135868
2015-12-16,1008.4237670898438,1010.9779456762758,998.2072571928936,998.2072571928936,1435934
2015-12-17,1021.550537109375,1023.7487706660198,1002.1223804699323,1011.1874360566208,1618844
2015-12-18,1011.94091796875,1019.226449578549,1005.1786729635612,1013.2807729260902,3024970
2015-12-21,1024.3343505859375,1025.8417507829486,1007.7744155313462,1013.2594672315377,1610104
2015-12-22,1007.0205688476562,1021.6544928807334,1004.9060585712132,1021.6544928807334,1560858
2015-12-23,1015.7092895507812,1019.5614107811363,1009.3239460130349,1011.1871897480263,849834
2015-12-24,1019.2471923828125,1020.901080291607,1006.5811853705582,1013.6992719559573,843160
2015-12-28,1031.15966796875,1032.7088783872077,1013.3644485926266,1016.6304151818256,3704198
2015-12-29,1028.2703857421875,1032.2481398224563,1024.062320191348,1029.3381191243936,1708524
2015-12-30,1012.5684204101562,1029.6099307425266,1010.0561554307112,1027.1186217494417,1605762
2015-12-31,1020.3360595703125,1025.214002396272,1008.0468494053603,1011.5012155559706,1240318
2016-01-01,1011.7732543945312,1021.2361642105429,1010.0356445743674,1021.2361642105429,712262
2016-01-04,992.1774291992188,1010.7681530127813,990.6909849999192,1009.1560750935905,1870184
2016-01-05,983.5308837890625,999.2954094776967,980.2021527966234,998.6254311917756,2678020
2016-01-06,997.2022094726562,999.1072628405617,984.0546220658542,984.0546220658542,2653228
2016-01-07,992.8683471679688,997.7462888800225,988.1578489473511,992.3449584767891,3199580
2016-01-08,1003.9016723632812,1007.9841051739531,993.3919839301589,998.625872148969,1907544
2016-01-11,989.1421508789062,998.207204780892,983.489551355189,997.5791381671456,2930228
2016-01-12,974.361572265625,990.2516362158409,963.7053964560848,989.288580353081,3482594
2016-01-13,954.325927734375,974.3403305603291,944.2350556927465,970.1532212755834,4746092
2016-01-14,954.158203125,962.5742289730805,942.0993114930258,951.7296600105101,2742052
2016-01-15,946.7474365234375,959.5599311599818,944.1932586590503,958.3666662031663,3269408
2016-01-18,953.6769409179688,959.6435718712584,946.2867336445122,947.1241555326932,2213922
2016-01-19,954.36767578125,963.0349700669868,949.7618563591905,953.4046203663169,967910
2016-01-20,954.7025756835938,956.7542177992117,939.1683634676726,952.0646770889988,1615954
2016-01-21,946.266357421875,961.1245240414848,942.5937778576961,959.0679204741559,2675536
2016-01-22,963.580322265625,966.224601076512,948.5752056279266,954.0316116779989,1343178
2016-01-25,967.3157348632812,981.7332782494544,961.7964117608486,966.1614952244672,1397560
2016-01-27,973.6532592773438,977.9344170326906,957.7666891956653,966.2031696762347,1626986
2016-01-28,978.459228515625,985.8883126487519,968.7426722090366,971.8695912330558,3106660
2016-01-29,1003.684326171875,1007.3358983089437,980.0748910552592,990.0013058979092,2235744
2016-02-01,1008.469482421875,1012.7716476546926,990.1275887040733,1003.6007520315629,1495274
2016-02-02,1006.5383911132812,1021.1866919033196,998.8154216439367,1011.1133336601301,1475588
2016-02-03,1014.1776123046875,1019.885788726262,990.6731032861959,1002.0895586008721,1308692
2016-02-04,1015.7515869140625,1024.1250478561215,1008.1755594059031,1016.5280136846429,1250046
2016-02-05,1016.5494384765625,1024.1044624289461,1010.7363287516984,1010.7363287516984,1402996
2016-02-08,991.78564453125,1012.3941098000132,985.0910750608324,1007.3364210251376,1063658
2016-02-09,957.5570068359375,979.4666521937453,946.728224153807,979.4666521937453,2489610
2016-02-10,952.2688598632812,961.1249657422389,947.7778381408967,954.871125513222,1890732
2016-02-11,922.5311279296875,960.746968194239,911.4923808021289,956.9694571790585,1962408
2016-02-12,934.5562133789062,941.607484898557,908.2814861459576,923.3915293535613,2172568
2016-02-15,952.4154663085938,968.2391230275232,940.1805682064908,944.377802885984,2479712
2016-02-16,950.9042358398438,957.8086643060283,941.4394540045668,951.0930908490184,1588702
2016-02-17,955.1016235351562,956.8224280285782,942.8666246838447,950.6735210773323,1585178
2016-02-18,972.0166625976562,973.6535431817947,956.1300878836635,959.0681522450268,1529140
2016-02-19,973.611572265625,976.6965809680921,967.6515190814891,968.4490552115396,879012
2016-02-22,972.0371704101562,983.411713073663,967.4622273302575,973.8630077930716,1324884
2016-02-23,950.2537841796875,973.7162814135318,947.2107895086174,969.6659915641003,1306852
2016-02-24,927.9874877929688,949.6032442220127,923.8951843913536,949.6032442220127,1659328
2016-02-25,928.7849731445312,935.1437417101859,917.3684146078261,931.7020303005323,1830556
2016-02-26,927.7985229492188,947.2736466133306,923.2235791379444,935.8571912767296,1537536
2016-02-29,913.6539916992188,938.921321933749,887.7150629816178,938.921321933749,2191718
2016-03-01,955.563232421875,959.1099771098026,907.4419858623306,920.4534111915315,1999760
2016-03-02,973.2756958007812,977.9555709564424,947.0009686568554,967.4624854311587,1527486
2016-03-03,996.0665893554688,1003.5586933622841,965.783585707493,980.4739053510228,2648284
2016-03-04,989.5191040039062,998.9418755711811,986.1613161868603,998.9418755711811,1512966
2016-03-08,988.1550903320312,993.485558469983,967.126901274397,983.0344839512552,1268152
2016-03-09,989.392822265625,994.4924197500388,963.3279624149142,982.5723181350421,2017784
2016-03-10,985.6365966796875,990.4844230143666,971.6387786541566,988.8894534124033,1661666
2016-03-11,992.7510986328125,1003.4960621983339,980.0544616034742,982.1530792942739,1530528
2016-03-14,988.4483032226562,1006.4964038759787,982.1524541575438,991.3863661197088,1636742
2016-03-15,977.9136962890625,992.0164462233595,973.8004881571493,985.9514624240684,1623356
2016-03-16,976.7175903320312,978.7952011609387,968.2601003313468,971.6599016670555,1918246
2016-03-17,987.2102661132812,991.3025685281045,978.7947929608033,979.6342396099977,2221088
2016-03-18,1018.1861572265625,1019.9279685298787,990.5473274611168,990.5473274611168,3204070
2016-03-21,1026.748291015625,1030.399863830195,1015.7305525836739,1018.2488927966913,2336982
2016-03-22,1038.01806640625,1043.0127342860453,1022.6561477215089,1024.9646266102707,1951984
2016-03-23,1038.311767578125,1044.2298060361388,1031.3863314770324,1044.2298060361388,2278434
2016-03-28,1038.1439208984375,1056.5068214937955,1033.1702595915351,1045.531094469416,3320882
2016-03-29,1036.465087890625,1043.8312552270143,1030.4211109575388,1040.074750693597,1838796
2016-03-30,1044.9013671875,1051.407079656432,1032.5195273272745,1037.0944712361697,2136504
2016-03-31,1057.8289794921875,1070.2947448496577,1037.6192348859256,1040.2005954593697,4363964
2016-04-01,1029.9593505859375,1058.0599180213915,1021.6489081110068,1051.4072602364658,3041400
2016-04-04,1037.24169921875,1044.2720678426908,1027.0634043452833,1030.8409158447141,1752352
2016-04-05,1033.6744384765625,1042.9712765102593,1024.9861792524919,1037.0532344169224,1491794
2016-04-06,1041.7117919921875,1044.6918700548954,1032.247108332743,1036.7171229552398,1763150
2016-04-07,1037.0528564453125,1042.8869721750468,1031.2606515831344,1040.9142921962448,2390942
2016-04-08,1020.7883911132812,1038.2698310301892,1018.6687672918928,1035.0379811049886,1399500
2016-04-11,1052.099853515625,1056.4440326600006,1012.7927893558132,1021.187259222003,2400648
2016-04-12,1056.926513671875,1059.8016601543752,1044.3139065846958,1048.4691275507444,1303628
2016-04-13,1060.3052978515625,1068.1961187515797,1054.5551074119228,1061.9002673640457,1601468
2016-04-18,1057.59814453125,1071.7638107195344,1024.125199982637,1029.581604736643,7121504
2016-04-20,1028.46923828125,1063.956768535378,1024.1250602542646,1063.956768535378,6405024
2016-04-21,1017.5774536132812,1035.625561296783,1012.4568482066892,1028.742137959599,2525724
2016-04-22,1014.4926147460938,1022.1944787940888,1009.0991272685166,1015.3110550030266,1964126
2016-04-25,1028.84716796875,1031.2815846177646,1008.3017243643066,1008.3017243643066,2267654
2016-04-26,1045.02734375,1046.5802998385698,1024.9645446985312,1027.9026085039734,2554368
2016-04-27,1053.967529296875,1055.4365612785082,1039.193182818648,1040.914089842891,1848670
2016-04-28,1060.9559326171875,1066.0975447918727,1048.5111735258527,1049.8542680486046,4992744
2016-04-29,1064.2086181640625,1066.9368201037455,1053.505672092998,1056.4437357203492,2372178
2016-05-02,1060.51513671875,1061.9002444884773,1049.3085419846611,1061.4805210716834,1116692
2016-05-03,1040.1165771484375,1061.90018017205,1037.5562234724537,1059.8015632151883,2153118
2016-05-04,1040.0748291015625,1046.811411745624,1031.2606356346002,1038.35392176939,1364892
2016-05-05,1036.843017578125,1045.090543643177,1034.0098838573965,1040.0748681430143,1246566
2016-05-06,1038.1439208984375,1042.7189679011215,1020.3476879386393,1034.618284972746,885598
2016-05-09,1054.5760498046875,1056.8635218417699,1031.0085193974564,1038.1438172017893,1821276
2016-05-10,1058.919921875,1063.557885050203,1047.6294055680207,1055.6041486392517,1158534
2016-05-11,1056.98974609375,1060.0537482411123,1045.1115501499426,1049.308785291107,1598716
2016-05-12,1077.0946044921875,1078.6475612063714,1057.9342645164988,1057.9342645164988,1513082
2016-05-13,1059.12939453125,1077.0096423650275,1053.5680625899654,1076.5899191996475,1621730
2016-05-16,1070.777099609375,1076.5063843716518,1058.7520675610626,1065.257778977196,1111526
2016-05-17,1078.7733154296875,1087.6085155680735,1071.1343682507375,1076.2549744385024,1756698
2016-05-18,1070.7572021484375,1076.9481268974112,1060.2431026736551,1076.9481268974112,1500740
2016-05-19,1073.2115478515625,1074.4917245020108,1060.2631446075632,1072.3931078525927,1038792
2016-05-20,1061.606689453125,1076.9265974976418,1058.8784866506767,1067.0630950580214,1230918
2016-05-23,1045.719970703125,1068.573892098358,1040.9980818829715,1067.7764585306838,1533016
2016-05-24,1035.7513427734375,1044.3766785472144,1032.3516449491162,1042.592854219343,1339158
2016-05-25,1060.41064453125,1063.138847869003,1041.3342278408159,1041.3342278408159,1548678
2016-05-26,1069.7489013671875,1076.5483992682045,1051.4490244528158,1061.9000950718307,1943248
2016-05-27,1079.8011474609375,1082.8232373120663,1070.5463303242718,1071.616542802408,1104676
2016-05-30,1106.5587158203125,1108.8882011531446,1083.7258041574287,1084.1455275517576,1349464
2016-05-31,1078.43701171875,1111.0075809591208,1075.3311002709738,1108.0695178436265,3722608
2016-06-01,1105.3623046875,1110.168115923757,1079.1085920756063,1079.1925162403538,1911942
2016-06-02,1112.3302001953125,1114.072114215241,1091.2811075140023,1091.2811075140023,1408756
2016-06-03,1103.6839599609375,1115.6250731502696,1099.885441757066,1112.8548570364424,1554922
2016-06-06,1107.9031982421875,1119.1412593918212,1103.9592541884122,1111.2958204760391,1322026
2016-06-07,1115.8125,1119.1415528537586,1108.1155277024902,1108.5396055929236,1202194
2016-06-08,1108.157958984375,1114.709941578685,1104.9349256553471,1109.9178407873565,938266
2016-06-09,1092.9544677734375,1112.1015382889623,1083.6035319382172,1112.1015382889623,1562138
2016-06-10,1083.8367919921875,1103.980486649188,1082.7553729405204,1088.1835892602771,1396832
2016-06-13,1080.12646484375,1082.8194010561008,1067.8282051341039,1077.157919396594,1029978
2016-06-14,1074.9737548828125,1085.1939687131178,1067.9340213200824,1085.1939687131178,977570
2016-06-15,1084.3037109375,1087.7174554909955,1069.5245534695496,1072.9171769539892,1270844
2016-06-16,1084.918212890625,1087.632269287816,1067.1705162592955,1079.5112211577,1145070
2016-06-17,1103.705078125,1106.8432128702423,1085.215242044042,1085.215242044042,1878988
2016-06-20,1127.7501220703125,1131.439578248983,1099.1248703717345,1103.7049313504308,1872838
2016-06-21,1124.3150634765625,1130.167357931877,1120.1590802526655,1129.5312412200954,1027690
2016-06-22,1131.291259765625,1135.5532629578304,1116.06690603306,1123.8063269640386,1761712
2016-06-23,1121.8343505859375,1127.8350105820261,1113.3315692239378,1125.9266603103138,1397014
2016-06-24,1091.5550537109375,1099.7185515187984,1066.195180073619,1087.8231482918482,3766586
2016-06-27,1058.4345703125,1080.1261073802,1052.8366607798935,1080.1261073802,4272566
2016-06-28,1044.9066162109375,1061.424428052541,1042.5529633950418,1058.4347619850707,4499524
2016-06-29,1061.4244384765625,1065.4956273621283,1045.4791729998044,1049.5927075507532,2531264
2016-06-30,1082.7127685546875,1086.86864699997,1060.3426708864881,1069.5239112644342,5121812
2016-07-01,1060.554931640625,1087.5898894557506,1057.7984261379063,1086.4872458408186,2197296
2016-07-04,1057.734619140625,1071.1567409804022,1052.5608917094082,1066.979534061592,1883484
2016-07-05,1053.9609375,1058.94385335415,1050.50464012718,1057.735189796941,1559748
2016-07-07,1030.42431640625,1056.738366065411,1028.3887221462107,1054.9783809768394,3316800
2016-07-08,1029.0670166015625,1035.6189965402584,1019.2707800476771,1032.6292279659222,2456356
2016-07-11,1044.9918212890625,1048.2360802930425,1029.2373641133925,1030.509598185226,1543632
2016-07-12,1045.3306884765625,1049.5926916282826,1032.9900850109245,1048.193213999185,1465536
2016-07-13,1057.268798828125,1059.8768368567623,1039.5210948665153,1050.8651802464967,2102300
2016-07-14,1069.4814453125,1072.4924382136096,1047.8959331062988,1054.2570982202585,2699988
2016-07-15,1037.0189208984375,1071.9841225987325,1029.0462357736096,1067.4040606304575,8336366
2016-07-18,1031.9720458984375,1047.0480315801165,1030.7634863545627,1037.7183204846274,2598850
2016-07-19,1045.8607177734375,1048.6596728495904,1029.448926551407,1029.448926551407,2362896
2016-07-20,1058.052978515625,1061.2547868912936,1038.2061150408622,1038.9907004530146,2815252
2016-07-21,1062.7603759765625,1068.464202670276,1045.1186950187173,1055.7418664606678,2527148
2016-07-22,1066.5980224609375,1070.3722731354076,1056.8017847279857,1059.7278798769921,1517216
2016-07-25,1088.005859375,1089.8128602896627,1065.4077600457313,1068.0438347371296,1688796
2016-07-26,1085.3060302734375,1091.8537095964307,1076.972525859719,1088.0058398982153,2311290
2016-07-27,1095.914306640625,1097.1259980454238,1082.0747832494842,1086.3265505707002,1750510
2016-07-28,1113.64404296875,1118.0233836272319,1095.7016074486085,1097.1684462654803,4632080
2016-07-29,1113.6650390625,1120.2977314425198,1105.033933710038,1111.4115824232547,2488084
2016-08-01,1151.48486328125,1158.6065734113936,1119.0651380619404,1119.0651380619404,3961704
2016-08-02,1147.6365966796875,1154.6520102050893,1143.6399783742452,1149.2097292551116,2578162
2016-08-03,1129.3968505859375,1147.5518742983243,1126.314319615703,1142.0245773861798,2294702
2016-08-04,1127.568359375,1140.727554573193,1120.8718278289382,1135.221538284785,1415416
2016-08-05,1126.3353271484375,1141.3015221041735,1119.0647660605562,1136.8796233608102,1868484
2016-08-08,1126.5052490234375,1134.371015057381,1117.8104094924354,1122.466071870872,2058244
2016-08-09,1126.802978515625,1130.8847153024362,1096.4666910885162,1130.1193766795493,2261914
2016-08-10,1137.5174560546875,1140.3236631899545,1125.8676585111855,1127.1431883357827,2062078
2016-08-11,1152.1861572265625,1154.3545996531452,1133.329635164056,1133.329635164056,2233138
2016-08-12,1164.324951171875,1167.0248643619575,1148.8485629687927,1150.102813298503,2327358
2016-08-16,1144.4478759765625,1164.983927280069,1136.858535666341,1164.1335740484778,3183754
2016-08-17,1115.897216796875,1147.5515925023235,1113.1122894298196,1147.5515925023235,1848566
2016-08-18,1121.8497314453125,1129.92808679314,1118.2570099590916,1120.3403337644845,1292064
2016-08-19,1106.9473876953125,1125.2087037127308,1105.4592694479786,1122.4663351317938,2416244
2016-08-22,1083.647705078125,1103.099536779432,1078.3755561490918,1100.357168152613,2265274
2016-08-23,1105.9056396484375,1107.5637869024567,1080.0336014685017,1082.05319036134,1503374
2016-08-24,1093.575927734375,1106.309951185165,1092.300397429396,1101.1228153721677,1116878
2016-08-25,1084.6466064453125,1101.0796377909141,1073.9959136197458,1096.9554462149422,1939690
2016-08-26,1073.5498046875,1093.7882555598653,1070.2546855179235,1088.367253055078,1250314
2016-08-29,1063.175537109375,1077.8015729561546,1048.8045449814606,1077.8015729561546,1488728
2016-08-30,1081.713134765625,1084.1154451247228,1063.4730979648662,1067.1933936598957,1444026
2016-08-31,1067.7459716796875,1084.2002846508726,1063.3028971561052,1084.2002846508726,3231668
2016-09-01,1066.1304931640625,1077.8015719198754,1057.4356510790967,1073.5285256532943,1345736
2016-09-02,1069.234375,1071.1901255182818,1061.2623119564223,1068.0438594915781,1742330
2016-09-06,1056.1600341796875,1071.50884832332,1054.4380480583693,1071.4025541652497,2239066
2016-09-07,1037.665283203125,1062.8144499642967,1030.203409435689,1062.8144499642967,3854040
2016-09-08,987.3028564453125,1003.41701185177,971.4224651814964,1003.41701185177,7021516
2016-09-09,1000.2067260742188,1006.2442133605942,986.4310450093684,990.5339579004036,2742438
2016-09-12,1003.012939453125,1005.0962633975573,988.1104779642146,993.6377740974051,2024454
2016-09-14,990.0027465820312,1010.900245362261,982.1582565919123,1004.2674467835917,2069858
2016-09-15,989.36474609375,995.8062343699581,985.0279651946814,994.8920423266326,2818964
2016-09-16,1004.1399536132812,1010.2200021646715,986.4101031237533,993.5105343985856,4358004
2016-09-19,1025.292236328125,1031.903754153843,999.1651513232514,1005.5428012253147,2802546
2016-09-20,1023.1873168945312,1027.6091112743636,1014.2160506127482,1025.100611274762,1184552
2016-09-21,1026.1212158203125,1030.6281295250335,1020.7214934930316,1023.6977298406699,1678020
2016-09-22,1011.0701904296875,1032.3290253840544,1008.136512727147,1031.1597894615643,2857574
2016-09-23,1019.6158447265625,1022.060609694008,1008.1572545759859,1012.7704612965708,1800726
2016-09-26,1020.8917236328125,1028.5449035411918,1018.2981044760367,1020.8917236328125,1753476
2016-09-27,1035.7728271484375,1040.8323875110163,1020.8916451374548,1020.8916451374548,2038792
2016-09-28,1030.2244873046875,1036.3682702384417,1026.8868084824471,1033.604621517806,1731328
2016-09-29,1036.49560546875,1044.4463876592115,1028.7574115924874,1035.3050901486586,3603958
2016-09-30,1033.51953125,1041.5978884572153,1030.245691458183,1036.1768855944786,2175364
2016-10-03,1025.3985595703125,1044.935406897059,1020.8917491267924,1041.6828468759322,1818880
2016-10-04,1022.6135864257812,1031.074664110359,1019.5736148750635,1028.927501250064,1780718
2016-10-05,1014.6201171875,1026.9714131122905,1010.2620574831061,1023.8251481151445,1176354
2016-10-06,1015.6404418945312,1021.4440600413542,1008.8376173753004,1018.2977952223557,2267572
2016-10-07,1006.7330322265625,1015.3215775744497,1002.6512959211971,1015.3215775744497,1816512
2016-10-10,1012.0479736328125,1014.8540771658735,1001.3122635080283,1007.6260743095831,1202142
2016-10-13,990.19384765625,1007.6260901124626,986.7924344940621,1004.8199865353928,5173334
2016-10-14,1006.052734375,1014.8964273977747,974.0794784953088,984.2837157209252,7741214
2016-10-17,1004.4589233398438,1010.1350752141415,996.7844612403878,1007.2012929745878,2728346
2016-10-18,1020.5087890625,1027.0990259395342,1001.2058141825299,1010.2195367634471,2128632
2016-10-19,1018.3406982421875,1024.6757891936356,1007.7962959164614,1020.84919910951,1985058
2016-10-20,1020.9127197265625,1024.3992507801222,1014.4713359586217,1019.1057192329229,1265854
2016-10-21,1032.6051025390625,1033.9869264816625,1019.6797754894324,1020.4238345354478,1259660
2016-10-24,1034.9710693359375,1038.0405348025924,1024.249224855181,1035.1842281055863,1253190
2016-10-25,1022.5012817382812,1029.386372449666,1015.0620614907231,1025.2936824381306,1772466
2016-10-26,1021.5635986328125,1024.3346631674451,1011.4385551408858,1022.5654866740674,1437130
2016-10-27,1030.878662109375,1035.7386412672654,1008.4543140225218,1014.5080033136595,2941602
2016-10-28,1022.608154296875,1029.599826397586,1018.0465761330066,1027.425564690346,1752102
2016-11-01,1001.8466186523438,1023.0345880262712,995.0894413152273,1023.0345880262712,2934776
2016-11-02,982.2572021484375,999.288571447039,978.3990066002365,998.0096184972347,2325076
2016-11-03,988.8220825195312,995.4513403130604,973.9223070429065,977.9723232026384,1463310
2016-11-04,993.5543823242188,995.9416981441989,977.9724551282729,989.0567113764574,1183752
2016-11-07,970.7461547851562,999.6717308553556,963.4987582512765,996.6875087531698,2048052
2016-11-08,973.3684692382812,983.5148504537057,963.4779202537386,972.1960956627513,1933634
2016-11-09,925.04541015625,969.8726701805844,913.5348334112497,929.372492744472,4500226
2016-11-10,918.906005859375,945.3590267244765,912.6604963120036,939.9448154598578,2172426
2016-11-11,895.7573852539062,915.3254299477915,889.3839565154548,915.3254299477915,2398424
2016-11-15,904.3478393554688,919.8018573736864,874.7613258592902,902.4719788574735,6290324
2016-11-16,933.4649658203125,941.6928114174332,911.4669382140048,914.4938345057553,4019958
2016-11-17,911.1257934570312,941.5649271856529,908.1202340900127,931.5037919648123,2504688
2016-11-18,905.9677124023438,916.5829806385499,897.0576107463295,913.1724393152437,2140534
2016-11-21,909.292724609375,912.319621059485,897.3985057617831,906.4364176401031,1793366
2016-11-22,910.1882934570312,928.2854590844146,904.6675000343237,908.9093403514711,1318860
2016-11-23,919.2900390625,922.1036728981096,906.8628180238453,916.1565629312951,1275808
2016-11-24,932.9747314453125,941.138775938919,911.0407117288687,918.6717551407205,3026234
2016-11-25,980.6798095703125,983.6213596080293,934.5734950717672,943.0146050289135,4276148
2016-11-28,973.1126708984375,988.8224132285222,960.0246362977531,977.9726502829554,1924296
2016-11-29,963.4136352539062,977.1197011218034,960.3014967158992,969.8723036876539,1442296
2016-11-30,970.3204345703125,978.2925548481068,955.9322120074522,965.6096031075115,3445832
2016-12-01,964.9485473632812,976.2673004180414,960.9412035705625,970.7251716383757,1123052
2016-12-02,947.2136840820312,968.0819072056601,940.1154344707695,962.6250217840433,1998032
2016-12-05,931.9302978515625,954.0349076193676,925.1092160740579,950.2619551286061,2249526
2016-12-06,930.37451171875,939.5829119609377,925.066772874689,933.6358006225818,1593444
2016-12-07,918.5226440429688,931.2694991797736,914.7283547965229,930.3102845399369,2065706
2016-12-08,936.0869750976562,937.4725074529186,920.84611918977,921.0592780136565,3239546
2016-12-09,935.8735961914062,946.3822821051803,926.5159468396475,940.030192279718,1588718
2016-12-12,941.3946533203125,945.4021018469381,922.1251155499848,935.6820382037665,1311758
2016-12-13,938.0266723632812,945.572473358736,930.6513567818399,945.572473358736,2147534
2016-12-14,941.138671875,948.4286395842958,933.2091237546075,943.8670625823212,1870366
2016-12-15,963.1791381835938,968.6360229410549,938.7511248806339,938.7511248806339,4295410
2016-12-16,973.1339111328125,976.2673873930531,960.0673172092384,970.7252581196428,1987230
2016-12-19,975.798583984375,979.5502007224792,964.0322774057668,972.0043979233167,1334210
2016-12-20,997.2846069335938,999.7145960095277,975.0095162549167,977.1197671871375,2922760
2016-12-21,986.328369140625,999.2031389064359,982.9178285890757,999.2031389064359,2034902
2016-12-22,983.813232421875,991.1885486756241,974.6474028319714,983.0885132240813,1868300
2016-12-23,975.457275390625,988.0975497324067,971.4925011658545,980.5304128506248,1118954
2016-12-26,977.5890502929688,981.2127503381535,966.0358002810316,966.0358002810316,897408
2016-12-27,990.5062866210938,993.3200244602983,972.6436205176698,972.6436205176698,1294692
2016-12-28,986.2431640625,1001.8037575646485,981.8734083529926,991.9132093603954,1350418
2016-12-29,1002.5711669921875,1006.0669508023497,981.8095188684465,981.8095188684465,1963516
2016-12-30,1008.4757690429688,1014.0392353642632,999.9919850960429,1003.9354234808146,1405748
2017-01-02,1006.68505859375,1012.5469253154203,1002.869432989765,1008.9232258874786,823132
2017-01-03,1009.626708984375,1011.0974839649796,998.9901051245708,1006.6424856283566,1475324
2017-01-04,1014.4226684570312,1018.4087794109237,1005.3847566945046,1010.2447354109141,1420066
2017-01-05,995.1957397460938,1018.8777026698126,989.2272934903958,1016.3411338274295,2216404
2017-01-06,972.6011962890625,993.0432140498771,962.2417590486325,989.4834194863479,3009896
2017-01-09,982.10791015625,985.347965799072,962.1988975148779,969.872614907553,1854578
2017-01-10,987.0744018554688,993.2346697666833,976.9066864408245,982.2356559282827,1533914
2017-01-11,990.9329223632812,993.1498578969127,972.0896988977767,986.9255772029113,1931296
2017-01-12,999.4376831054688,1006.109511752095,982.2357267274691,990.9325639252914,2570374
2017-01-13,958.9163818359375,1005.2357562993744,954.0350651989452,1000.9939161846464,10235580
2017-01-16,962.8597412109375,969.403654635105,949.835716295531,959.2147045174797,3364808
2017-01-17,971.4714965820312,975.3296927330786,960.408572653925,961.30377740979,3009956
2017-01-18,978.44140625,979.6776854563423,965.8010290170783,971.1513348431452,3136574
2017-01-19,976.6937255859375,978.4629021817187,973.2618477242656,978.398996167493,2251676
2017-01-20,974.2849731445312,980.5304843798507,965.6093683132008,974.988355555095,2037246
2017-01-23,986.191650390625,989.098899499092,966.1403680068696,968.3635216621757,2318546
2017-01-24,991.1729125976562,993.1609027868898,979.0522890150571,985.0377615243194,2282638
2017-01-25,1005.9865112304688,1008.979246283003,991.0442335224068,992.9895321822171,4111648
2017-01-27,1008.0388793945312,1016.9956886511785,1002.5878252567268,1002.5878252567268,2871658
2017-01-30,997.3930053710938,1005.5375406055721,991.0868853294908,1000.8560689757732,2577956
2017-01-31,953.314453125,997.0297642280113,940.5953283786471,991.877963413068,4666804
2017-02-01,926.8500366210938,957.6538529424574,921.5700593625279,949.124578618375,4864152
2017-02-02,943.8445434570312,948.6970917388865,920.4798731472837,927.7693421591125,6009482
2017-02-03,954.490234375,958.9579399695446,936.7261910268712,944.7210490978977,2153372
2017-02-06,957.9961547851562,965.5848780909407,946.965764259389,965.3711112372566,2408910
2017-02-07,959.64208984375,963.0623591054177,951.6899220590388,959.3855278977911,1814638
2017-02-08,970.9074096679688,975.8882387432903,959.4067975600645,959.7701384936801,2212584
2017-02-09,990.7238159179688,995.2984054108127,970.5869378715945,972.6391204079033,4033202
2017-02-10,1025.2037353515625,1036.5333708902606,988.029725657791,988.029725657791,5782160
2017-02-13,1032.1728515625,1038.4789712934917,1018.5345733532367,1024.3703644377135,3819812
2017-02-14,1028.7528076171875,1034.4817165659372,1025.2256551339285,1034.4817165659372,2033328
2017-02-15,1031.93798828125,1038.0517405779487,1015.4352514081246,1024.7981969379503,1924972
2017-02-16,1046.495361328125,1059.4282526283705,1041.3008698795195,1051.7326478877285,4175680
2017-02-17,1029.4581298828125,1058.4022385607811,1026.9357233544613,1056.8630758252407,2723324
2017-02-20,1069.77490234375,1092.3487046701384,1029.544040074692,1036.7693185225385,3973948
2017-02-21,1054.02001953125,1079.9070959266087,1049.659093238175,1074.819487755784,5501112
2017-02-22,1030.9969482421875,1056.0076558814858,1026.1444016753849,1054.2547269281006,4505496
2017-02-23,1061.052978515625,1065.948217679035,1032.4937112984537,1032.4937112984537,4853352
2017-02-27,1064.4945068359375,1069.6889979885132,1056.0293212279917,1059.898520933309,2139892
2017-02-28,1054.40478515625,1064.558708581475,1047.4573638653067,1064.3449417725228,2354828
2017-03-01,1060.0911865234375,1069.6465019094696,1056.00821889052,1060.2407606885824,1130374
2017-03-02,1069.453857421875,1073.1092904222833,1056.0293447033766,1063.147737089712,1544942
2017-03-03,1066.2901611328125,1068.7056841425983,1058.3165971262206,1065.413696405772,1013970
2017-03-06,1057.0770263671875,1061.9936636991279,1049.4028176682182,1060.2835289749746,1400694
2017-03-07,1068.7486572265625,1070.971811368507,1058.1671992100473,1061.5232757923254,1511672
2017-03-08,1074.0498046875,1077.3845873812472,1065.4991333590774,1069.6889831856668,1791510
2017-03-09,1077.2777099609375,1079.0947276282989,1070.5654538065826,1074.8834802243832,858468
2017-03-10,1086.8974609375,1090.0184775708008,1074.7982373301852,1077.2138651668622,1171420
2017-03-14,1097.6925048828125,1106.0934982710944,1090.6595981225184,1093.117916293142,3402294
2017-03-15,1068.107177734375,1099.680470402592,1066.2046741542,1099.6163821160815,3022496
2017-03-16,1077.76953125,1080.3775282535476,1071.3993216475624,1071.3993216475624,1571818
2017-03-17,1079.8428955078125,1088.5004501486255,1073.002358507664,1088.5004501486255,2593152
2017-03-20,1060.283447265625,1079.928597519739,1054.2979761923514,1079.928597519739,3487540
2017-03-21,1063.147705078125,1065.4136538693201,1053.8702475071727,1061.138318179636,3373700
2017-03-22,1059.8343505859375,1067.1238190234394,1055.9865483538817,1060.3473700078819,1888716
2017-03-23,1051.882568359375,1062.4426297513587,1046.2604376425054,1061.1386311057977,2620638
2017-03-24,1037.709716796875,1055.9226931332676,1036.0423772129589,1055.9226931332676,5099814
2017-03-27,1031.2322998046875,1043.181841415735,1028.6457010025651,1037.602507822666,2181270
2017-03-28,1038.885498046875,1044.6358054617092,1030.356221569716,1030.356221569716,1153158
2017-03-29,1045.14892578125,1047.7996138481424,1037.0257854734007,1041.4720942063593,1717764
2017-03-30,1043.609619140625,1053.870426538976,1041.0444172910372,1045.2769585915248,2986086
2017-03-31,1039.67626953125,1043.5454696364293,1032.4936838980336,1042.4979287732936,1867044
2017-04-03,1031.0828857421875,1041.0444406909958,1029.5865179629602,1041.0444406909958,1196888
2017-04-05,1026.6151123046875,1034.588572622897,1023.9430271607399,1034.588572622897,2905568
2017-04-06,1026.10205078125,1030.3559892804155,1022.8955487399209,1026.08065322531,1720704
2017-04-07,1038.50048828125,1040.2961084846515,1022.7244361739001,1023.9001535470976,2277012
2017-04-10,1035.593505859375,1047.030032345798,1028.2185495270087,1039.7619594385385,2543264
2017-04-11,1034.3319091796875,1044.5072282579838,1028.6456922496125,1033.4768421038357,1557784
2017-04-12,1023.19482421875,1038.0516173417425,1018.8126046644861,1035.7001824589668,1050538
2017-04-13,995.5762329101562,1029.928604839513,992.3270396646883,1026.0808018326404,2500472
2017-04-17,989.6762084960938,997.3931065731254,981.2537129646346,996.324272559318,2270882
2017-04-18,987.0895385742188,997.9488496250168,984.2036869437331,996.1532294861553,1730620
2017-04-19,982.9639892578125,1004.148303344668,963.1478664087585,967.7224557724396,5626812
2017-04-20,994.2293701171875,997.0083384705574,979.4580636093807,985.5932124177632,1268842
2017-04-21,987.9447021484375,998.5688498943131,983.7548518299506,995.7685882081477,1161154
2017-04-24,995.341064453125,1000.2789942712867,975.845489591017,983.3273279558989,2000020
2017-04-25,988.243896484375,1002.3311074448179,984.4815800045312,995.2982007422129,3148710
2017-04-26,987.7525024414062,1002.11757179838,984.6314856287423,1000.4288345985509,2187438
2017-04-27,984.4602661132812,995.2127994773825,973.7719254203338,985.9139430745183,5773186
2017-04-28,971.8480224609375,982.792925063437,969.6462660332246,980.7621403351928,2540510
2017-05-02,979.0091552734375,984.1823536185035,974.7766143571625,980.7620847961977,2382696
2017-05-03,999.274169921875,1002.566157323994,969.8598413174757,981.1894801955507,3514406
2017-05-04,996.1959228515625,1004.7037983715577,987.0894377608745,1004.6824008193358,2708208
2017-05-05,992.0918579101562,997.2222618295365,984.3962520310859,986.7476871608019,1682474
2017-05-08,1001.4758911132812,1003.592161199795,990.8944363024095,992.3053178195196,1071782
2017-05-09,1005.794677734375,1009.4073175249805,997.244001601169,1002.1178452457481,1790270
2017-05-10,997.2011108398438,1007.3336402103324,990.1682012703959,1006.8420181311668,1206388
2017-05-11,1004.4688110351562,1008.9793114599319,993.0536846159139,1003.5496555324008,2071302
2017-05-12,1009.25732421875,1013.212010697145,991.8995197081487,1001.8396776133038,2314446
2017-05-15,1011.1597290039062,1016.6534729733371,1001.1126897030583,1015.4350648766076,1817604
2017-05-16,1038.54345703125,1041.0445709551088,1014.7298505548865,1017.5302171963692,3601026
2017-05-17,1049.744873046875,1052.053513189768,1035.9141166143686,1040.4032202975923,2876198
2017-05-18,1084.3109130859375,1099.616639913749,1044.1441441793752,1047.457530244434,5138594
2017-05-19,1071.89111328125,1086.1708020088467,1062.8488169479358,1084.3109885947063,1786044
2017-05-22,1082.2373046875,1091.814016324586,1073.1094198628332,1073.1094198628332,1663940
2017-05-23,1078.1112060546875,1096.2599822536974,1074.8192189804067,1083.0278413045978,2748596
2017-05-24,1094.1226806640625,1098.7614624416562,1081.510438196347,1083.7122990846585,2534548
2017-05-25,1122.104736328125,1127.6412756120162,1097.9062926439128,1101.754095071403,4094094
2017-05-26,1102.288330078125,1123.06650150725,1096.4738322852784,1122.2755227208681,1362550
2017-05-29,1099.9798583984375,1110.090986230919,1096.1961443081366,1102.6091482724978,1749290
2017-05-30,1090.681396484375,1101.3055475946173,1079.5227238057723,1094.4864051258523,927634
2017-05-31,1088.757080078125,1099.8301582877907,1080.804913567166,1082.9425815133036,2502730
2017-06-01,1091.7498779296875,1096.1961857617912,1081.660042892875,1081.660042892875,1080064
2017-06-02,1096.5806884765625,1108.1028003934268,1091.2793145567746,1092.8825652637631,1355648
2017-06-05,1113.2760009765625,1120.0951404336804,1094.5500100334536,1096.6235895662194,1500188
2017-06-06,1152.6304931640625,1158.1670319643922,1124.41327782696,1124.8408113926737,5946720
2017-06-07,1118.1072998046875,1154.340774102918,1101.5617695848775,1153.0581732428036,4927776
2017-06-08,1078.06884765625,1113.7037132383962,1075.4608507510402,1110.7323753731675,3330714
2017-06-09,1071.8270263671875,1089.0993467479718,1062.8488183282122,1077.3849646770293,3148034
2017-06-12,1063.3614501953125,1074.3490418182528,1056.1788655073344,1067.5512999614923,1626506
2017-06-13,1059.8380126953125,1072.6128956882255,1057.8709654755455,1065.6526072322108,1175414
2017-06-14,1067.90087890625,1070.4083185320646,1061.3297342472613,1061.3297342472613,1489142
2017-06-15,1042.3939208984375,1067.6842516911706,1039.7135992568049,1067.3816534574016,2997198
2017-06-16,1037.423095703125,1052.6837894060445,1031.7165763521664,1044.0158791891383,2450426
2017-06-19,1051.257080078125,1057.5905383686754,1039.779131578132,1044.858816958298,1644742
2017-06-20,1057.0062255859375,1058.7354791247285,1029.0355707050467,1050.9538382001695,1670958
2017-06-21,1040.276123046875,1055.7745005851189,1036.342027498898,1054.8450686648664,1657818
2017-06-22,1035.3260498046875,1050.9541409453432,1031.0677195206265,1041.4432437422179,5775882
2017-06-23,1020.995361328125,1043.583754744877,1017.6665665652524,1037.2935685790849,1424756
2017-06-27,1012.845947265625,1030.9382078713568,1007.9824193266684,1016.1963776235729,1974330
2017-06-28,1015.9586791992188,1019.3955514889404,1009.4523378823901,1015.8937688267661,1789726
2017-06-29,1008.6958618164062,1025.4696531766137,1004.3079203219323,1019.8279387227697,2471826
2017-06-30,1021.2760009765625,1027.6093525382832,1004.3076934094074,1004.8696166123306,1753848
2017-07-03,1026.1397705078125,1030.2251135849353,1012.9542035576796,1019.136204609511,1475956
2017-07-04,1023.2216186523438,1029.1010210452,1015.9587281243906,1026.0100206237444,1215134
2017-07-05,1018.5305786132812,1022.4214000086631,1013.775130241148,1020.605704466542,815856
2017-07-06,1014.877685546875,1021.0813216018951,1011.6569707397407,1019.8276545372009,1026788
2017-07-07,1008.1337280273438,1018.725411748625,1005.3453262791719,1015.9370100004533,1232090
2017-07-10,1052.661865234375,1056.9633639795693,1028.4523062556557,1040.1464089785436,783608
2017-07-11,1070.3221435546875,1087.1823757121233,1048.7929029215127,1048.7929029215127,3537504
2017-07-12,1054.6075439453125,1073.56454028328,1050.5654745240379,1073.2186682438637,2646450
2017-07-13,1057.6119384765625,1068.67920874643,1049.0522137165417,1057.0067416606075,3131960
2017-07-14,1036.4501953125,1048.360455826936,1026.7447763253497,1030.2032850456035,4508432
2017-07-17,1035.585205078125,1047.1064215405613,1029.8570520183741,1036.5579103146865,2211822
2017-07-18,1041.1622314453125,1056.141851592188,1035.887922453446,1035.887922453446,1908002
2017-07-19,1058.99560546875,1063.4916254068098,1044.080783892923,1044.253667142337,3915576
2017-07-20,1056.876953125,1062.151157518314,1050.7381216001493,1058.844000958307,1182504
2017-07-21,1076.9796142578125,1080.7839950293783,1052.4890911485716,1052.6403375806885,2148416
2017-07-24,1097.1387939453125,1101.1706604454073,1076.0258185927169,1076.0258185927169,2271402
2017-07-25,1114.8267822265625,1118.5118017283808,1091.8062062957697,1094.992706672658,2678832
2017-07-26,1108.1070556640625,1116.3441581905167,1104.2052702567946,1109.841182511737,1459826
2017-07-27,1075.8953857421875,1120.5925375012262,1069.305726375186,1102.1240484000828,4255304
2017-07-28,1077.022705078125,1080.8161070361048,1058.6842950155828,1075.5920294568637,1382752
2017-07-31,1080.2744140625,1092.0664562564732,1067.7886787454124,1071.256932675564,2019662
2017-08-01,1084.54443359375,1092.8249306268383,1079.9273637573951,1083.829148692689,1747460
2017-08-02,1072.470703125,1087.2974655779785,1067.3550080753523,1083.829212099261,1251024
2017-08-03,1079.2557373046875,1084.6965826588316,1069.2845057294865,1075.158882891248,1882548
2017-08-04,1093.7137451171875,1096.098169360773,1078.6268214619618,1079.8407313363261,1387890
2017-08-07,1085.3250732421875,1092.5000451037733,1075.6789914947435,1090.982683930018,1885520
2017-08-08,1085.1514892578125,1096.2282448142707,1082.2251504273447,1089.0315766126346,1073958
2017-08-09,1089.031982421875,1093.7358452244455,1080.924958179877,1083.8296003402418,992946
2017-08-10,1088.7928466796875,1092.759724074003,1077.9112677146086,1087.7307154955056,1526172
2017-08-11,1082.1165771484375,1099.0026118904077,1076.458968569579,1083.7856103117776,1394736
2017-08-14,1070.5633544921875,1088.1213918986773,1067.788793387263,1085.1300648998454,786504
2017-08-16,1080.5128173828125,1102.8180030576534,1068.7423677586705,1076.8927852081752,1373340
2017-08-17,1077.60791015625,1085.9967899727558,1067.398324409699,1084.132582697678,1752374
2017-08-18,1089.81201171875,1105.4624426275075,1071.4302040810076,1072.5574288412838,2837356
2017-08-21,1096.314697265625,1105.0720141456356,1081.3578575292481,1086.213390130204,2304834
2017-08-22,1082.7669677734375,1100.9535988881682,1080.3608460048495,1093.8003268339628,1131326
2017-08-23,1079.2557373046875,1091.112874580115,1072.189147671978,1085.9971780816838,1562272
2017-08-24,1082.3553466796875,1091.6111855003132,1077.8248554804964,1082.8321680714348,1623908
2017-08-28,1078.323486328125,1086.1703470855125,1066.921580733219,1085.8236063778872,2036796
2017-08-29,1071.19189453125,1082.095174970817,1068.2004621525105,1076.0257308804357,1312602
2017-08-30,1077.1312255859375,1079.4939522244747,1066.5313965007074,1075.5921668549886,970782
2017-08-31,1082.2469482421875,1085.7367939033277,1069.370971523486,1077.3263208981864,1784664
2017-09-01,1064.948974609375,1082.9839365354417,1056.321735700765,1075.1586678048532,1702330
2017-09-04,1064.84033203125,1066.9213049526395,1056.9500778035494,1063.4964475298063,1062544
2017-09-05,1077.04443359375,1079.493845162363,1056.538364683774,1066.487895220648,1165994
2017-09-06,1063.539794921875,1072.9258184056198,1062.152514846531,1070.0210717520954,1228764
2017-09-07,1066.531494140625,1070.1297229699592,1062.6080106580214,1065.6210351339791,870636
2017-09-08,1071.08349609375,1072.5574615858486,1063.25822747912,1063.778444367937,1021134
2017-09-11,1064.08203125,1076.4376866896823,1062.1528360428738,1071.3436883943748,732764
2017-09-12,1078.82177734375,1082.5284939963353,1065.1872285738868,1072.5138708777977,1396460
2017-09-13,1079.1470947265625,1097.5504943638023,1073.0776508801334,1083.8292582909196,1278980
2017-09-14,1078.171630859375,1082.788806930224,1071.6469576620368,1076.0256701313997,1081510
2017-09-15,1086.4522705078125,1091.199422033456,1077.3264059408573,1083.3958504813693,2944072
2017-09-18,1083.4176025390625,1092.044842516964,1079.1689699792178,1085.9753976722482,726600
2017-09-19,1083.0709228515625,1085.9972627812126,1080.1445829219126,1085.9972627812126,782754
2017-09-20,1081.032958984375,1089.8986608125006,1072.6874740119642,1089.8986608125006,1334642
2017-09-21,1094.6240234375,1101.6039253567253,1075.158494641747,1079.9490405545553,2438740
2017-09-22,1085.389892578125,1095.491095454148,1080.360883048688,1092.4563738725508,2435396
2017-09-25,1088.48974609375,1098.569358399507,1080.6861752763896,1082.3336169508175,1599558
2017-09-26,1072.8392333984375,1095.2745000096,1069.0892263406104,1088.164622106623,1449230
2017-09-27,1081.661865234375,1089.1185911928962,1072.44931427797,1079.4942061858092,2010356
2017-09-28,1073.61962890625,1089.898766495599,1063.0197993027878,1081.5315829589726,4332866
2017-09-29,1056.061767578125,1076.892991747256,1049.7972542334865,1074.7253327461544,1985014
2017-10-03,1061.480712890625,1064.0169157759092,1052.20317647018,1057.8173910450957,1923006
2017-10-04,1058.814453125,1063.8867526598513,1051.3143338223877,1061.9792555871077,1300778
2017-10-05,1053.3087158203125,1059.3130666741486,1051.0542661880836,1058.2509351220633,1684686
2017-10-06,1060.7003173828125,1064.3203495033367,1052.6366910714232,1053.482056738537,1389188
2017-10-09,1063.930419921875,1069.9347717740297,1058.2728088313706,1058.2728088313706,1773616
2017-10-10,1066.1630859375,1070.8018550584868,1062.6948315154202,1064.32057577577,1222010
2017-10-11,1083.9810791015625,1090.0938128516752,1065.0790537609284,1066.4880318517894,1527746
2017-10-12,1104.7254638671875,1107.673500614663,1086.863978881002,1089.4651690977096,5006356
2017-10-13,1109.2340087890625,1131.0622616325759,1093.8002412875694,1104.7252165837374,4066320
2017-10-16,1120.419189453125,1122.84700910719,1107.6950986277375,1107.6950986277375,1218590
2017-10-17,1124.8197021484375,1133.663706560115,1117.4496631911393,1120.6794532127092,1443016
2017-10-18,1121.3731689453125,1133.1001170844002,1118.5118173081407,1125.0147929901648,1514144
2017-10-19,1120.2027587890625,1125.3618506368925,1114.6102409904934,1123.714408653193,86822
2017-10-23,1121.9368896484375,1139.7550887553423,1104.4005497138428,1120.2461579854714,1886088
2017-10-24,1117.818359375,1136.2434610166242,1113.764900519478,1135.8533247307153,1339020
2017-10-25,1112.8189697265625,1136.3369263782324,1110.6889238318224,1120.90465365963,1105106
2017-10-26,1103.66845703125,1116.840143976719,1094.5611569364569,1102.0382872478162,3007552
2017-10-27,1123.42578125,1127.2729171908315,1099.951342894822,1103.2986026933786,1409270
2017-10-30,1137.2930908203125,1138.9450170330128,1122.295532389916,1124.1648145218976,1137252
2017-10-31,1140.6839599609375,1147.6393499606993,1130.8160216249412,1130.8160216249412,1592634
2017-11-01,1131.4901123046875,1141.9231997574627,1121.057024851912,1140.6842281701042,741882
2017-11-02,1141.6182861328125,1162.419287031072,1133.1849201451932,1133.9456657518888,1468422
2017-11-03,1138.9886474609375,1146.2048010425217,1131.4681106564924,1144.3355187188643,666886
2017-11-06,1158.746337890625,1161.4632872928694,1135.358816209937,1138.9451894208999,1377000
2017-11-07,1178.091064453125,1203.282599085706,1158.9637399011847,1160.6808307654749,2696892
2017-11-08,1188.937255859375,1199.3703432965322,1181.6558302521923,1183.7207121407964,1402252
2017-11-09,1189.5457763671875,1195.4579015325614,1182.1122654579863,1195.4579015325614,1152432
2017-11-10,1177.5257568359375,1185.024536459535,1170.8312366098096,1183.3726101568673,1356566
2017-11-13,1199.3485107421875,1207.3689249769059,1174.6134432907586,1174.6134432907586,1496996
2017-11-14,1180.06884765625,1198.304988803291,1176.9823510239498,1198.304988803291,1657252
2017-11-15,1176.0260009765625,1197.6311589148509,1174.3089103777859,1176.3302780484887,6670834
2017-11-16,1194.0013427734375,1201.108924463911,1168.0490647630868,1178.0691948234523,1653482
2017-11-17,1176.895751953125,1194.6320217714945,1175.2873388706894,1194.6320217714945,1325464
2017-11-20,1175.2220458984375,1185.4160202978835,1171.6791858199135,1180.2429903431948,1014498
2017-11-21,1161.9630126953125,1174.156701255882,1158.9417865783714,1174.156701255882,1527740
2017-11-22,1165.310302734375,1177.9387034683734,1161.7239298965221,1161.9847994643324,1822624
2017-11-23,1165.5712890625,1170.6791539189976,1160.246068254662,1165.4626110868298,793470
2017-11-24,1168.527587890625,1174.9829972743555,1162.0286648554793,1165.897559120576,2287512
2017-11-27,1167.5709228515625,1171.9396922567134,1157.2899234091765,1168.5055109232212,1856786
2017-11-28,1167.3316650390625,1174.7651734416077,1160.6805530035533,1167.6359420852225,911716
2017-11-29,1155.529541015625,1170.6792951034472,1151.9866810338415,1163.9412597992869,1447532
2017-11-30,1146.3353271484375,1159.3549278593557,1140.2493602997163,1153.5732381269024,4299962
2017-12-01,1143.2703857421875,1159.811192528969,1139.5970919095548,1145.4657017668042,1031144
2017-12-04,1144.313720703125,1155.6813925312922,1131.5331293058384,1139.8144108395893,1259104
2017-12-05,1145.7049560546875,1152.7255107063665,1142.488024353296,1143.7269957063377,1167914
2017-12-06,1144.7269287109375,1149.8130369867524,1135.8370911067166,1145.9006296775347,1407518
2017-12-07,1137.7501220703125,1150.226336780108,1136.7720199498967,1144.2925597019348,1326300
2017-12-08,1130.9031982421875,1149.8131690757587,1128.9469943628526,1138.075945799749,1385548
2017-12-11,1156.8115234375,1161.8323594322528,1133.880477771434,1133.880477771434,1008002
2017-12-12,1135.5325927734375,1157.2030224033836,1133.4677113472856,1156.7683105241936,1882246
2017-12-13,1142.5965576171875,1152.616686753716,1130.6854956554596,1135.2064563383935,2961458
2017-12-14,1111.90625,1144.16185555271,1100.299462129187,1144.16185555271,5504150
2017-12-15,1106.6025390625,1123.4910309282018,1102.7988103363298,1114.4925167678837,2718138
2017-12-18,1121.7742919921875,1125.4475870874012,1084.3238964460313,1102.864320396892,2180664
2017-12-19,1119.5135498046875,1129.2945673144986,1114.9055613255102,1119.8178269010486,1801952
2017-12-20,1125.447265625,1127.0991919439768,1108.7977799107605,1122.4260393787863,1577570
2017-12-21,1128.3818359375,1133.7288143787234,1121.578636079631,1124.59986303595,1293648
2017-12-22,1150.5732421875,1158.028505715543,1125.9902732535104,1131.9893162014735,3665664
2017-12-26,1151.747314453125,1169.2662236099457,1143.9877714427316,1167.63605413749,2175786
2017-12-27,1138.901611328125,1155.6815323391522,1134.815362110723,1151.7473686011679,739284
2017-12-28,1141.966552734375,1153.5081764039307,1132.7071668361104,1134.0765731773943,2605088
2017-12-29,1174.244140625,1177.5914021051249,1138.315232989609,1140.2931939967775,2609542
2018-01-01,1150.0738525390625,1171.4616569313816,1145.4658639168917,1166.0277581461971,1351760
2018-01-02,1143.8138427734375,1160.5068421381545,1139.032012238322,1156.3335657642685,1920290
2018-01-03,1147.052490234375,1160.2460385958063,1143.8139078683578,1144.161698607779,1257120
2018-01-04,1155.0732421875,1157.2032884328748,1147.6396248921071,1151.9867446833653,913082
2018-01-05,1169.0269775390625,1173.5045304055946,1151.986295823236,1151.986295823236,1153706
2018-01-08,1179.9818115234375,1185.3940589988297,1165.8320256106372,1173.7220032915454,1242220
2018-01-09,1177.63427734375,1182.8508189931133,1163.527900526426,1180.2425481684318,2149396
2018-01-10,1220.0625,1224.148749538311,1171.396416334387,1178.5039985789635,3365850
2018-01-11,1213.0634765625,1226.7133868656115,1209.4553468054373,1221.5403580507525,2520744
2018-01-12,1206.912353515625,1219.3668062501263,1191.3496472043419,1219.3668062501263,3360314
2018-01-15,1193.762451171875,1220.6710766849224,1188.9588632087523,1207.2601714420841,1457214
2018-01-16,1239.2987060546875,1243.9935105924167,1195.6970726920254,1198.0662317863316,4267752
2018-01-17,1255.86083984375,1271.5322240362427,1244.210540462312,1247.6230711056467,4280806
2018-01-18,1268.576171875,1275.0099288485092,1246.7754138050836,1259.3603013549714,2209478
2018-01-19,1286.44287109375,1296.3108094161241,1262.2510916057265,1273.9449047051808,1820000
2018-01-22,1357.9482421875,1365.9223533147044,1273.2399204247565,1290.2338824016783,4367110
2018-01-23,1351.6739501953125,1369.256211926386,1346.466845841628,1357.3167972795563,3239610
2018-01-24,1383.3087158203125,1420.1071628413722,1343.2420924081016,1346.4448435695872,5621538
2018-01-25,1359.97412109375,1385.5739924076552,1342.5226130747606,1383.482407177009,3833844
2018-01-29,1393.875,1405.2696243233158,1360.3881448488037,1364.4840819760213,3141060
2018-01-30,1373.8314208984375,1396.0324902944094,1369.8443113446397,1385.661792707708,1574758
2018-01-31,1356.1837158203125,1372.5893844818393,1350.1922542213838,1366.9247298792159,3043214
2018-02-01,1367.621826171875,1390.0189542293515,1345.9218224751223,1361.259941383227,2400630
2018-02-02,1374.1795654296875,1390.0188510027212,1352.3053088628153,1359.5168699462351,2456490
2018-02-05,1352.196533203125,1389.1475301885253,1340.714778519292,1355.1596044185426,2757742
2018-02-06,1306.0291748046875,1340.844957113465,1300.6913293158702,1311.5848915379463,2657306
2018-02-07,1287.6416015625,1320.736241297732,1284.3299141946309,1318.9932703425388,2180324
2018-02-08,1295.98583984375,1319.2545624668082,1289.3625724748883,1298.404232961152,2755004
2018-02-09,1294.896484375,1304.613567291646,1262.193975381322,1285.4408896160173,2102458
2018-02-12,1292.9791259765625,1317.4025216400223,1287.859150079206,1297.7722949017473,1974562
2018-02-14,1268.7952880859375,1296.094518651163,1260.3854348672012,1294.1554854124763,2847532
2018-02-15,1274.917724609375,1282.3906687943424,1265.876064270441,1277.575691048196,2465236
2018-02-16,1278.0546875,1307.0533750239724,1273.675453664723,1273.675453664723,2515756
2018-02-19,1273.937255859375,1286.8787913058225,1261.5621007527263,1283.2621060293113,1568224
2018-02-20,1283.153076171875,1300.713524978628,1275.8107704951915,1275.8543873100432,1889068
2018-02-21,1325.6597900390625,1334.505386474444,1289.8199596539193,1295.8985479077921,3089228
2018-02-22,1329.102294921875,1341.6517053225332,1317.0322440199275,1329.886653018633,3463010
2018-02-23,1340.2574462890625,1346.00922877424,1303.7858028040198,1329.01526311474,3362500
2018-02-26,1321.040771484375,1346.4227770186694,1316.4654743494377,1339.908446660181,1363882
2018-02-27,1325.6817626953125,1341.4556261688112,1321.1717834803706,1325.093467534237,1717800
2018-02-28,1322.50048828125,1335.0934058101213,1316.5743468662154,1322.4786798765883,2706864
2018-03-01,1323.6553955078125,1333.8953475420592,1315.942772060642,1328.5793086135423,1718124
2018-03-05,1353.351318359375,1356.7500258387668,1321.5856161357967,1328.5793067706622,2858168
2018-03-06,1325.8775634765625,1362.56706798331,1320.365355927866,1360.3883550508135,1906764
2018-03-07,1319.18896484375,1346.0089442023605,1315.2890896972565,1337.7298344775807,1917772
2018-03-08,1308.948974609375,1331.1500390168583,1301.7810300467831,1331.1500390168583,1951826
2018-03-09,1322.086669921875,1334.7667157975552,1297.2928520640842,1309.4065176637237,1872436
2018-03-12,1329.95166015625,1343.7864869377051,1322.696588822268,1325.9646581407221,2091340
2018-03-13,1257.9017333984375,1280.952473917104,1251.4527217729744,1274.503462291641,88067154
2018-03-14,1257.9453125,1273.697471859349,1252.7818263425168,1260.5815765968457,3668668
2018-03-15,1250.4505615234375,1264.764748985295,1244.3066544787964,1261.4748709641442,2348906
2018-03-16,1231.2779541015625,1251.4528595695879,1222.2581027481524,1250.058504400881,7197482
2018-03-19,1233.58740234375,1240.9950271547157,1228.7942333484193,1232.7159170718717,3489940
2018-03-20,1248.3369140625,1251.9753000217154,1228.3580783584982,1228.7938208481607,4024984
2018-03-21,1244.8074951171875,1256.8122233125475,1241.8662329864303,1251.6704400889546,3907678
2018-03-22,1233.739990234375,1253.1740485256369,1229.905433651542,1246.2021661504793,2326094
2018-03-23,1227.98828125,1234.9384626122862,1219.22991656844,1220.9510790043125,3654122
2018-03-26,1227.4869384765625,1232.0186190901177,1212.0398841517103,1228.3584237008981,2964210
2018-03-27,1240.8641357421875,1247.5310185568999,1230.1231235947105,1230.9728003574019,2494574
2018-03-28,1241.49609375,1252.7600834884447,1230.9729516016891,1235.72250380001,6865654
2018-04-02,1267.8583984375,1269.7539212779136,1237.5089692619335,1237.5089692619335,1662988
2018-04-03,1268.5555419921875,1276.6820982741203,1260.2111144278172,1260.2111144278172,1937290
2018-04-04,1268.403076171875,1278.468772660946,1260.1675836862494,1276.4861225788597,2841820
2018-04-05,1288.9046630859375,1291.4319911692726,1272.5208069262221,1275.222389477735,1809424
2018-04-06,1285.5716552734375,1289.7983380100127,1275.2227665816342,1287.1838819194518,1129018
2018-04-09,1274.06787109375,1291.32332230655,1270.189804124715,1280.9526261284523,1235866
2018-04-10,1280.0377197265625,1288.6000207044974,1274.852318084445,1274.852318084445,1184532
2018-04-11,1313.3931884765625,1318.1210370633044,1283.5231257839428,1285.7018382418987,3124416
2018-04-12,1367.9053955078125,1372.5896299592607,1310.6923525126922,1311.5856464055157,6114360
2018-04-13,1374.0269775390625,1412.154449924492,1364.7892569347412,1372.5890058754635,8179118
2018-04-16,1388.9949951171875,1394.3546509091868,1355.4864283821978,1357.774077260766,6270274
2018-04-17,1379.82275390625,1392.175994525336,1371.3692824470443,1388.9950518211626,3301724
2018-04-18,1376.5545654296875,1391.522260728059,1370.7809756642112,1379.5611469809826,2433066
2018-04-19,1390.52001953125,1401.8711360609593,1379.4521995340813,1385.6179150552937,4820952
2018-04-20,1482.592529296875,1491.2638716922233,1411.8061584616153,1416.1635848766202,18465662
2018-04-23,1485.2935791015625,1550.328144994787,1476.9709614666356,1491.9822688000068,15185910
2018-04-24,1475.2718505859375,1500.3270493972404,1456.4696004657467,1485.8822251572765,8314336
2018-04-25,1512.1357421875,1517.6914602806894,1466.2956424127367,1474.988685917351,8196574
2018-04-26,1542.201904296875,1551.2435627030798,1510.7195033403307,1510.7195033403307,12135034
2018-04-27,1504.161865234375,1544.2719986658356,1490.2399084190627,1535.9928880635075,4501330
2018-04-30,1539.08642578125,1546.450432908781,1497.9087515321996,1504.16159379239,3458558
2018-05-02,1524.990234375,1539.130061117783,1512.5933781122512,1538.3893199402637,3158046
2018-05-03,1517.190673828125,1536.428670355158,1512.2013350988875,1529.3696603044425,3761550
2018-05-04,1516.7109375,1523.7917542016808,1512.0267049127344,1521.6130413703943,2347244
2018-05-07,1490.654052734375,1520.742109150369,1486.2748170747914,1520.742109150369,3484426
2018-05-08,1499.4775390625,1519.2167017673803,1480.086991743226,1496.6452119259768,2992820
2018-05-09,1520.4366455078125,1522.8114213545414,1499.0416417162505,1499.0416417162505,2615050
2018-05-10,1503.8568115234375,1529.9577535442234,1499.0418339941823,1526.3846851127903,3858678
2018-05-11,1506.3402099609375,1518.5628099516748,1500.0437512937276,1505.1419179301292,2627876
2018-05-14,1496.1441650390625,1512.4627056544591,1486.2310199645483,1506.3623086855273,2433894
2018-05-15,1517.429931640625,1523.268946094443,1496.2092890809051,1503.3119144750633,1952890
2018-05-16,1522.4412841796875,1529.0210411016299,1514.3147258730235,1516.3626951616945,1648450
2018-05-17,1521.526123046875,1539.5440168060836,1514.6413682782058,1530.7420370356228,2968048
2018-05-18,1525.9925537109375,1532.8118835634211,1506.7980688905918,1516.7330224894438,1874996
2018-05-21,1549.827392578125,1565.1873182373304,1532.9641763223835,1537.6047921600516,3446178
2018-05-22,1528.9771728515625,1557.757992975978,1522.3539065809198,1550.3721771522107,1857416
2018-05-23,1522.9639892578125,1544.7075022370186,1516.8199761035435,1535.9926503203076,1507298
2018-05-24,1570.2855224609375,1575.2094349171164,1526.1230755770425,1529.456463778445,2962316
2018-05-25,1562.485595703125,1601.2666811300787,1556.7120071423706,1579.5666817158092,3769772
2018-05-28,1525.9925537109375,1575.8632782367918,1518.9988629706777,1575.8632782367918,3716798
2018-05-29,1535.3392333984375,1544.271957759064,1519.8703692617426,1538.1279438165666,3525312
2018-05-30,1531.2430419921875,1539.4785341961522,1517.4735339196432,1529.0425206880434,3779106
2018-05-31,1529.925048828125,1545.7423143326073,1516.787866729062,1523.729910265124,5049371
2018-06-01,1522.367919921875,1544.3803253611306,1508.1764027462327,1541.304745765817,1603856
2018-06-04,1532.7369384765625,1536.9109390256601,1504.9248923116672,1533.3959911948411,1681483
2018-06-05,1512.8336181640625,1539.459392530491,1503.6508592972095,1532.5173486832593,2449568
2018-06-06,1516.480224609375,1524.5206888009548,1507.2095072884913,1514.063698103406,2236512
2018-06-07,1525.092041015625,1536.9110107411743,1514.7668812808001,1515.8213227721703,2414762
2018-06-08,1535.2412109375,1544.2043916454245,1524.6085159398147,1524.6085159398147,2582138
2018-06-11,1537.52587890625,1549.2131223391957,1531.6383847063062,1535.2411844675114,2179378
2018-06-12,1565.03076171875,1568.5457100886965,1540.4261231291234,1543.94107149907,4608875
2018-06-13,1602.9039306640625,1609.5384370536697,1579.968919416394,1595.78618334826,5370983
2018-06-14,1570.7864990234375,1610.1099830721114,1567.6669395046715,1608.088844895487,3819998
2018-06-15,1616.9200439453125,1623.1150753741115,1571.708961376809,1581.7265845323873,9183574
2018-06-18,1607.209716796875,1641.4364745837538,1601.1903907599476,1641.4364745837538,4674987
2018-06-19,1603.255615234375,1615.9973014064212,1600.180035813536,1601.1906047910654,3245034
2018-06-20,1601.454345703125,1613.6249400537417,1598.0712294046575,1609.8463277093488,3107695
2018-06-21,1598.72998046875,1609.846023866563,1597.1921908717159,1609.846023866563,2910659
2018-06-22,1590.33837890625,1605.4526134768914,1581.3313240140014,1605.4526134768914,2949458
2018-06-25,1598.64208984375,1601.3661527538327,1586.9988260315035,1592.1833951448336,2083217
2018-06-26,1627.4207763671875,1635.3294086497494,1600.179931838363,1601.9374056789322,4679712
2018-06-27,1632.693115234375,1656.5508428658525,1626.7616413227324,1634.450588985973,4081208
2018-06-28,1619.2484130859375,1644.1167098078502,1604.837214003855,1638.844288504351,4888125
2018-06-29,1623.6865234375,1640.9537294049367,1618.8974490112162,1621.1821440836845,3506276
2018-07-02,1626.8497314453125,1632.5176494836262,1617.8426771513036,1627.4209319516433,2650290
2018-07-03,1646.796630859375,1651.9372193359504,1631.8581062761518,1634.406357008567,3242233
2018-07-04,1639.85498046875,1651.9376135295752,1631.9463479198462,1651.9376135295752,2700614
2018-07-05,1652.2890625,1658.615925374485,1636.2959863026626,1645.8742401199527,2472571
2018-07-06,1680.9798583984375,1688.05373397522,1653.4754553600844,1654.5298968261288,3713781
2018-07-09,1654.6614990234375,1691.041226297245,1648.9497094622839,1690.6897101014836,6151747
2018-07-10,1647.7196044921875,1668.6335864411867,1643.8971202805008,1667.8427017465672,5303302
2018-07-11,1739.8111572265625,1755.7162731827389,1664.459470326953,1669.6000595831852,22903802
2018-07-12,1732.2978515625,1749.477199726104,1722.7635782828715,1743.4138940643802,6921701
2018-07-13,1740.86572265625,1755.6285460898246,1734.6267118634712,1735.5054487995722,4148185
2018-07-16,1747.983642578125,1753.9590972393282,1737.6584825618113,1748.6866751033383,2582159
2018-07-17,1762.908203125,1768.9396583128746,1744.2854470471898,1751.3295074088142,3315492
2018-07-18,1761.2354736328125,1771.317243499214,1754.895861378179,1765.4178850812593,2013869
2018-07-19,1744.6376953125,1770.2163753585621,1734.5998876637707,1762.8641587527945,1746318
2018-07-20,1758.0213623046875,1761.0151094875828,1746.9269886116822,1747.719466907718,1934995
2018-07-23,1765.9898681640625,1769.7759858793715,1748.6878744951775,1761.8954868403073,2086201
2018-07-24,1760.1346435546875,1774.2227647637294,1747.0591275543122,1774.2227647637294,2038423
2018-07-25,1744.7255859375,1762.7759894256246,1733.1909593516098,1762.6879601736669,1535492
2018-07-26,1729.932861328125,1747.8072047022326,1721.4800117089476,1738.958062259207,3503036
2018-07-27,1711.4864501953125,1729.8890784105765,1708.4487423190428,1726.5431069227739,2033977
2018-07-30,1712.235107421875,1721.1282129445854,1700.7445473969126,1710.8263167175376,1579251
2018-07-31,1708.361083984375,1714.348579644369,1697.6189324881066,1709.946040919037,2204803
2018-08-01,1740.3232421875,1744.7698484863959,1716.813732655658,1716.9457228063723,2425180
2018-08-02,1715.5809326171875,1747.8074874635781,1712.5871854491988,1743.4049497117808,1509287
2018-08-03,1742.9207763671875,1745.2101821806455,1722.7131693547483,1722.7131693547483,1505131
2018-08-06,1739.486572265625,1760.0903610400096,1736.580854626252,1758.373414470085,1532249
2018-08-07,1732.2666015625,1742.6566342132385,1726.235146012501,1741.8200875047712,1353521
2018-08-08,1738.1220703125,1741.9082961339718,1727.555978699658,1736.361055043693,1315062
2018-08-09,1738.4298095703125,1744.109146940478,1731.0775940830506,1743.4046980083624,2060297
2018-08-10,1754.93994140625,1757.9336891956657,1736.405318114159,1744.2417509519398,2784105
2018-08-13,1761.1470947265625,1764.7571539738626,1752.2099221194894,1759.077923601729,3559575
2018-08-14,1764.1407470703125,1782.6753644301448,1745.517992978293,1753.9708430141272,3311765
2018-08-16,1768.499267578125,1778.66917193114,1756.6124166384661,1761.2791492601575,2152065
2018-08-17,1772.241455078125,1780.2981201292137,1764.5370145207119,1773.2099918228635,1213731
2018-08-20,1769.7763671875,1782.1475430764065,1764.27319419134,1782.1475430764065,1587032
2018-08-21,1776.5560302734375,1782.1472315634444,1764.537081053924,1769.9522238323675,1376866
2018-08-23,1791.920654296875,1794.4741473477643,1778.889208786799,1781.090477367942,3046791
2018-08-24,1798.8768310546875,1801.5183535672495,1788.3107410044397,1791.9208002748426,1570533
2018-08-27,1805.8330078125,1812.965205584534,1791.8330225179827,1798.8770835401665,1532702
2018-08-28,1821.9461669921875,1824.4116311088399,1806.801480229411,1809.4430028613253,1987983
2018-08-29,1824.4111328125,1828.4615523955538,1801.165718503843,1824.8513864642405,1525867
2018-08-30,1833.5684814453125,1835.8578866195128,1818.687992715877,1820.889261165061,2408020
2018-08-31,1830.046630859375,1842.0216183808393,1826.1724839970652,1833.4807389564453,2504554
2018-09-03,1807.5941162109375,1840.2610368716698,1803.6318316817878,1835.682439964858,1439711
2018-09-04,1848.0970458984375,1853.2481005936424,1811.159800463458,1813.6693327442285,4420803
2018-09-05,1830.795166015625,1855.4493752970666,1827.0970776169377,1849.065696108122,1681106
2018-09-06,1827.3173828125,1832.776486692613,1814.1097694085179,1827.0531875508873,2238097
2018-09-07,1831.323974609375,1834.9779954750907,1818.6004667260952,1830.8396523943816,1312182
2018-09-10,1832.115966796875,1843.2543006007465,1826.3926680900722,1835.3297331605581,1530539
2018-09-11,1801.7386474609375,1839.380346754257,1798.172548744878,1839.380346754257,3679745
2018-09-12,1799.7132568359375,1821.6818759088694,1796.2352952137353,1807.1096487968198,2307661
2018-09-14,1818.6002197265625,1824.0154701752251,1776.9963451996616,1799.7574440198782,3642038
2018-09-17,1826.3045654296875,1829.5185468209884,1809.0467472185298,1822.650545251149,1033857
2018-09-18,1823.310791015625,1830.398918938611,1811.7322041054906,1825.2919327660948,1456507
2018-09-19,1829.6063232421875,1839.38004181139,1819.876888006141,1824.3232786031888,1301268
2018-09-21,1851.8394775390625,1867.5566242250568,1805.1725746234906,1828.8142897291102,4508530
2018-09-24,1935.7515869140625,1946.3617448250948,1847.436645478572,1862.2732822008936,3032226
2018-09-25,1922.3243408203125,1947.5948684641207,1896.437500788645,1941.4313146501336,2868778
2018-09-26,1886.1790771484375,1936.2360150946304,1879.9716711751223,1925.669924971331,1970951
2018-09-27,1927.299072265625,1945.6575260403106,1880.5881028851406,1885.959070058365,3311802
2018-09-28,1922.7642822265625,1928.3115227512974,1900.8837987229726,1917.7454322156736,2904371
2018-10-01,1986.028564453125,2003.990829927035,1928.6195233655335,1929.1036304749334,3772208
2018-10-03,1904.4058837890625,1985.5445703786665,1898.0222039064702,1981.4062277931405,3902322
2018-10-04,1818.0716552734375,1898.9461279917764,1810.631411012135,1898.9022745974999,4762419
2018-10-05,1851.3995361328125,1866.6764315954547,1779.418134992646,1805.0408890427746,3417624
2018-10-08,1829.29833984375,1868.6129124470328,1803.4112912090532,1851.398948390992,2010154
2018-10-09,1841.845458984375,1855.8013725716587,1807.857786680635,1831.763692047174,1867130
2018-10-10,1799.4056396484375,1854.3052770733746,1786.5502478291392,1849.0662988867384,2749573
2018-10-11,1743.3607177734375,1772.4615325760262,1709.064994898195,1747.8073234790918,4700256
2018-10-12,1689.0775146484375,1741.6437673635041,1675.605707428083,1741.6437673635041,9373289
2018-10-15,1716.5496826171875,1721.8767969520102,1690.5747066555527,1708.1848598498814,2638151
2018-10-16,1727.820068359375,1736.272919636145,1703.7821684160942,1724.0338427693605,2815425
2018-10-17,1698.8511962890625,1751.3294219248883,1690.5744042713854,1734.5997793826193,2779207
2018-10-19,1684.587158203125,1698.4992217794065,1646.593339877196,1698.4992217794065,3428776
2018-10-22,1675.6060791015625,1687.0526786960556,1661.473888147131,1685.291663373826,1778496
2018-10-23,1626.76708984375,1674.7234538207547,1620.899359677938,1665.899831830129,2752811
2018-10-24,1631.04638671875,1653.546620887713,1598.0460217288935,1634.1788153440075,2735913
2018-10-25,1635.017333984375,1656.1058143943276,1610.355350902868,1627.076073322821,2507233
2018-10-26,1587.4580078125,1635.811505406424,1580.3991093439122,1635.811505406424,2285970
2018-10-29,1650.8997802734375,1657.032154865933,1574.4430692815274,1595.9285686639366,2609483
2018-10-30,1671.89990234375,1684.7823686342942,1627.9582226800037,1647.3701906469198,2404883
2018-10-31,1710.1505126953125,1715.224095918557,1654.8263318783104,1676.4883694199118,2769190
2018-11-01,1708.0328369140625,1715.6211312172734,1677.6354985017424,1715.0035206860587,2769759
2018-11-02,1688.356201171875,1724.665433537899,1680.90028237353,1706.6652199956288,1818635
2018-11-05,1668.414794921875,1700.6210200592118,1663.0324062354925,1685.3120551318693,1713366
2018-11-06,1705.3414306640625,1709.5768124318577,1668.5469689334932,1671.194055610807,1398710
2018-11-07,1713.679931640625,1719.7240917447812,1709.1357443353725,1711.7828311877247,144530
2018-11-09,1684.60595703125,1731.1505655091905,1680.9000786820293,1730.3123644595587,2570479
2018-11-12,1689.59130859375,1717.1651285100586,1683.9883299288028,1683.9883299288028,2552008
2018-11-13,1707.3267822265625,1710.9003924015417,1679.135351593674,1689.7236985296297,1418432
2018-11-14,1659.4144287109375,1702.8707653780834,1650.017250102799,1698.5471692234694,2422318
2018-11-15,1652.5321044921875,1675.6058986779567,1639.0760802926936,1644.723220187315,1829123
2018-11-16,1664.664306640625,1676.3115509190454,1650.2377079315359,1666.7819972103575,1829729
2018-11-19,1678.64990234375,1682.9734986092292,1644.9878710223416,1675.6057958776685,1740628
2018-11-20,1657.296875,1678.25297817117,1653.7232648488225,1678.25297817117,1190182
2018-11-21,1598.8402099609375,1650.9437378122416,1586.9724821708685,1650.8995766208134,3840461
2018-11-22,1599.325927734375,1630.2526636141388,1597.0316994459088,1605.8994841871956,3194219
2018-11-26,1628.9288330078125,1641.193689108248,1574.5753431256283,1605.0168389719909,4333177
2018-11-27,1667.88525390625,1674.635346704683,1619.4435445242593,1635.8996221357954,3344839
2018-11-28,1750.5184326171875,1755.018458404383,1661.046881823153,1666.7822362623829,5313249
2018-11-29,1729.9154052734375,1762.0774671863078,1714.0328842872814,1762.0774671863078,4035441
2018-11-30,1736.7099609375,1756.7837074693573,1729.298094522146,1734.7246453464372,5268901
2018-12-03,1749.194580078125,1755.9005102334563,1736.753296497408,1750.6063378407925,1610576
2018-12-04,1774.29833984375,1781.8425811474328,1739.1362211459889,1749.724569524351,3270615
2018-12-05,1770.6805419921875,1780.6071178473821,1751.4891620054775,1770.0187702685078,2501539
2018-12-06,1758.2833251953125,1779.7247723287844,1746.7244005214427,1762.9598885041703,2321216
2018-12-07,1760.4892578125,1768.1658746227888,1740.900857392235,1751.5333664325296,1680420
2018-12-10,1743.371337890625,1774.4304453162947,1729.429971566354,1742.665405022219,2010786
2018-12-11,1764.7247314453125,1773.548355102539,1730.312599182129,1738.2538604736328,2942014
2018-12-12,1779.5484619140625,1784.1367031307936,1751.4451344032734,1765.6953081488655,2219993
2018-12-13,1749.371337890625,1790.9305774346667,1742.2242253605418,1785.9011558013353,3748429
2018-12-14,1755.680419921875,1763.798110152657,1742.8861663277717,1749.7244742832406,2473761
2018-12-17,1759.695068359375,1769.0480866147095,1751.4890563964461,1763.84212782695,1227921
2018-12-18,1754.0035400390625,1766.4889857310038,1743.900536726238,1757.5771497526268,1768742
2018-12-19,1736.8857421875,1751.31244960041,1729.4739862482945,1751.31244960041,2498833
2018-12-20,1724.1800537109375,1742.5772856790709,1717.0769942835823,1723.959463141271,1940277
2018-12-21,1672.7825927734375,1720.6065892468664,1664.620741003933,1718.8418645399465,3729956
2018-12-24,1692.81201171875,1710.8122235339602,1680.900121096804,1681.606053995533,1864116
2018-12-26,1666.958740234375,1695.7238361083566,1650.238018474152,1695.7238361083566,2446614
2018-12-27,1684.3856201171875,1713.282988026165,1651.8705879967704,1684.4297813202331,4968201
2018-12-28,1673.0028076171875,1694.1353381522365,1670.3115599594707,1689.7235273757983,2239130
2018-12-31,1670.3558349609375,1684.4294692125918,1664.2675141325806,1683.5471069971845,1879740
2019-01-01,1678.9588623046875,1685.3118271554217,1663.2527718261624,1672.9587561710364,1094883
2019-01-02,1697.04736328125,1706.885616228227,1676.488279714343,1680.9000909767492,2100463
2019-01-03,1676.444091796875,1716.150392525654,1670.3999320057633,1693.2531355228184,2611668
2019-01-04,1656.0614013671875,1677.5468984589384,1624.4287394175865,1676.4881069491657,4280862
2019-01-07,1674.6353759765625,1684.2531462742538,1659.7234320519112,1669.2529876645342,1856423
2019-01-08,1670.7969970703125,1682.1353298673243,1661.7527844652275,1681.2529676619502,1691756
2019-01-09,1664.9735107421875,1693.2532657424097,1647.1056740401116,1683.017884531664,2414376
2019-01-10,1666.385498046875,1680.90031595885,1651.8705724246497,1667.6648804001188,3053461
2019-01-11,1625.796630859375,1654.4292432111206,1619.1347526892835,1650.017431895891,9209862
2019-01-14,1599.9434814453125,1633.2526591232722,1597.0758038968788,1632.3702968006774,3615370
2019-01-15,1648.0762939453125,1649.443890840122,1595.3109870206022,1597.0757115637666,7711653
2019-01-16,1650.1497802734375,1654.4292156358351,1629.72307268234,1650.0174043941395,2359280
2019-01-17,1675.0413818359375,1678.313076479823,1654.7035521420303,1660.6280071807732,2625816
2019-01-18,1680.6566162109375,1683.7956517071864,1658.8597435152255,1663.281011488347,1683728
2019-01-21,1687.7750244140625,1708.3781791716206,1676.0586626780253,1681.8505676938003,2409803
2019-01-22,1681.7618408203125,1696.2193647100053,1671.2392020340988,1686.3599160833287,2457093
2019-01-23,1658.505859375,1685.47559139109,1653.5540613143646,1680.9659200848166,2578169
2019-01-24,1681.4520263671875,1684.7237206353677,1657.9750563922396,1666.6407825300835,1962927
2019-01-25,1698.4739990234375,1711.0303543127588,1680.965738267987,1681.8499916810686,2327080
2019-01-28,1728.7158203125,1734.9055956281968,1702.63033862492,1709.262240748881,2769033
2019-01-29,1753.25341796875,1758.824257530611,1712.4893580699625,1734.9051600326252,2557626
2019-01-30,1752.059814453125,1759.2222458386648,1728.4060345706498,1750.468115060296,2429575
2019-01-31,1780.9752197265625,1785.9712743386817,1755.2434606076413,1757.0119678727372,4094319
2019-02-01,1794.990478515625,1799.2349387979687,1766.827024099072,1776.9075363138065,3064163
2019-02-04,1812.940673828125,1817.5387486879774,1788.8447668110214,1794.9902852407797,1590764
2019-02-05,1807.9005126953125,1817.140918471685,1793.2660742873854,1812.719651030148,1111404
2019-02-06,1834.649658203125,1845.304958686821,1804.8060952056553,1812.6316110845273,1789812
2019-02-07,1841.81201171875,1855.1200735595535,1827.7524637352287,1834.605430157071,1339945
2019-02-08,1822.8001708984375,1847.647781860211,1813.6040203853997,1834.8261054606066,1684474
2019-02-11,1826.779541015625,1853.3956624059344,1811.7472288682486,1821.5625307997257,1778730
2019-02-12,1814.134765625,1830.4049454539222,1784.4237584183647,1830.4049454539222,2422903
2019-02-14,1807.94482421875,1834.8261542841958,1797.7317602692071,1821.60660661411,1724085
2019-02-15,1794.7694091796875,1814.4883067619749,1778.189654914684,1811.8355460795744,1930065
2019-02-18,1742.2447509765625,1805.6014292350987,1735.4801899706536,1801.7549480171829,2942184
2019-02-19,1684.326416015625,1742.8639651753556,1673.0079259826346,1741.9797115146882,4408554
2019-02-20,1693.1243896484375,1709.9694620050857,1663.5461532407337,1693.345453023506,4645778
2019-02-21,1692.638427734375,1715.4522168879964,1677.4735627884993,1693.124810456851,4683919
2019-02-22,1702.7630615234375,1706.6095433100318,1684.5916058521602,1695.291053421476,2271955
2019-02-25,1755.375732421875,1759.664340004018,1707.051260491335,1708.8197673657107,2934880
2019-02-26,1802.7276611328125,1808.4311612694266,1743.9690561749785,1754.359035340934,6453309
2019-02-27,1819.8822021484375,1834.781743991332,1787.9605646657678,1803.8771275559675,4732082
2019-02-28,1753.87255859375,1831.598570648771,1748.6996972152426,1821.5622070869404,8454295
2019-03-01,1764.4395751953125,1772.9283877830094,1751.1315159409967,1764.1301080375372,4148548
2019-03-05,1757.984130859375,1774.6965414025037,1747.815216945011,1772.9280346347882,2449622
2019-03-06,1768.1531982421875,1781.7707231237594,1755.2873751550085,1759.0454523625897,2635047
2019-03-07,1780.267578125,1789.773303054567,1768.6837711602766,1772.928231049453,2539884
2019-03-08,1788.579345703125,1797.6871990864431,1777.3936263164783,1790.6131717412923,2031071
2019-03-11,1781.5941162109375,1797.687487829624,1771.7346674267983,1794.0620698211405,3111689
2019-03-12,1779.515869140625,1790.4364859499701,1771.1597169475417,1780.930761058714,2658550
2019-03-13,1768.94921875,1782.5667449464445,1749.5840445046306,1780.0023880748563,1833163
2019-03-14,1757.3653564453125,1775.4041487043,1751.7061126858716,1772.8839399783005,1905495
2019-03-15,1803.8328857421875,1829.4762372648427,1760.5487200553878,1767.5343442997796,5184318
2019-03-18,1788.6680908203125,1825.629931698709,1778.2338559481032,1806.5299690213699,2349915
2019-03-19,1788.6680908203125,1795.0346730853553,1764.1742031766028,1795.0346730853553,2373993
2019-03-20,1781.8150634765625,1808.1216051772292,1768.5070050868435,1793.2661031580592,3091165
2019-03-22,1773.503173828125,1782.655176583973,1753.7401283545155,1781.7709230241594,3148149
2019-03-25,1754.580322265625,1775.4045391043412,1748.346290795377,1775.4045391043412,2429205
2019-03-26,1753.1650390625,1764.041291204478,1731.4124268374542,1754.3587595737904,2316539
2019-03-27,1740.1224365234375,1766.7384445553967,1734.021065952519,1763.201430652383,2266166
2019-03-28,1768.7723388671875,1781.4170992929364,1744.4553673471678,1750.821949441423,4054489
2019-04-01,1796.49365234375,1803.8328916596497,1775.802098769371,1777.3495424008145,2095740
2019-04-02,1838.6285400390625,1844.552995938739,1801.2245698596412,1801.3129736307637,3719663
2019-04-03,1838.6285400390625,1847.7363952280527,1819.882407034347,1843.6687423452881,2939886
2019-04-04,1781.3289794921875,1838.9822743464622,1775.050800159888,1837.6116380113087,4397518
2019-04-05,1811.2164306640625,1816.610247316298,1785.1309532286843,1793.840828343464,3152103
2019-04-08,1831.068115234375,1834.8261929790308,1797.4222230734233,1820.6781355873852,2194294
2019-04-09,1849.416015625,1855.1636628167582,1819.4839512042786,1830.4045672214918,2690970
2019-04-10,1804.09814453125,1844.1106141011749,1800.3400672788262,1841.8999804232785,3313062
2019-04-11,1785.750244140625,1817.1412486798636,1780.577381882242,1808.2987121899373,3422442
2019-04-12,1781.3289794921875,1802.9931939362473,1774.6970771113529,1802.1089402854693,3198471
2019-04-15,1868.69287109375,1874.4405185557584,1804.7613030706634,1830.4046532857783,9189201
2019-04-16,1885.0511474609375,1906.4057773893776,1870.6820319507474,1874.616915790955,5771952
2019-04-18,1901.188720703125,1905.5657310620836,1869.4881557151998,1901.0559531879212,3413728
2019-04-22,1911.2694091796875,1924.1353389284604,1897.2541227521813,1899.3762444937192,2007135
2019-04-23,1905.610595703125,1914.8510018312952,1887.041271741704,1912.6403680263643,2163524
2019-04-24,1930.7236328125,1940.936805878652,1906.5394244644972,1908.2194200847975,3003071
2019-04-25,1940.9366455078125,1949.7791814782352,1917.106054243968,1923.2515735669667,4211526
2019-04-26,1979.445556640625,1984.2204388042937,1939.3003214351959,1948.0103040636154,2716958
2019-04-30,1998.72265625,2004.5586003204735,1971.9739855842238,1979.4458851226823,3488395
2019-05-02,1958.9754638671875,1997.8826247454413,1955.1733458507867,1993.991995010512,2457699
2019-05-03,1885.2286376953125,1933.0225870009463,1879.0388626184517,1932.0940775629726,3780886
2019-05-06,1908.0863037109375,1914.4086292282652,1864.4483116525623,1865.7746917651916,2891422
2019-05-07,1902.869384765625,1931.5193293303046,1891.2415369297805,1910.0319248773485,2201698
2019-05-08,1903.6654052734375,1917.0617606520427,1883.8137397048197,1902.0294497982213,1824895
2019-05-09,1921.0850830078125,1931.2982546324163,1888.8540844582403,1896.7238546584836,2264162
2019-05-10,1888.5887451171875,1938.2837506574183,1879.7904656115854,1923.2514405473926,2039633
2019-05-13,1882.354248046875,1916.1769374128378,1876.075963145036,1886.1123246430932,1701744
2019-05-14,1850.167724609375,1909.8105744481613,1832.4826562579376,1887.8810465159424,2456110
2019-05-15,1852.864501953125,1878.154235736345,1843.2262261734516,1854.2793937566457,2346876
2019-05-16,1864.669677734375,1878.154544402045,1836.6388833131039,1853.395444946651,1946529
2019-05-17,1852.9090576171875,1887.8813286856764,1848.0899189475708,1868.074135524483,1947908
2019-05-20,1895.7952880859375,1902.3829336232743,1812.7197131872836,1879.0387270843794,2625116
2019-05-21,1865.5537109375,1899.9953395425603,1859.1871292916842,1899.420661154538,1863157
2019-05-22,1840.794921875,1876.3418732268963,1834.8262101071814,1865.7750859403145,2595795
2019-05-23,1816.30078125,1870.5055590940003,1812.7195117211388,1855.163675898024,2541294
2019-05-24,1810.9515380859375,1830.40511906147,1797.0245426148176,1830.40511906147,2274208
2019-05-27,1817.273193359375,1829.4759328158993,1803.9652451518969,1816.9638342149044,2329820
2019-05-28,1833.7205810546875,1854.72160036755,1808.2982945180643,1821.562096189346,5872979
2019-05-29,1863.6082763671875,1877.8888822712177,1836.6828038022838,1839.2470522819222,3281320
2019-05-30,1897.8731689453125,1906.9367665500886,1869.6653551630893,1877.2700209697261,4971725
2019-05-31,1942.307373046875,1949.7350172582344,1903.1348936803754,1909.9878593795381,4265370
2019-06-03,1982.761962890625,1987.4925902941081,1932.66886509129,1946.2422447000426,3682419
2019-06-04,1946.0360107421875,1982.4945693223578,1938.815507318403,1982.4945693223578,2408658
2019-06-06,1930.8818359375,1960.2091158302437,1918.312877338192,1960.2091158302437,3735467
2019-06-07,1944.8319091796875,1952.007796348883,1909.4876235035176,1937.9234882808023,2659446
2019-06-10,1989.1798095703125,1993.0575269924373,1948.1749826645384,1958.15872308097,2080593
2019-06-11,2008.1673583984375,2018.106487238432,1988.7345878376832,1994.0830448197657,3048937
2019-06-12,2015.387939453125,2020.7363972173025,1978.0379631183396,2001.2146134297757,2404448
2019-06-13,2009.3258056640625,2036.8702661946102,1999.47568929732,2018.1506707503709,3320916
2019-06-14,2009.681884765625,2017.3480903398015,1991.4079975898896,2012.133259874565,2131408
2019-06-17,2004.9580078125,2016.3680918225805,1998.0495848630635,2011.0196353455974,1489497
2019-06-18,2006.428466796875,2014.5847738517195,1988.9121455971501,2000.322226780203,1877447
2019-06-19,2014.49609375,2028.8478726955507,1999.5649857237916,2010.12827457314,1652817
2019-06-20,2030.5850830078125,2035.9781509703196,1971.7967031288733,1987.842065089235,2199377
2019-06-21,2005.5377197265625,2043.5562472640863,1998.540068207669,2036.8706761170936,3871804
2019-06-24,2028.402099609375,2032.4134419289715,2006.384330847661,2009.3704217747,1382424
2019-06-25,2021.5382080078125,2027.4659932525292,2006.1167824176123,2023.499265091304,1386077
2019-06-26,2009.4144287109375,2020.6462708642803,2005.670553869551,2019.041690895348,1762224
2019-06-27,2007.9442138671875,2018.1508075970758,1997.9158584849142,2010.128123291257,2813464
2019-06-28,1985.3470458984375,2016.3235236990365,1981.1574650886682,2014.5853188303217,2372928
2019-07-01,1996.3558349609375,2010.1280657659483,1966.9839406743727,1992.2998789298867,2769940
2019-07-02,2007.5428466796875,2011.9106649262483,1975.7639765343188,2001.1245260156331,1771746
2019-07-03,1994.6617431640625,2013.5151786413958,1989.6253681503094,2007.6317907699151,1656881
2019-07-04,1999.118408203125,2007.453169827564,1987.931398788987,1991.407807013667,984140
2019-07-05,1928.2081298828125,2005.671534543002,1907.616481743122,2002.997305830278,4088470
2019-07-08,1939.172119140625,1951.117136894328,1900.5742622942719,1915.6389956363537,2788062
2019-07-09,1901.6881103515625,1938.2802878812774,1876.0154790782613,1937.923811214252,3977224
2019-07-10,1879.269287109375,1896.785612709686,1846.3763667137557,1854.1315851063791,6343581
2019-07-11,1874.232421875,1897.810151247468,1859.5241703505362,1896.9187420641672,2400346
2019-07-12,1878.734619140625,1889.565156763851,1865.8091822857716,1873.8318672301634,1560725
2019-07-15,1912.69677734375,1919.7390409710363,1870.1765997969912,1894.2446494607277,2900415
2019-07-16,1881.6927490234375,1905.3702693696487,1876.3318010205217,1899.5625756998234,2735399
2019-07-17,1891.7447509765625,1898.6693096352321,1869.273528519903,1883.4799551581502,1802969
2019-07-18,1845.908447265625,1890.8063884875228,1840.5922172559133,1890.8063884875228,3072096
2019-07-19,1855.73681640625,1873.6513616075442,1842.8259100217265,1855.781534601273,1953177
2019-07-22,1885.17724609375,1891.9231491775254,1848.454883777237,1855.7814689631632,1920167
2019-07-23,1887.455810546875,1903.1366277977877,1878.4761786051092,1901.2602086562097,3538588
2019-07-24,1873.472412109375,1894.9162011419796,1855.33449692513,1885.266452449807,2413196
2019-07-25,1901.260009765625,1907.603885116336,1869.6752238617846,1884.2836754250113,2544464
2019-07-26,1884.4178466796875,1902.9577909263069,1871.8642504418215,1902.9577909263069,1720592
2019-07-29,1903.13671875,1913.8586157570421,1879.2805415368416,1885.981727166243,1647090
2019-07-30,1947.052001953125,1952.2790147166672,1894.6040921875667,1903.1369800212822,2851672
2019-07-31,1970.7735595703125,1976.13450694266,1918.4596045009866,1940.4395759826143,3000677
2019-08-01,1947.855712890625,1981.3169177729735,1935.525489571907,1965.680820338463,2375236
2019-08-02,1970.4169921875,1974.616358916048,1934.855984268191,1941.557171006594,2500816
2019-08-05,2009.104736328125,2012.3658924997387,1961.7496947907796,1965.5915330847236,3039682
2019-08-06,1978.993896484375,2012.0977945060058,1975.9113949658706,1994.9875224722896,2885467
2019-08-07,1977.698486328125,2000.0804894195433,1972.1588833018927,1992.4858125555422,2165362
2019-08-08,2017.5927734375,2038.053636766424,1982.5677402859897,1991.5026532047377,2073298
2019-08-09,2007.00439453125,2026.3483896987864,2002.6263753719043,2019.289897224541,1744550
2019-08-13,1965.1893310546875,2007.0047661369304,1960.5879382671324,2005.8879020489298,1647281
2019-08-14,1969.6124267578125,1981.6300610362632,1936.5532437517904,1948.79425088839,1945002
2019-08-16,1934.4981689453125,2002.6713830237907,1914.975296098441,2002.6713830237907,3755507
2019-08-19,1932.6219482421875,1953.1722509743051,1927.8864000720582,1947.8113024354918,974884
2019-08-20,1953.8416748046875,1970.1478874788322,1935.748479919678,1940.662680999557,1843611
2019-08-21,1953.3511962890625,1967.4684065027484,1949.8219482700376,1952.2343318439541,1214408
2019-08-22,1979.97705078125,1997.5340704972778,1938.8764441314586,1954.0657987629033,2131601
2019-08-23,2008.300537109375,2019.201088349949,1978.1004847489805,1979.0386943282508,2826425
2019-08-26,2033.854248046875,2038.9471047247746,1988.0181016707377,2007.6749098670327,2345475
2019-08-27,1998.2933349609375,2032.5588142998981,1991.592150068379,2028.2252941476986,3432106
2019-08-28,2000.7501220703125,2012.2760710215027,1979.9764521638103,2001.420240454393,1294621
2019-08-29,1995.56787109375,2008.7468662546619,1985.5160951235632,1985.5160951235632,1670652
2019-08-30,2018.933349609375,2024.651607583183,1981.7640183669462,2002.3143215330597,2583625
2019-09-03,2011.784912109375,2051.6344895180896,1998.6951348935465,2028.2250632525436,2545060
2019-09-04,2006.2452392578125,2028.2252120709463,1995.1660346054728,2023.7577556566932,2228092
2019-09-05,1979.3514404296875,2013.6167029780156,1972.2035095966546,2003.386270600745,2055943
2019-09-06,1963.447265625,1995.6129546181742,1959.0692452115004,1979.9768558020478,1890550
2019-09-09,1950.357421875,1968.2272465044523,1947.632229991507,1965.6807092397523,1703945
2019-09-11,1924.5810546875,1961.2142131100568,1917.9245853821435,1953.1727880904712,2627440
2019-09-12,1906.3531494140625,1934.4086893393078,1894.5143895370436,1925.4737762245766,2118859
2019-09-13,1913.8138427734375,1928.1097050402575,1890.225757288203,1907.6041212287969,2291174
2019-09-16,1921.006591796875,1941.9142041921061,1899.9201066039884,1929.8967879779118,2597948
2019-09-17,1896.5694580078125,1926.8589477504522,1881.3356039466191,1925.4292742365474,2796530
2019-09-18,1910.7763671875,1914.7076426893184,1888.0815512994923,1899.9203141468279,1454663
2019-09-19,1878.0740966796875,1908.318866086703,1868.290410039413,1907.604029380271,1652691
2019-09-20,1845.4620361328125,1902.6007758216067,1837.9120763354213,1880.7102333470234,6941979
2019-09-23,1801.0999755859375,1875.438415110994,1764.645483489382,1875.438415110994,6323401
2019-09-24,1826.921630859375,1841.4855827835183,1798.5980000694917,1800.3849826825763,4620978
2019-09-25,1866.011962890625,1869.183900804871,1840.63689585173,1845.0596343986895,4002232
2019-09-26,1865.2525634765625,1882.5862077978577,1843.2725897897392,1874.4553495457126,4234281
2019-09-27,1837.15234375,1863.1083138034517,1832.9082593946398,1862.9296591423167,2046795
2019-09-30,1875.7061767578125,1879.9055418978587,1840.5919279037969,1842.2449739290046,2620039
2019-10-01,1840.5474853515625,1872.7131743455898,1822.4542852924221,1872.7131743455898,3342877
2019-10-03,1840.8155517578125,1859.4894336967009,1828.217345550799,1849.5270924104705,2317618
2019-10-04,1857.8814697265625,1865.565365048977,1836.080148216043,1841.128505616941,2163251
2019-10-07,1829.6024169921875,1871.4178609014807,1823.616067844317,1858.4622347458007,2177916
2019-10-09,1804.942138671875,1840.5924709669828,1800.832099628133,1840.5924709669828,2066920
2019-10-10,1790.9586181640625,1821.8735048393576,1784.3914788292868,1812.000382206241,2881452
2019-10-11,1775.2332763671875,1782.515252722137,1719.9708578897812,1725.331806018269,12593069
2019-10-14,1805.7457275390625,1816.2442492108012,1758.3906936154751,1782.5149561803214,3510704
2019-10-15,1820.3099365234375,1828.9767588268644,1807.2648758053701,1815.5743888305756,2261310
2019-10-16,1828.44091796875,1837.0184140415695,1801.2787561808384,1820.9355680042404,3034082
2019-10-17,1850.813232421875,1857.2379715705601,1821.9705433005242,1835.3666706295917,3818774
2019-10-18,1874.8717041015625,1880.840568365343,1845.3909255069418,1856.782227516244,3087901
2019-10-22,1869.4493408203125,1924.2188120571723,1859.1061716756954,1895.5127298503046,5552505
2019-10-23,1886.490966796875,1899.0213999014504,1870.4519234284649,1877.2867051218698,2348134
2019-10-24,1897.3353271484375,1912.8274984075747,1878.4713748772338,1899.1579355318654,2798671
2019-10-25,1936.4754638671875,1941.0775937392827,1891.0014815342151,1908.270648492985,3954245
2019-10-27,1928.046142578125,1940.1665322510385,1921.7582329477143,1940.1665322510385,224405
2019-10-29,2000.1761474609375,2006.418447848643,1933.3318942234941,1933.3318942234941,5064173
2019-10-30,2052.986328125,2059.5476744489742,1983.7728125008637,2027.6520246234368,5195136
2019-10-31,2068.341552734375,2082.284551924425,2038.5875586753964,2050.434513643112,4879261
2019-11-01,2005.689208984375,2073.216935300125,2000.3126035093512,2063.1925896788935,4172620
2019-11-04,1999.35498046875,2031.4784402695896,1987.4624210665013,2011.2475398709987,2646411
2019-11-05,2006.555419921875,2014.8937650976661,1976.6189852993389,2002.1355051648904,2693475
2019-11-06,1994.389404296875,2014.7115341109557,1985.7320136910628,2004.8694034512794,2540719
2019-11-07,1991.518310546875,2008.96969337275,1982.2684413382547,2008.96969337275,1915598
2019-11-08,1941.0321044921875,1995.391527022342,1935.6098896469907,1995.391527022342,2788759
2019-11-11,1914.6043701171875,1949.2795368096952,1905.5369385082154,1945.6343202845717,2983768
2019-11-13,1985.3671875,1990.1059242898998,1930.1420704280563,1930.1420704280563,3823365
2019-11-14,2001.953125,2004.8692539630342,1956.2966952674724,1993.4779513836988,2995915
2019-11-15,1981.5855712890625,2015.3494397716645,1976.391181327062,2001.2242232595866,2724180
2019-11-18,1961.6732177734375,1993.7054666385015,1958.1646081314045,1985.1846846429034,1611089
2019-11-19,1921.758056640625,1963.5412145262715,1918.2950566965878,1962.0376518136597,2975313
2019-11-20,1921.5303955078125,1945.6343455965011,1908.7265277994716,1933.741782031297,2894129
2019-11-21,1930.2337646484375,1937.979851350226,1920.4826304582382,1924.6747193149447,2052574
2019-11-22,1887.94873046875,1920.1178109057337,1877.7421686622042,1911.0047695630392,3742049
2019-11-25,1896.87939453125,1900.0233490304422,1870.17814116549,1890.54587583275,2737010
2019-11-26,1865.120849609375,1911.8250807804866,1854.5497426481418,1904.489259619642,6561580
2019-11-27,1872.0921630859375,1887.9487663288653,1865.0295559112005,1869.996119040033,2907521
2019-11-28,1893.097900390625,1908.635459270273,1877.2866832627674,1883.711422477035,2924429
2019-11-29,1871.1353759765625,1900.0692847491212,1864.346204084687,1900.0692847491212,2064271
2019-12-02,1841.7911376953125,1884.303383624546,1837.1890076382354,1877.286386773197,3809860
2019-12-03,1869.0850830078125,1879.1094301131689,1831.7216074333023,1847.8516487328236,4664774
2019-12-04,1894.14599609375,1897.335561158137,1864.0729540581021,1870.9077363389313,3334301
2019-12-05,1933.1494140625,1938.1615865664403,1884.8959069081984,1898.2464228559722,3902721
2019-12-06,1935.2454833984375,1939.2551324597339,1914.6499216625473,1935.609916045336,1829461
2019-12-09,1877.6966552734375,1939.2096874918961,1871.3631357126633,1939.2096874918961,2244747
2019-12-10,1834.3187255859375,1878.0614405482659,1825.5702270907495,1877.2867429461844,4520045
2019-12-11,1860.7921142578125,1866.3510477666825,1828.7597485868116,1845.7555945858642,4943024
2019-12-12,1841.65478515625,1898.8390157273225,1808.0276360080659,1869.1762403131768,7137306
2019-12-13,1887.53857421875,1893.1430053118129,1828.9872871246982,1843.5681523932558,5711133
2019-12-16,1938.11669921875,1946.546265208064,1895.7866528832117,1910.0940879569766,5574177
2019-12-17,1972.927978515625,1976.6188050139638,1931.053595124292,1937.8883766077427,6059673
2019-12-18,1975.4796142578125,2008.013128625262,1962.0378777520796,1981.1752653195638,8251081
2019-12-19,2031.3433837890625,2038.1325579623817,1975.2981558370452,1986.4616362014715,6251505
2019-12-20,2025.73876953125,2047.427862043709,2012.3882470375063,2023.096075364322,5548338
2019-12-23,2033.75732421875,2043.0981912839197,2013.9820696609786,2013.9820696609786,2247329
2019-12-24,2019.085693359375,2044.5566014898284,2015.0302116424223,2040.4101228438524,1805896
2019-12-26,2006.6458740234375,2031.2966926509007,2000.4945717913183,2019.8141728230771,1880367
2019-12-27,2003.5023193359375,2028.9276179736219,1982.9979744712302,2012.159709389925,2720261
2019-12-30,1989.5596923828125,2027.6522602410296,1984.0008691162525,2011.2487812817765,2288830
2019-12-31,1969.9661865234375,2002.1352683316388,1966.0931437877027,1994.8448349467262,1909289
2020-01-01,1975.3428955078125,1990.196974644657,1962.9490705063586,1975.7073281605317,1354908
2020-01-02,1966.27490234375,1986.5970251701422,1958.5744283710078,1986.5970251701422,2380752
2020-01-03,2005.4610595703125,2025.828792974643,1972.0618569487751,1972.0618569487751,4655761
2020-01-06,2005.279296875,2028.5175541428284,1993.8423845851264,2009.4257755122214,3023209
2020-01-07,2010.2001953125,2018.2194932332063,1990.1058958367364,2005.3246294864443,2429317
2020-01-08,2055.21923828125,2059.54793416057,2006.7378889301535,2009.426192400025,5197454
2020-01-09,2017.9464111328125,2052.211313300398,2013.9821491297994,2049.2951845500615,3734173
2020-01-10,2017.2176513671875,2035.8537795610555,2012.1598680710879,2030.3859538326014,1915807
2020-01-13,1996.074951171875,2022.138113983523,1990.9259497040362,2021.1358130021197,2843893
2020-01-14,2011.1568603515625,2032.0258570179699,2000.3124309278585,2000.3124309278585,2948452
2020-01-15,2029.3831787109375,2033.1196148237186,1999.5835766798675,2016.7161396705017,2620681
2020-01-16,2040.2279052734375,2049.523163697332,2018.5388206267635,2029.4288614145848,3117214
2020-01-17,2022.275146484375,2053.6695302375297,2016.7161021247307,2042.0047925151334,3281059
2020-01-20,1977.8486328125,2043.3256886557574,1964.9535483243153,2000.2209669762008,5817599
2020-01-21,1978.487060546875,1992.6122758799022,1966.6401057514327,1977.4845369157854,1902980
2020-01-22,2011.1568603515625,2013.981991959256,1980.9016097660046,1987.5541739652206,1773686
2020-01-23,2001.156005859375,2025.6344649136502,1994.5340467248361,2018.3731888058244,2069866
2020-01-24,1994.2596435546875,2001.1556581916007,1982.0205276497043,2001.1556581916007,1319430
2020-01-27,1981.3358154296875,2003.4394134421277,1977.45397736788,2000.014262211121,1549101
2020-01-28,1994.5802001953125,1998.279408988628,1965.5805796544075,1985.6748049110977,1743024
2020-01-29,1967.9547119140625,1997.5022120395179,1963.7531044474474,1995.721178240778,2306761
2020-01-30,1952.6558837890625,1977.4538883890773,1940.918943568956,1972.8870202865621,2098567
2020-01-31,1898.949462890625,1958.5928046749145,1892.1448740427677,1954.071426877793,3287223
2020-02-03,1920.367919921875,2004.5809179950413,1911.8735011712267,1965.5799113778241,4728073
2020-02-04,1925.1630859375,1951.605205418362,1905.845324692869,1944.572273733098,3509339
2020-02-05,1960.6019287109375,1969.8725805283725,1922.0118983814514,1931.7849502216095,2439322
2020-02-06,1943.978759765625,1985.856804863042,1932.2418199960953,1959.1863407665444,2640065
2020-02-07,1951.46826171875,1964.6664646397471,1935.4385116557992,1953.7059822707665,2083442
2020-02-10,1974.6673583984375,1979.2799381548798,1935.4380198201156,1955.4408058637405,2383032
2020-02-11,1966.8587646484375,1986.4050949105228,1961.5613757749436,1975.6272410452855,1335820
2020-02-12,1982.7059326171875,1995.721507667191,1963.753428597007,1964.7582288501478,1620407
2020-02-13,2002.0689697265625,2006.6815504330643,1982.9338397770516,1984.7148734779378,1645948
2020-02-14,1994.9906005859375,2020.3824316214539,1982.9341134946546,1998.4614649130835,1500115
2020-02-17,2012.39013671875,2024.9490221742738,2000.4705681062833,2006.635839148086,1774724
2020-02-18,2023.807373046875,2028.6025840176505,1996.6802241533749,2009.3760268603196,2486223
2020-02-19,2006.0877685546875,2036.8226944560233,2000.7444449353898,2023.8071234264278,1760463
2020-02-20,1969.964111328125,2022.5742938553326,1964.8948435425157,2013.5319849340967,2317278
2020-02-24,1932.104736328125,1990.1951575512896,1924.2039217013119,1969.2332801737302,3092877
2020-02-25,1969.3704833984375,1988.0946430061638,1928.131752776114,1932.2419341534196,2674567
2020-02-26,1939.6402587890625,1976.449036335966,1929.912696191051,1967.406726926953,2686842
2020-02-27,1923.1080322265625,1936.3062355815446,1905.479877905151,1936.3062355815446,2349001
2020-02-28,1826.884033203125,1890.2264632981328,1817.6132698542085,1888.8564030444738,4298076
2020-03-02,1827.9344482421875,1876.0234742965674,1813.685732304515,1858.7150908985552,2667076
2020-03-03,1859.810791015625,1881.5491215817224,1837.7072003021483,1845.0141871820772,2757585
2020-03-04,1902.7398681640625,1913.0153213219814,1849.581568425416,1877.8961504605707,3237002
2020-03-05,1940.964599609375,1961.6981355850419,1903.516282273099,1905.0232595058458,3937056
2020-03-06,1933.1097412109375,1939.6859873153578,1892.1450641700592,1916.2580408834765,2595027
2020-03-09,1801.4920654296875,1899.7253110960328,1767.377590060239,1895.2498704780342,4940975
2020-03-11,1784.4581298828125,1815.1475750003126,1753.6774811914743,1765.5513391370416,6796449
2020-03-12,1616.533935546875,1743.081868304956,1606.0301411489152,1739.063002931798,8728786
2020-03-13,1649.826904296875,1662.3400789743473,1375.586459949596,1541.6834394974042,8029720
2020-03-16,1549.4468994140625,1682.6624082556775,1530.6770285219986,1602.9705666922048,7844271
2020-03-17,1514.373291015625,1581.0495577491236,1482.5422462509143,1580.1361842322262,5713248
2020-03-18,1511.0855712890625,1565.111651508169,1486.7441382787156,1531.545165818264,7258778
2020-03-19,1505.5189208984375,1550.6932071838705,1423.082730248962,1434.9972942510715,5135111
2020-03-20,1653.7386474609375,1719.5680636834275,1496.9166611091152,1499.6768024633423,8547498
2020-03-23,1536.202392578125,1610.0822097556531,1488.405997046976,1490.4761027452332,7003490
2020-03-24,1566.9779052734375,1628.483018275606,1502.2985630697385,1520.8835778961936,6350865
2020-03-25,1610.3583984375,1665.2851624630766,1545.6790458220821,1564.0799868437737,2765520
2020-03-26,1647.7579345703125,1685.5719516400734,1584.8268170720255,1685.1578631528619,4556067
2020-03-27,1678.6256103515625,1702.0868068788109,1610.4501558462293,1674.4853991996952,4331250
2020-03-30,1636.3038330078125,1752.6897958278792,1622.5491732350722,1624.8032437963436,8513547
2020-03-31,1680.0977783203125,1706.6871586722232,1637.6836347366886,1690.4943541841023,3927593
2020-04-01,1572.13037109375,1688.0562975065152,1565.9200536073517,1679.9139037086568,4941878
2020-04-03,1521.94189453125,1600.8819820169513,1518.0777415677985,1600.8819820169513,5735369
2020-04-07,1633.267578125,1643.066102268855,1568.6803161890737,1573.28055172042,5427577
2020-04-08,1569.094482421875,1661.6052750810497,1565.0003172275003,1619.2831030690186,6285615
2020-04-09,1624.9412841796875,1636.5799030015005,1592.785569143432,1610.4964766473609,5307397
2020-04-13,1618.592529296875,1644.1238310947936,1606.4019077176886,1620.202611392239,2990438
2020-04-15,1596.4195556640625,1667.1251443171966,1589.6572327559863,1642.2838756104834,4761399
2020-04-16,1578.8468017578125,1623.7910781630803,1541.1248723092654,1573.2344248451707,6245533
2020-04-17,1661.7889404296875,1703.8810930594843,1612.8424821865333,1656.084693631352,9895823
2020-04-20,1673.2437744140625,1683.686287120728,1658.3849904563456,1683.686287120728,3244282
2020-04-21,1598.7198486328125,1651.1164854917492,1589.5653126997213,1623.8831140858806,5122541
2020-04-22,1628.0230712890625,1646.8840336860253,1581.698730010313,1598.7195985148892,3829836
2020-04-23,1728.0782470703125,1748.0892689650439,1620.0647087258615,1637.6836309251464,5934366
2020-04-24,1673.1513671875,1703.8808443918176,1663.2608628217522,1693.5303165671976,2987102
2020-04-27,1689.75830078125,1725.0881281069655,1679.0857780241133,1685.8021660603797,3374741
2020-04-28,1710.41357421875,1718.6479506857092,1686.0782614922123,1715.8878094372847,2678505
2020-04-29,1753.287841796875,1759.6361894778702,1702.1332436544376,1724.1683275698006,4241510
2020-04-30,1853.3887939453125,1869.5356651109714,1786.9153924668344,1821.6932169880527,5915544
2020-05-04,1776.104736328125,1808.8124530249497,1760.6480136783598,1808.8124530249497,3729348
2020-05-05,1778.220947265625,1818.9330294886254,1772.9306766942746,1798.7839765026133,2905528
2020-05-06,1751.4017333984375,1797.4960731808394,1742.2012618925512,1784.707507636012,3517431
2020-05-07,1740.406982421875,1779.784927821429,1732.7705471677452,1757.289822918192,3166754
2020-05-08,1742.01708984375,1784.4312359706016,1735.4387310386942,1784.0631946921258,2686530
2020-05-11,1780.56689453125,1795.3796278582813,1756.3696149950504,1756.3696149950504,2449841
2020-05-12,1793.631591796875,1800.0719206722679,1757.5197477455658,1778.8188578455563,3256595
2020-05-13,1793.7694091796875,1834.573465552743,1771.6882842181699,1834.573465552743,2656665
2020-05-14,1750.25146484375,1769.3424409320596,1739.9009356392446,1757.2898471648994,2263146
2020-05-15,1741.5570068359375,1764.0981585698692,1716.0716372851957,1762.8100702944164,3173682
2020-05-18,1790.043212890625,1796.8055350933466,1722.4197662425863,1754.5294252763224,3727694
2020-05-19,1792.849609375,1809.2263785920602,1750.849441354413,1750.849441354413,3198693
2020-05-20,1797.4039306640625,1805.9604133257835,1777.2548774006539,1794.0917836793565,2778505
2020-05-21,1831.9974365234375,1838.2538006891898,1785.9491541977295,1790.4113594300115,3400908
2020-05-22,1858.8172607421875,1869.5358326384487,1804.4424959459436,1819.0252209972994,3663418
2020-05-26,1787.6514892578125,1862.175303272163,1771.090641699068,1853.8948794927908,4575317
2020-05-27,1844.970458984375,1849.294635346833,1786.0413984413133,1802.3722341514656,3482160
2020-05-28,1844.05029296875,1852.974704166932,1813.6887412122908,1829.5135050823953,3475681
2020-05-29,1814.6546630859375,1842.532131881177,1805.5002404352836,1823.5331390251122,7237735
2020-06-01,1881.7261962890625,1895.2968900405665,1822.705156595859,1830.8935976605471,3747773
2020-06-02,1883.4744873046875,1914.6180599064307,1876.9421752039038,1895.4810348544058,2443886
2020-06-03,1888.087890625,1904.328293519514,1863.957917824067,1893.3476414427982,3699799
2020-06-04,1929.9808349609375,1937.7780396356293,1888.6415250591542,1888.6415250591542,4048593
2020-06-05,1890.025634765625,1935.93251885184,1882.6898058824424,1930.0269997552043,3573289
2020-06-08,1911.7105712890625,1933.1645453604856,1902.806108722414,1917.7084565133312,2957841
2020-06-09,1911.9871826171875,1933.6256590135379,1901.0986704760874,1903.7286022149656,2909439
2020-06-10,1945.8521728515625,1967.3061446447095,1913.3251833587267,1916.600996151109,5168397
2020-06-11,1907.9268798828125,1942.391735467808,1902.5289192545715,1937.7779783764356,2269513
2020-06-12,1881.9517822265625,1890.9024271863177,1855.6533631074367,1855.8378683608166,2842642
2020-06-15,1873.0931396484375,1899.9451835808427,1846.3794183173027,1881.5824077000077,2399022
2020-06-16,1887.7652587890625,1913.7406260852338,1874.1084901218996,1905.4820443632311,2146528
2020-06-17,1889.610595703125,1899.8070449905497,1870.0021260277433,1887.9495979214546,2703527
2020-06-18,1880.659912109375,1900.1299472922913,1868.756394582574,1887.026920334461,1944389
2020-06-19,1886.657470703125,1928.550406364708,1875.0308257096106,1884.258339615662,5681758
2020-06-22,1871.2935791015625,1893.716482249467,1863.1734347020704,1891.640291685422,3196138
2020-06-23,1878.0760498046875,1886.1039422718334,1854.730393329934,1870.4171678008836,4205944
2020-06-24,1884.443115234375,1904.7898313729677,1874.6619716185846,1876.8765978019214,2560937
2020-06-25,1860.359375,1900.8681905202693,1854.0385494188597,1877.799401800363,3043931
2020-06-26,1955.1719970703125,1967.3060885075258,1863.9117436308204,1868.5716835026922,6300722
2020-06-29,1939.3006591796875,1963.2462415620103,1929.7503160312492,1945.1602214963643,3076341
2020-06-30,1921.306884765625,1948.758741021237,1914.7554844917818,1937.7780886314406,3071725
2020-07-01,1930.4425048828125,1950.6506745491354,1918.8619273962756,1919.0464326576603,2503466
2020-07-02,1990.512939453125,1997.7566274989854,1935.932288449363,1939.6232937657585,3758699
2020-07-03,2029.730224609375,2034.6670351927007,1993.3739060204225,1996.5111709735756,4185208
2020-07-06,2088.371337890625,2094.553728441387,2034.6672408085076,2034.6672408085076,5190366
2020-07-07,2094.55322265625,2124.8195123306514,2059.7193588045307,2099.259344706271,5630055
2020-07-08,2047.4931640625,2098.705871082514,2037.0662525878274,2094.6458546924755,2793358
2020-07-09,2034.067138671875,2071.115517268877,2021.7944999958388,2056.812870569092,3443998
2020-07-10,2050.677490234375,2076.0531639596443,2007.9078554976707,2034.8983448236388,9610320
2020-07-13,2048.508056640625,2071.530658437191,2039.2805428719735,2048.508056640625,2963503
2020-07-14,2004.170166015625,2066.0407019452005,1997.7570878567926,2039.2809072348784,2976738
2020-07-15,2061.33447265625,2085.4183767658637,2012.613373990338,2016.2120147050498,5569321
2020-07-16,2066.744384765625,2157.6080768131574,2053.1958431362214,2075.298981726843,8582118
2020-07-17,2035.300537109375,2075.206487088451,2025.4049940594323,2068.825310241359,4509135
2020-07-20,2041.9129638671875,2059.484569478607,2026.098654288787,2035.5317868807829,2952646
2020-07-21,2057.774169921875,2070.3516071322933,2035.670800103835,2062.3519912923307,2665286
2020-07-22,2026.23779296875,2063.2769423579844,2019.995247311683,2063.2769423579844,2861534
2020-07-23,2007.9718017578125,2026.2370209806263,2000.388312858032,2026.2370209806263,2265766
2020-07-24,1995.210205078125,2000.3892968084276,1965.3386453990322,1992.5283125167625,3665100
2020-07-27,2040.8963623046875,2048.479854305534,2000.8515416659245,2002.2387740729034,4248480
2020-07-28,2136.1064453125,2145.5858656239852,2048.479608774624,2048.479608774624,8092319
2020-07-29,2104.93994140625,2165.9318718899167,2077.1952974452347,2119.6907986215583,6090431
2020-07-30,2108.13037109375,2180.7288506422738,2101.4254159762113,2114.0491377105054,7098496
2020-07-31,2109.887939453125,2159.2735491030007,2087.738506959454,2130.002809553698,4723290
2020-08-03,2084.686767578125,2130.650587200897,2062.999743632853,2118.257840813206,4012337
2020-08-04,2080.57080078125,2099.020943816366,2057.774042026021,2090.050220779859,2927928
2020-08-05,2089.634521484375,2127.089798368693,2083.623180749855,2090.096932310107,3800641
2020-08-06,2134.580322265625,2145.1231957066116,2095.04420818222,2103.9686442045877,4748047
2020-08-07,2122.7890625,2152.9843933376687,2115.066712870811,2134.4879638416405,3165491
2020-08-10,2111.182373046875,2150.2097916345156,2104.939828490517,2143.736041724218,2929353
2020-08-11,2108.500244140625,2138.1871017415056,2104.523692703419,2111.3672808286583,2774423
2020-08-12,2087.64599609375,2123.760096644101,2077.657878292678,2116.315463867535,3415751
2020-08-13,2084.9638671875,2127.089533319898,2081.310867276709,2102.119351841795,2695682
2020-08-14,2073.58837890625,2109.795275107801,2065.21892519053,2105.818497609825,2270405
2020-08-17,2083.9921875,2099.344311102819,2069.9812353858524,2092.87056212585,2625630
2020-08-18,2099.114013671875,2116.916831058452,2079.276633741283,2092.6865481363675,3493374
2020-08-19,2086.952392578125,2112.8473958854806,2083.1605339220864,2105.2176181252776,2843005
2020-08-20,2083.484130859375,2105.4023544553943,2071.6463709323525,2087.322049630275,2895164
2020-08-21,2079.5537109375,2100.269622180293,2072.5712634695615,2090.0965857012166,1975294
2020-08-24,2079.090576171875,2090.0495716361065,2062.3512225709687,2081.402629111977,2167966
2020-08-25,2074.051025390625,2080.848554315998,2065.6352844873027,2076.224446417518,1663419
2020-08-26,2084.0849609375,2090.003727401258,2049.8202839618198,2073.4495151639117,2618149
2020-08-27,2079.368408203125,2115.390383449489,2073.2184360221017,2095.645355648972,3579393
2020-08-28,2070.25927734375,2108.5467983009617,2067.0686882284,2097.865064491741,2941136
2020-08-31,2087.553466796875,2105.0787902056595,2060.502436160566,2071.600294883154,6018154
2020-09-01,2077.47314453125,2106.7436586041813,2072.8027501746683,2098.4202639916098,3610908
2020-09-02,2094.85888671875,2098.188333728172,2073.125586071869,2078.0734703635053,2084137
2020-09-03,2126.626953125,2149.285078957382,2097.4950770547944,2097.4950770547944,4654146
2020-09-04,2116.731689453125,2149.516569492556,2092.82496116008,2103.969106419518,5231303
2020-09-07,2152.10546875,2167.3187341009066,2111.690822770013,2116.915972842746,4620401
2020-09-08,2171.665771484375,2210.739479325747,2152.105887341103,2160.3367082640953,7453998
2020-09-09,2152.6611328125,2181.654383329484,2145.5863371447235,2150.2104456299494,3866535
2020-09-10,2155.8974609375,2171.9432036186204,2149.5625693943684,2159.458113880979,2308813
2020-09-11,2195.618896484375,2203.8497178309954,2154.9728093932836,2155.7127117785603,4145424
2020-09-14,2304.10009765625,2317.3713759364,2202.786087231333,2204.866935518615,7512131
2020-09-15,2304.10009765625,2347.1968680541086,2279.31506313026,2304.10009765625,7318770
2020-09-16,2314.827880859375,2319.0821494607985,2291.060016892383,2301.8340954998944,3074003
2020-09-17,2275.939453125,2308.123286876227,2266.367685954742,2293.5573480729413,4828176
2020-09-18,2265.7197265625,2312.423204562538,2253.2346383842723,2298.1810461404775,4183256
2020-09-21,2279.962646484375,2316.585444940407,2267.801107448011,2279.6851548579207,4598809
2020-09-22,2333.278564453125,2362.919141304681,2273.2114478774583,2298.1816305840052,7499613
2020-09-23,2281.950439453125,2330.411214611153,2227.8946756475298,2321.301633821212,7502280
2020-09-24,2156.914306640625,2265.812006118354,2129.493447575031,2265.812006118354,8424708
2020-09-25,2240.195068359375,2256.5643630487834,2175.272647006007,2189.977217909639,8228267
2020-09-28,2243.89453125,2260.263827230992,2188.127747638513,2256.564541098044,4347166
2020-09-29,2301.325927734375,2322.2732719785126,2243.8946431287895,2251.801912789517,6995811
2020-09-30,2304.932373046875,2316.6775594283995,2275.0605972829794,2301.88041733225,3917166
2020-10-01,2333.739990234375,2349.045826109024,2304.9319004374106,2321.301190367579,2610337
2020-10-05,2502.382568359375,2523.006137157532,2407.357139924527,2423.0328223776382,17412105
2020-10-06,2510.24267578125,2530.3112542412946,2450.869189314899,2530.3112542412946,9846367
2020-10-07,2530.26513671875,2561.755351448911,2499.792315872349,2535.860351506467,9656101
2020-10-08,2613.267578125,2668.1095279645438,2589.499715182226,2589.499715182226,19839329
2020-10-09,2601.476318359375,2617.1059355296306,2571.0034983118585,2598.748140379972,7739245
2020-10-12,2617.244384765625,2639.4400968625773,2590.1933606474645,2603.8344753737165,4623203
2020-10-13,2614.05419921875,2640.2727527025213,2600.782920667333,2631.1171103659335,4209878
2020-10-14,2609.456787109375,2639.5486657162655,2588.9774848703687,2639.5486657162655,4395936
2020-10-15,2545.3720703125,2626.313805498874,2532.7407824579363,2610.757000179413,6629355
2020-10-16,2566.455078125,2574.210125922239,2536.7346130836345,2554.1954316452675,5273773
2020-10-19,2518.390869140625,2576.392154006268,2513.793531230772,2576.392154006268,3331194
2020-10-20,2543.8857421875,2563.296827833859,2524.3352058288956,2530.8830403289294,3406273
2020-10-21,2484.816650390625,2553.1738137314824,2473.346543952097,2543.88616799219,4570143
2020-10-22,2480.869384765625,2495.2652355676064,2450.1738971968593,2471.442515101412,5262294
2020-10-23,2495.404296875,2509.521470753693,2479.893976361914,2496.333061297929,3499091
2020-10-26,2496.704345703125,2516.9049708446328,2480.265261627445,2498.329683358189,2672752
2020-10-27,2442.789794921875,2524.521068778763,2437.1709512435255,2507.4318931265243,3537502
2020-10-28,2435.40625,2466.7520521768197,2420.360310304956,2461.2259486984394,3569445
2020-10-29,2445.11181640625,2465.869794072965,2415.019936737562,2422.217861748509,3105968
2020-10-30,2475.0185546875,2483.841818814143,2434.849483795152,2448.316571146344,3427003
2020-11-02,2419.059814453125,2475.0178688016417,2414.8338911400524,2470.5132708224874,2571196
2020-11-03,2445.99462890625,2475.1577476915754,2415.7632947431457,2418.5031050614866,2879269
2020-11-04,2464.1513671875,2527.9576677873265,2424.0752709366134,2424.0752709366134,4893928
2020-11-05,2494.38330078125,2516.9523282627433,2477.015446301379,2493.7332108433457,2816502
2020-11-06,2514.583740234375,2519.970620412698,2490.296635974572,2506.7357244978793,3884421
2020-11-09,2532.369140625,2548.529550720737,2503.113061598869,2536.548580485876,3646592
2020-11-10,2460.85400390625,2519.8767943458447,2450.4054054296594,2505.0630489666314,4760020
2020-11-11,2496.33349609375,2500.9773190172264,2455.096212483781,2477.897428387883,3242441
2020-11-12,2480.7763671875,2519.7379911067205,2472.138812321531,2494.6613505759865,2437505
2020-11-13,2467.58837890625,2475.0647527208143,2448.223545820255,2466.56664712145,2548093
2020-11-14,2480.126708984375,2497.4480785543356,2470.5603879896494,2487.185184090322,298819
2020-11-17,2476.132568359375,2503.0202545003767,2461.272336792768,2503.0202545003767,2827273
2020-11-18,2439.539306640625,2474.4144607297735,2421.3356575691973,2471.4424595292503,2893762
2020-11-19,2449.05859375,2485.51259403998,2443.4397509007654,2449.151560883502,4167501
2020-11-20,2470.745849609375,2485.3738910082466,2440.375294721549,2465.8698358097513,2711471
2020-11-23,2530.186767578125,2535.527163618714,2475.15746924684,2498.376582466791,3706418
2020-11-24,2528.143310546875,2547.6008803789437,2512.3078313616634,2539.6134154280116,3120516
2020-11-25,2508.871337890625,2538.2666406714916,2496.704433459704,2534.5980666137953,3302249
2020-11-26,2526.796875,2536.4094518511583,2489.08894432291,2494.6615315116924,2341099
2020-11-27,2488.763427734375,2524.1029584186326,2478.9186611676846,2512.3076959170166,6086808
2020-12-01,2532.5556640625,2541.0072868989596,2437.4965050133856,2488.1606654434568,3605017
2020-12-02,2553.68408203125,2558.4671277680804,2509.9391901358845,2525.3102855873876,2509032
2020-12-03,2516.44091796875,2576.2997443773525,2508.407195779185,2576.2997443773525,2852548
2020-12-04,2533.251953125,2543.7470385503084,2506.7356782039456,2517.6951459334787,2686527
2020-12-07,2542.678466796875,2548.5297283597743,2513.3759021577794,2521.5955584900826,1996400
2020-12-08,2598.032958984375,2605.6952660438556,2537.80249097474,2544.8147082396085,4277818
2020-12-09,2610.571044921875,2637.690920301915,2594.1782170613697,2614.47181008799,3659996
2020-12-10,2585.95947265625,2625.8963527963842,2582.1979304560055,2617.2587961604254,2127801
2020-12-11,2585.3095703125,2607.6926640584497,2567.6165570122994,2593.761193231394,1795408
2020-12-14,2598.404296875,2604.255558350937,2559.907055172885,2602.398029422013,2483658
2020-12-15,2564.829833984375,2595.618288664383,2558.7463807239287,2587.538082285613,2365509
2020-12-16,2613.728759765625,2618.929931166236,2563.807672680501,2581.0362978522617,2565149
2020-12-17,2636.01904296875,2650.414890995294,2605.1841106101047,2610.7566969429604,2863460
2020-12-18,2657.1953125,2691.559600008738,2643.4495521466743,2663.6966641908425,6076692
2020-12-21,2619.255615234375,2680.879242302231,2586.60962751142,2657.1957430198104,2705195
2020-12-22,2667.8759765625,2678.2316098449746,2617.861918469322,2632.1185439784595,2881737
2020-12-23,2701.543701171875,2711.063537162253,2661.3281535407427,2671.1731478011807,2790988
2020-12-24,2702.10107421875,2713.246248158712,2677.813746625096,2701.7759159458433,1807144
2020-12-28,2720.72265625,2739.5766210929264,2695.2745994565134,2702.704715512906,2108994
2020-12-29,2721.743896484375,2741.712329780541,2711.991870921131,2711.991870921131,1994151
2020-12-30,2702.05419921875,2737.7186599605407,2695.274174037613,2725.3660486166796,2637968
2020-12-31,2658.82080078125,2698.061104277192,2642.3352294900556,2693.417281378264,4040956
2021-01-01,2719.65478515625,2730.567768585119,2673.913131209714,2674.8418957568515,2681440
2021-01-04,2822.932861328125,2833.4279442161414,2731.4495695129026,2739.8549325371196,5113293
2021-01-05,2872.668212890625,2892.4044558663527,2823.0722859477364,2823.0722859477364,5801309
2021-01-06,2834.125,2891.7084016057674,2820.8436216991613,2879.170080288383,3726716
2021-01-07,2816.75732421875,2861.3845085984085,2786.525991139035,2855.951144988762,3717827
2021-01-08,2898.580810546875,2905.1751286805516,2842.0191476222785,2869.882080442105,5879039
2021-01-11,2950.17333984375,2999.908713870903,2922.40337774316,2999.908713870903,9508039
2021-01-12,2948.68798828125,2981.333968923545,2925.6081003455347,2950.173875393846,3611458
2021-01-13,2933.9208984375,2950.6851448780008,2903.550341257428,2948.8276156712786,3572801
2021-01-14,3024.879638671875,3039.58208636256,2903.631301225025,2935.8277919711854,6931542
2021-01-15,3008.73486328125,3046.5608872739112,2987.0068564903036,3010.2701497651506,4131692
2021-01-18,2997.94140625,3030.5100255465777,2965.9775418680947,3024.2289346822377,4160906
2021-01-19,3034.185302734375,3051.214081838586,3007.479082800339,3008.4096146947695,2975735
2021-01-20,3078.944091796875,3096.7636873631463,3040.1409557976676,3042.839407519233,3453446
2021-01-21,3046.421630859375,3079.269221725584,3035.487882185841,3075.4076056195186,2778546
2021-01-22,3073.639892578125,3094.0184495389262,3016.6911607248135,3016.6911607248135,3052459
2021-01-25,3062.659912109375,3107.790712563193,3050.8885464042637,3079.0837104744296,2272887
2021-01-27,3034.51123046875,3076.7572897016653,3002.8265724537387,3070.75540412065,2786662
2021-01-28,2974.491943359375,3047.49212923265,2962.6276610241944,3005.618191579071,3083938
2021-01-29,2895.210693359375,2993.3818147576076,2884.649064782185,2987.0541520180836,5445659
2021-02-01,2921.265869140625,2945.1339252454627,2832.6326917694937,2884.6493422625385,3985846
2021-02-02,2980.912353515625,3000.034829393451,2931.175469165438,2953.5082346447934,2881837
2021-02-03,2977.7490234375,3011.2016039788195,2942.946989728355,2989.799367609378,2505866
2021-02-04,2966.954345703125,3012.9227571678616,2955.369269161588,2992.63711662225,2057261
2021-02-05,2938.5732421875,2983.145857628607,2911.6343884400753,2976.725051048492,2366135
2021-02-08,2990.822998046875,3001.8962379967297,2935.967954792763,2967.931819928881,2526592
2021-02-09,2956.20703125,3020.320822603954,2944.203259276291,2973.049751386773,2658751
2021-02-10,2990.078369140625,2995.754477743881,2937.968579787794,2963.7442694422602,2127983
2021-02-11,2983.285400390625,2995.661520631869,2963.7908016788497,2991.660187852732,1165882
2021-02-12,2969.14111328125,3020.0411607406763,2960.9523874524207,2962.9995121144702,2777404
2021-02-15,2921.73095703125,2986.0771532092886,2914.007496085103,2986.0771532092886,2630853
2021-02-16,2892.837890625,2947.5995618273355,2884.649163691936,2931.175763106322,3435770
2021-02-17,2859.61767578125,2915.216956864948,2833.9814764730572,2889.3946966126864,3678426
2021-02-18,2844.961669921875,2882.694555058972,2820.442064565525,2852.0801477708133,4189909
2021-02-19,2858.4541015625,2872.6910558642276,2806.623300355655,2845.5661457072465,3725028
2021-02-22,2752.931640625,2880.926329681161,2738.694459257315,2880.926329681161,5366696
2021-02-23,2773.171142578125,2817.6506131491706,2761.8186987538766,2763.6797625670533,3832829
2021-02-24,2743.301513671875,2794.7134073015613,2718.2234942201917,2765.5411378719978,3774549
2021-02-25,2787.22216796875,2819.4184345047024,2762.237296276545,2767.4017936140026,4224073
2021-02-26,2693.23828125,2765.8663349455555,2679.931630841296,2754.374176142443,5553153
2021-03-01,2721.061279296875,2759.0270254542615,2700.2174560476533,2722.7362821177635,3265871
2021-03-02,2797.504638671875,2814.8589675499697,2743.208012012334,2754.3743946935238,3306469
2021-03-03,2846.590576171875,2851.1500921702454,2788.7113031306735,2824.1646637521853,3509857
2021-03-04,2837.843017578125,2867.3874046492147,2806.5307108144048,2812.997861918249,3916760
2021-03-05,2799.086181640625,2850.404918717277,2788.4316381372214,2806.5770079468944,3203686
2021-03-08,2798.06298828125,2822.3033908993543,2787.8737089134406,2806.4843478247453,2003125
2021-03-09,2839.00634765625,2853.848286510202,2784.2446798598558,2798.0629427180947,1942397
2021-03-10,2857.616455078125,2878.320786681193,2847.4271777702643,2861.385154131883,3053778
2021-03-12,2845.52001953125,2900.4679744610994,2830.0733260751012,2861.3856340929997,2938317
2021-03-15,2853.14990234375,2883.7179619315307,2829.747119146107,2829.747119146107,3097083
2021-03-16,2894.00048828125,2922.8004022367945,2847.427325961347,2847.427325961347,4894756
2021-03-17,2896.69921875,2935.8281303931103,2870.9701027108863,2889.3015356166743,3838390
2021-03-18,2825.56005859375,2927.87199354372,2779.5453024828785,2908.796089970141,3656306
2021-03-19,2838.30810546875,2883.718103617535,2796.2481127365895,2819.5114081836496,5776626
2021-03-22,2912.239013671875,2921.3582715517364,2808.9499747683562,2836.9125032589945,2821646
2021-03-23,2924.28955078125,2948.8555013210753,2905.9115463157746,2921.870077042656,3305973
2021-03-24,2904.283447265625,2933.3159995416695,2895.024472340452,2895.0710443754815,2207104
2021-03-25,2851.94091796875,2913.356026241053,2838.1224277352217,2896.0014691860197,3179786
2021-03-26,2853.755126953125,2901.3983123027274,2831.654995485136,2875.948175297866,3697370
2021-03-30,2939.1318359375,2966.954651315253,2848.2652516252865,2868.8300992910413,4694008
2021-03-31,2957.0908203125,2982.3546699359595,2914.4258428204134,2935.828076021202,3530069
2021-04-01,2945.133544921875,2991.6601412081604,2926.5229064073606,2969.4205190555745,4285076
2021-04-05,3013.89990234375,3036.3258136601467,2932.1062331728845,2950.71687254561,5317862
2021-04-06,3037.90771484375,3047.492239690205,3005.6183005188896,3047.492239690205,2291562
2021-04-07,3044.141845703125,3049.864752968873,3010.0845158261823,3032.6033414743397,2491268
2021-04-08,3086.89990234375,3103.3236985115986,3039.1635733293206,3042.8391286755405,2578118
2021-04-09,3091.45947265625,3121.3296362419537,3078.1993936479416,3121.0038592186206,2911129
2021-04-12,3021.0185546875,3106.2088003429285,2989.985223211049,3091.459778029096,3791828
2021-04-13,2888.417236328125,2990.7291607824927,2859.5707509565455,2990.7291607824927,8654596
2021-04-15,2995.335693359375,3012.3644730162773,2872.970745270213,2940.7600868519426,6062760
2021-04-16,2973.18896484375,3021.4371356305264,2961.5109710255415,3004.6875611182536,3224657
2021-04-19,2942.156005859375,2967.466429815208,2917.3108478850118,2948.8557905564107,2679106
2021-04-20,2926.103515625,3001.290522753972,2909.167884046144,3000.964745785293,3141893
2021-04-22,2902.14306640625,2929.3145536789593,2889.5343131548884,2929.3145536789593,1988980
2021-04-23,2893.488525390625,2902.3285771646115,2876.320259749899,2889.3011324450526,1615309
2021-04-26,2885.3935546875,2933.9672776927137,2873.5292721659075,2886.5567196405973,2490260
2021-04-27,2914.42578125,2918.241052742662,2887.440357349537,2890.231952925447,1471417
2021-04-28,2907.074951171875,2932.106169714185,2895.8154237228005,2931.129065732133,1639037
2021-04-29,2898.8388671875,2938.0143424778707,2889.7661831476707,2927.080595045256,1621395
2021-04-30,2824.76904296875,2914.4724535354535,2810.2063097523874,2883.7183291134597,3072305
2021-05-03,2826.025634765625,2842.7752104738174,2795.318079300605,2814.7661068895204,1545831
2021-05-04,2837.89013671875,2875.3440519586647,2824.1647888979114,2850.0336254811186,1990777
2021-05-05,2880.647705078125,2884.090627848508,2840.355626306314,2856.7330794582044,1939289
2021-05-06,2895.303466796875,2916.287006809762,2860.4550921931104,2889.7668473668523,1791671
2021-05-07,2915.26318359375,2940.341199053617,2895.6290975869465,2915.35632765233,1912540
2021-05-10,2926.98828125,2944.3891834722303,2907.9123760630264,2927.4069751960224,2137153
2021-05-11,2905.679443359375,2910.797369587095,2876.4140289126904,2907.9126293864742,2415625
2021-05-12,2873.110595703125,2903.2597405986176,2857.291552244735,2903.2597405986176,1978558
2021-05-14,2839.51806640625,2883.2530652989562,2828.816949655907,2883.2530652989562,2043935
2021-05-17,2856.5,2861.5713528862157,2825.0945516735887,2842.7746559166053,2890462
2021-05-18,2874.226806640625,2906.9814821299074,2864.1770172842043,2884.648717862584,2098538
2021-05-19,2867.899169921875,2901.3983166179123,2854.0343361893774,2869.7602336272103,1986041
2021-05-20,2847.42724609375,2874.226606787225,2840.0761359058174,2854.0341126023554,2329027
2021-05-21,2866.503662109375,2873.6687126635848,2842.8682415329818,2848.358289146826,1685566
2021-05-24,2867.433837890625,2889.30133592419,2858.5937854940776,2867.433837890625,1652260
2021-05-25,2911.8505859375,2925.175528406867,2882.0215077965245,2891.2787449321613,1841613
2021-05-26,2953.461669921875,2959.539713567432,2902.312640593798,2917.4609498674213,1923753
2021-05-27,2973.56640625,3008.8658187770243,2956.5479271933714,2956.688098442929,5959785
2021-05-28,2939.5283203125,2990.3967668686987,2932.094224515604,2982.448557826052,1763701
2021-05-31,2954.069091796875,2964.5422101412114,2925.5024721119967,2945.5131686712966,1652799
2021-06-01,2948.319091796875,2964.168715851764,2928.682332860074,2962.906489752415,1377441
2021-06-02,2926.297607421875,2954.350118116217,2912.785693762484,2946.3085353589886,2240078
2021-06-03,2937.33154296875,2949.7682012881696,2919.9388955997083,2949.7682012881696,1281706
2021-06-04,2939.669189453125,2951.918876438065,2922.1363712257703,2924.941622142147,1836060
2021-06-07,2976.557861328125,2983.3372169531726,2930.1778549925803,2940.8377159690076,2559821
2021-06-08,2992.407958984375,3021.2553819424047,2980.298670939213,2990.3976203812476,2574057
2021-06-09,2992.50146484375,3010.969367017225,2979.3634938417063,2994.137861238868,1710925
2021-06-10,3007.9775390625,3014.7100965975064,2985.722499514838,3001.6189237214626,1874324
2021-06-11,3061.27685546875,3094.191753822015,3002.5535574259566,3003.067899084519,3452954
2021-06-14,3063.66162109375,3093.9114423001965,3058.0511188035,3066.1395016218416,1847360
2021-06-15,3050.94384765625,3083.9055427385833,3040.4709575721545,3083.9055427385833,1304985
2021-06-16,3061.79150390625,3080.8203208444497,3041.827374945738,3050.336728209021,1635552
2021-06-17,3102.3740234375,3119.486101234806,3048.3729384089365,3053.5158988878475,2273413
2021-06-18,3083.251708984375,3140.0112472170167,3062.399295603255,3133.3720612441266,3380431
2021-06-21,3060.622314453125,3072.6848019388635,3040.6113878366295,3053.048045748749,1130569
2021-06-22,3086.897705078125,3111.0697056571257,3071.749397543137,3089.5159846217734,1708688
2021-06-23,3049.681884765625,3112.8936341381873,3045.006466270374,3112.8936341381873,1467104
2021-06-24,3154.5986328125,3163.3883287526814,3065.6720768003743,3070.8150374294432,4155204
2021-06-25,3161.330322265625,3178.956509152917,3132.529704991213,3156.1405632154,2722861
2021-06-28,3120.140380859375,3171.3362108892097,3116.6338171587013,3171.3362108892097,1355238
2021-06-29,3123.974609375,3147.77244493983,3110.5560663665524,3125.0498643610454,1497322
2021-06-30,3128.555908203125,3162.452688199348,3121.7765522038803,3128.7896790996506,1693146
2021-07-01,3124.58203125,3143.7512461656443,3116.026107128805,3140.0109115479577,990310
2021-07-02,3109.573486328125,3122.898426661255,3081.287209480603,3114.76324558993,1682274
2021-07-05,3105.412841796875,3154.972275887581,3087.646252217188,3125.0495987007394,1972858
2021-07-06,3050.523193359375,3111.9581385982033,3044.725720850893,3097.9318849687043,2159420
2021-07-07,3062.35205078125,3069.5989488247033,3031.1671490790777,3062.3988506205555,2640710
2021-07-08,3046.969970703125,3083.9057736317036,3022.096655135728,3083.9057736317036,2485811
2021-07-09,2999.88818359375,3068.944194709184,2993.2024275637104,3039.021521268997,6365067
2021-07-12,2985.81591796875,3025.9309182442794,2981.374270298274,3024.9958345241794,1892226
2021-07-13,2980.6259765625,3005.3588937980066,2968.8906309298914,3005.3588937980066,1809339
2021-07-14,3005.873291015625,3012.8396187774447,2978.2415225965738,2980.111689957702,2044279
2021-07-15,3001.562255859375,3028.645285628407,2993.1750390627294,3024.662507320324,2232968
2021-07-16,2993.924560546875,3017.399568460729,2991.3005669231334,3010.9801759160487,1256526
2021-07-19,2984.3662109375,2998.610454890965,2976.3068502425845,2980.055347535081,1597058
2021-07-20,3004.2333984375,3012.854897019311,2957.7050354598405,2984.3664072385095,1811945
2021-07-22,3014.1201171875,3022.1792496510957,2989.426798044962,2989.426798044962,2859334
2021-07-23,3010.84033203125,3037.7357575534816,3005.0299775030494,3026.9119245729084,1776193
2021-07-26,2996.501708984375,3021.5228808486418,2990.2230222304356,2998.79761765237,1259611
2021-07-27,2982.81982421875,3008.1690829656272,2962.3904681776576,2998.7978397165134,1121367
2021-07-28,2996.736328125,3002.9681136111817,2935.4482576259566,2987.552463626842,1660654
2021-07-29,2994.862060546875,3022.6477061665933,2989.707876592516,2999.032218170103,1731997
2021-07-30,2968.294677734375,3020.820546868226,2963.515480499687,3016.603487007544,2999943
2021-08-02,3016.9775390625,3022.131722130209,2967.872322806181,2980.0549373298563,2608669
2021-08-03,3078.359375,3083.138800218507,3016.5560761153424,3025.9742206399874,3804735
2021-08-04,3068.09814453125,3097.383279749118,3056.14980936236,3092.510279006889,2929598
2021-08-05,3077.469482421875,3106.5672394270223,3057.3682107483137,3069.082265195625,2534521
2021-08-06,3101.6943359375,3115.0014564495045,3059.711117721911,3066.786452588299,2292362
2021-08-09,3113.78271484375,3127.1836374418717,3101.881282568953,3114.907218191193,1510489
2021-08-10,3124.27880859375,3139.272798336021,3107.129615858129,3107.129615858129,2040777
2021-08-11,3133.93115234375,3148.7377625805757,3117.906463504689,3139.366519239562,1929707
2021-08-12,3141.00634765625,3156.234617410681,3116.8753971223055,3116.8753971223055,1310205
2021-08-13,3245.63623046875,3261.1925854671967,3146.3948579615267,3149.440511956575,4363584
2021-08-16,3254.585693359375,3274.640290046074,3220.4275594169026,3242.449979799937,2083489
2021-08-17,3329.649169921875,3336.9118824399284,3245.2610903250556,3263.1602539823575,4336019
2021-08-18,3336.677734375,3368.9616184516567,3314.2336547472287,3349.1415324349405,2631309
2021-08-20,3335.6943359375,3350.219764286153,3279.935433566863,3285.5581800244063,2836148
2021-08-23,3408.69580078125,3442.0575170198385,3337.9429168893366,3354.9049580536403,3744176
2021-08-24,3386.01806640625,3436.7634933885493,3368.400080731058,3427.0641636734126,2511141
2021-08-25,3428.93798828125,3465.2515567551222,3380.254424175593,3383.0188952433214,2123263
2021-08-26,3440.979736328125,3455.7394431260036,3418.53542772086,3429.8747225546344,1902533
2021-08-27,3486.24267578125,3495.004879006288,3421.534429561316,3435.4974893248564,3944728
2021-08-30,3468.57861328125,3505.1733671315105,3455.7400546637696,3481.4171718987304,2033114
2021-08-31,3548.3740234375,3564.9144035039626,3470.5927117225087,3476.1685551777928,3207480
2021-09-01,3481.369873046875,3576.722270586115,3473.919780618785,3557.3238433312404,2643336
2021-09-02,3595.51171875,3616.5032119084826,3487.976703508829,3499.222195298755,3403717
2021-09-03,3600.478759765625,3614.3949194952324,3565.336595614902,3584.5007433737364,1746812
2021-09-06,3609.802978515625,3633.793453274146,3574.1922533900815,3607.6475467631594,1723693
2021-09-07,3575.97265625,3626.6242722841725,3568.8037466076294,3621.0484282523153,1585039
2021-09-08,3536.847412109375,3575.1290294055507,3519.8386984134336,3570.4434081350323,4147175
2021-09-09,3553.012451171875,3569.2247449091333,3528.2724648467497,3551.419385856786,1441148
2021-09-13,3603.571533203125,3610.1780774296185,3530.1477422952867,3530.1477422952867,1691473
2021-09-14,3641.5712890625,3651.5048983309675,3584.500509717939,3607.8817156507557,1991188
2021-09-15,3705.90478515625,3729.7545517960207,3622.9223862420645,3638.0101783319537,2461369
2021-09-16,3657.876953125,3731.394301208844,3647.3812077927837,3682.8981236267364,2946666
2021-09-17,3587.17138671875,3696.9554082774052,3565.758004688347,3673.527300493645,6477148
2021-09-20,3583.0947265625,3627.608130384056,3568.4288229247054,3569.5064243432885,2002008
2021-09-21,3620.064208984375,3628.1235693469694,3581.3609302772184,3615.4254895342074,1568129
2021-09-22,3619.314453125,3651.8328487327353,3610.2243933503473,3619.642538139645,1744067
2021-09-23,3625.96826171875,3635.10522380488,3593.87175387773,3626.6711049561445,2003869
2021-09-24,3627.889404296875,3696.3930544092623,3612.6142322132805,3645.413583219108,2320754
2021-09-27,3595.69921875,3658.533451996854,3563.7900889652096,3654.784954607513,1673362
2021-09-28,3541.532958984375,3607.928302508922,3515.3872843601544,3607.928302508922,2253075
2021-09-29,3553.481689453125,3566.695234148758,3488.1172668094373,3523.400135446017,2489161
2021-09-30,3538.15966796875,3565.757932622219,3514.3099004849228,3565.757932622219,2252412
2021-10-01,3495.660888671875,3570.443450801003,3490.7878882503246,3543.969690306219,1578374
2021-10-04,3536.05126953125,3545.75036904356,3474.3415410699645,3490.6007396626997,1356860
2021-10-05,3592.2783203125,3598.5570068320267,3506.344075047993,3517.964323866518,1877966
2021-10-06,3571.286376953125,3614.9095524461745,3556.3861942954286,3594.8082849320854,1678154
2021-10-07,3648.130859375,3653.8474087503305,3579.861495821292,3589.1858362435923,1647233
2021-10-08,3688.193115234375,3739.0321078953616,3654.784725858914,3678.2128330759583,2934339
2021-10-11,3453.865234375,3521.2443765716685,3429.8747620099284,3518.90156594188,11845402
2021-10-12,3423.17431640625,3473.9195016680173,3402.3233024024426,3472.982377443127,5752877
2021-10-13,3425.376953125,3444.353721626691,3415.818330304396,3420.5039521566655,3545655
2021-10-14,3390.87109375,3445.845043491299,3387.819596095682,3403.5935375084355,6442299
2021-10-18,3424.39111328125,3429.60217901592,3381.4824007630755,3383.3602457680645,3590107
2021-10-19,3412.184814453125,3464.7177071353653,3403.7815046559494,3444.9063524194517,3135441
2021-10-20,3388.4306640625,3408.2887838802317,3359.74653492534,3391.3881783403294,2933693
2021-10-21,3316.74365234375,3387.115846198751,3296.791549693416,3383.9705934360527,4871211
2021-10-22,3285.14892578125,3344.066309875773,3272.144758078303,3342.563942255024,2691670
2021-10-25,3279.60888671875,3299.8897018514326,3239.282216277864,3289.045102498944,2595594
2021-10-26,3269.89111328125,3313.457019235555,3262.7552116303636,3281.0641977100163,3878763
2021-10-27,3276.604736328125,3296.791569720504,3270.2670095654016,3270.2670095654016,2510813
2021-10-28,3212.6640625,3303.129336561666,3206.4203196015037,3303.129336561666,2424942
2021-10-29,3190.22412109375,3249.6109728807205,3179.14478906474,3192.3836888227406,3960501
2021-11-01,3264.06982421875,3274.022493608198,3204.495242241388,3227.968302849419,2020718
2021-11-02,3271.3935546875,3298.998012257022,3257.8261711298137,3280.595040544007,3087414
2021-11-03,3278.95166015625,3304.912772102187,3254.3519398066096,3290.1717366782077,1537639
2021-11-04,3294.35009765625,3298.6692325328795,3290.9231224728505,3298.387509957602,328991
2021-11-08,3288.810302734375,3331.2965396050427,3268.5764799921394,3331.2965396050427,2526082
2021-11-09,3291.580322265625,3319.090795354413,3282.4728205258916,3293.7398897038984,1782692
2021-11-10,3271.487548828125,3304.7253119726224,3267.637875079186,3284.35074058838,1516489
2021-11-11,3275.14892578125,3295.6644710105425,3226.137224502783,3267.4498082857053,1284514
2021-11-12,3310.6875,3318.2926341911393,3272.801888030674,3291.8620593197907,1747259
2021-11-15,3336.2734375,3351.5779204279647,3312.5186518886458,3312.5186518886458,1809157
2021-11-16,3339.18359375,3357.164095581752,3325.6632026302714,3351.0141079015916,2013204
2021-11-17,3306.790283203125,3345.239333917068,3292.236987876492,3333.737535997632,1632914
2021-11-18,3263.412841796875,3305.805329616901,3240.784947400583,3300.453288058397,2136598
2021-11-22,3247.16943359375,3301.2044685039323,3230.175074136178,3265.9478833120324,3167936
2021-11-23,3252.661865234375,3268.3418231843016,3199.6597425610403,3234.5876093620327,2153461
2021-11-24,3232.991455078125,3279.7028431678377,3214.8702074206185,3260.126219985335,2161746
2021-11-25,3235.432861328125,3251.4885273244936,3224.306767549167,3233.555016380204,1849619
2021-11-26,3236.324462890625,3276.838868962817,3203.5089447021314,3215.8089186812745,1941251
2021-11-29,3288.106201171875,3313.7858201627864,3198.392121196423,3236.6062165235603,2981745
2021-11-30,3313.597900390625,3346.084707162681,3277.778102477704,3277.778102477704,5588446
2021-12-01,3359.2763671875,3370.731173798603,3319.0904455092095,3319.0904455092095,2102118
2021-12-02,3420.400390625,3425.1889866565407,3355.80271154064,3369.980302538953,3152938
2021-12-03,3418.1005859375,3442.043111205111,3409.087066903648,3423.734121294585,2486263
2021-12-06,3320.4052734375,3434.5783354944056,3306.884881796418,3418.1002005868204,1849642
2021-12-07,3365.567138671875,3378.2425903030844,3309.0440594659285,3344.9108471247187,1484458
2021-12-08,3405.37744140625,3423.7334195281346,3381.0594437909767,3381.0594437909767,1428660
2021-12-09,3381.763916015625,3412.748356698214,3348.1974386094867,3389.510026186272,1567957
2021-12-10,3414.67333984375,3419.5556909207116,3356.741868355745,3366.0371092670925,1510718
2021-12-13,3389.181396484375,3438.3340793984444,3381.7170087061636,3427.0670097772586,1883864
2021-12-14,3402.467041015625,3412.9829260561396,3358.243704257342,3384.81525403917,1747007
2021-12-15,3352.2822265625,3401.71640725337,3340.827188040218,3398.899639596246,1603233
2021-12-16,3362.8447265625,3388.054656717204,3351.9531344898796,3363.2202038495093,2072320
2021-12-17,3365.426513671875,3428.3343129305067,3355.426852819426,3382.467863122687,4333992
2021-12-20,3339.653564453125,3385.7547538750264,3295.758934740519,3369.79307034317,2312310
2021-12-21,3387.913818359375,3418.804274326102,3348.5728313724976,3363.830320717437,2340989
2021-12-22,3408.992919921875,3414.673446981094,3385.9893183139193,3402.6551929482544,1224328
2021-12-23,3438.9912109375,3446.3148518915514,3408.288492675748,3425.1890967716604,1792861
2021-12-24,3446.6904296875,3478.707777850049,3422.184690571292,3459.9293283069983,2209923
2021-12-27,3470.351806640625,3474.013512976159,3429.9781360844154,3446.7847584149945,1534135
2021-12-28,3480.1630859375,3497.48615945866,3468.238816555102,3483.402322574934,1456218
2021-12-29,3469.036865234375,3492.744658019926,3459.929362960602,3466.7365509881365,1456923
2021-12-30,3505.701904296875,3511.570169955223,3455.2348196350854,3456.5024567089395,1966475
2021-12-31,3510.02099609375,3530.3485763911613,3503.4015466671917,3514.199155344984,1207141
2022-01-03,3584.5712890625,3596.073089413758,3516.2646788131915,3520.95929120146,2346158
2022-01-04,3647.479248046875,3651.610415430171,3578.890912331733,3597.106146699666,2488606
2022-01-05,3625.1328125,3633.630107045765,3579.5480788771533,3628.935494504362,1733031
2022-01-06,3574.900634765625,3600.7679969914043,3541.6158760499547,3579.172778235002,1810293
2022-01-07,3618.13720703125,3628.8408299263956,3564.524650172499,3586.6833089034317,2460591
2022-01-10,3642.87841796875,3735.0335662281573,3625.179637809682,3735.0335662281573,3937092
2022-01-11,3676.726318359375,3685.270604318357,3620.484955478111,3620.484955478111,1906106
2022-01-12,3624.146484375,3689.0261139837385,3602.2227838464087,3685.2704243792755,3203744
2022-01-13,3659.82568359375,3683.392728506273,3621.42384752707,3678.698116310879,6684507
2022-01-14,3725.78515625,3734.094711909564,3624.287773456212,3641.0006394860925,3348123
2022-01-17,3773.670166015625,3796.0635586903954,3720.2925609581052,3748.8357124483,3442604
2022-01-18,3746.864013671875,3794.8428132399026,3736.9113440287965,3787.566164265977,2389041
2022-01-19,3682.01171875,3773.57653535778,3678.108435073928,3773.57653535778,3102539
2022-01-20,3599.1474609375,3687.043908179315,3584.521513793717,3677.6381839237556,6176776
2022-01-21,3605.68408203125,3622.661458772989,3546.9924595971393,3580.7589149062132,3112358
2022-01-24,3547.22705078125,3620.8736701791677,3517.83416959374,3611.797240321218,3258414
2022-01-25,3545.86328125,3583.0158856261264,3500.9980302462222,3545.487144197685,3330501
2022-01-27,3432.383544921875,3511.532613939199,3409.6688152058628,3509.2753322199123,5718297
2022-01-28,3470.7587890625,3508.146537206742,3429.326534186336,3429.326534186336,3143862
2022-01-31,3514.21337890625,3534.670827147457,3500.2457879094864,3526.2056761510958,2739393
2022-02-01,3574.7861328125,3581.699431288157,3514.3543606328085,3545.957682761647,2105169
2022-02-02,3627.03466796875,3634.371177452098,3574.7858335052424,3600.4164273420874,1984212
2022-02-03,3597.3125,3651.771538103772,3589.270561826157,3622.1435140341596,1960538
2022-02-04,3588.189453125,3597.4071083047816,3545.0172730664544,3588.565819853274,2307366
2022-02-07,3554.423095703125,3604.0853642950647,3532.930924533914,3565.7099644907507,1919149
2022-02-08,3520.985595703125,3573.892791563003,3499.8697919041015,3566.2272185934094,2946443
2022-02-09,3537.069580078125,3553.435447963752,3523.47835484245,3527.146495344835,1638721
2022-02-10,3546.286865234375,3564.5809505537054,3534.670705469809,3564.5809505537054,2112459
2022-02-11,3475.367919921875,3529.4979071017474,3470.712132499786,3529.4979071017474,3851488
2022-02-14,3511.862060546875,3567.8261161484925,3489.5234669243805,3502.691480007114,5951745
2022-02-15,3590.9169921875,3607.094789908164,3525.264999367874,3561.0067469601845,3931683
2022-02-16,3586.49658203125,3625.06004905213,3579.818426377303,3615.560176299094,3256906
2022-02-17,3559.31396484375,3607.095087813401,3554.4230343798804,3597.6893639859863,3134372
2022-02-18,3568.4375,3589.1771671342076,3534.2949059348457,3545.0173393323757,3688883
2022-02-21,3498.3642578125,3600.3224252479545,3485.337470215805,3583.5801936400035,7465922
2022-02-22,3373.26806640625,3449.924701164812,3357.842774086729,3433.088550536852,5408531
2022-02-23,3352.01171875,3407.599405726413,3344.3459164741016,3396.406686841596,2426203
2022-02-24,3199.497802734375,3276.813032648386,3189.574948270817,3267.548303263338,5039136
2022-02-25,3311.519775390625,3320.220068771968,3256.261155265879,3261.904588810534,2549723
2022-02-28,3342.982177734375,3351.9646895422397,3250.52387043107,3282.597479200959,3288942
2022-03-02,3335.410400390625,3359.6772118796257,3297.64651405195,3341.383126403181,2761341
2022-03-03,3333.76416015625,3365.9319145136983,3320.314160811397,3351.1179017134664,1928039
2022-03-04,3314.90625,3349.566203280965,3279.822855456455,3293.4140799729116,2370257
2022-03-07,3277.80078125,3337.150993649359,3227.6213797080845,3244.9748951776464,3054130
2022-03-08,3386.01318359375,3394.525408780165,3254.3801369851403,3254.3801369851403,3300992
2022-03-09,3416.72314453125,3436.8513005800746,3383.2857522075974,3390.763256319422,2719654
2022-03-10,3405.765625,3465.068761428026,3400.1692650820614,3465.068761428026,2005441
2022-03-11,3385.2607421875,3423.542218960959,3379.3353203321462,3389.1171805163954,1623423
2022-03-14,3426.5048828125,3431.5370364613236,3367.248828017774,3367.248828017774,1765688
2022-03-15,3380.322998046875,3441.554352080694,3372.3281327851405,3441.554352080694,3651133
2022-03-16,3438.63818359375,3450.019200289344,3401.3445837094714,3424.1534620101847,3090475
2022-03-17,3454.487060546875,3489.5233801998247,3442.7769808442863,3476.9198027009274,3600452
2022-03-21,3411.173828125,3493.238768845485,3400.169177129556,3476.355540434534,2413831
2022-03-22,3481.01123046875,3490.4640286149083,3409.5748056397315,3423.6833910423784,2907611
2022-03-23,3491.78076171875,3508.146858675834,3470.7120325608525,3487.6423351587105,1596195
2022-03-24,3527.005126953125,3534.858767869951,3475.41464450467,3480.1175059992634,1879046
2022-03-25,3487.124755859375,3554.8930365478345,3453.7815134815846,3536.457727466247,1690133
2022-03-28,3487.3603515625,3492.3454313661414,3443.623733582827,3475.4151276320745,1760990
2022-03-29,3485.1494140625,3500.809849883186,3471.65211067137,3475.1792565437668,2689063
2022-03-30,3509.793212890625,3515.8598593378924,3485.9496091506826,3515.8598593378924,1583455
2022-03-31,3517.693603515625,3531.519971484291,3499.117299132818,3517.740678060701,2168110
2022-04-01,3535.375732421875,3539.373164244367,3506.5002120069544,3525.2645813414533,1387014
2022-04-04,3546.286865234375,3555.3632960819264,3515.012836241062,3538.4329946720122,1472994
2022-04-05,3588.09521484375,3607.6591643859124,3547.8386749387428,3547.8386749387428,2314947
2022-04-06,3532.178466796875,3582.922299158329,3509.416432218943,3582.922299158329,2051729
2022-04-07,3465.20947265625,3522.9136772032957,3460.365616988633,3522.9136772032957,2494829
2022-04-08,3466.620361328125,3484.820528003258,3426.0347566131895,3470.711942869642,2296773
2022-04-11,3476.731201171875,3491.733512386252,3438.8263228957653,3470.711630575939,2291660
2022-04-12,3471.74609375,3516.7994096864913,3431.536632727241,3464.1273671771455,4483476
2022-04-13,3444.328857421875,3489.382410586377,3438.3092862586464,3486.701687546798,1621672
2022-04-18,3318.386474609375,3395.4663362326464,3313.166251905678,3395.4663362326464,3820792
2022-04-19,3265.57275390625,3351.7763397437484,3234.7690122378244,3339.03153963089,3170014
2022-04-20,3345.427734375,3357.043664958518,3273.191732962546,3292.0031797037104,2640370
2022-04-21,3413.0078125,3427.445690122082,3355.3977552771744,3367.249058901497,2280996
2022-04-22,3397.86474609375,3402.050247195294,3359.2542045501777,3368.2837911148845,1581465
2022-04-25,3337.33837890625,3371.0109110535323,3323.135875849196,3346.556032792541,1960694
2022-04-26,3335.5517578125,3374.6794296418025,3309.0745084833957,3362.6871322257493,1943469
2022-04-27,3349.566162109375,3356.385311555702,3297.928832637543,3335.269508506908,1727648
2022-04-28,3371.293212890625,3390.198577624104,3327.7917456663145,3374.7732843421895,1703660
2022-04-29,3335.927734375,3407.928589950371,3326.6632349883384,3383.23856704657,2051115
2022-05-02,3331.88330078125,3337.10352309345,3285.1839768581917,3310.7204235414506,1324161
2022-05-04,3272.956787109375,3334.752347451567,3259.365561946249,3328.215415241475,2305825
2022-05-05,3304.606689453125,3323.041998734477,3278.223819644786,3303.3841291455356,1612262
2022-05-06,3228.608642578125,3268.0185309955314,3220.98991492134,3253.439660012532,2010812
2022-05-09,3240.36572265625,3250.6178688737186,3147.954494179154,3196.0646754724817,2481830
2022-05-10,3234.39306640625,3258.8950212762556,3218.6384800413484,3229.92534788486,1622685
2022-05-11,3209.23291015625,3243.516726942408,3181.156733201439,3230.8660745564825,1841769
2022-05-12,3206.08154296875,3244.692080177433,3151.0112208380006,3177.2530950455634,2807195
2022-05-13,3211.9599609375,3235.4742662816557,3181.1562209366566,3230.8655542869565,2187823
2022-05-16,3176.1240234375,3226.162414967769,3166.530233610908,3212.0538329781143,1195813
2022-05-17,3246.4794921875,3260.964213976279,3151.293390266106,3169.728699480837,1754076
2022-05-18,3243.84619140625,3287.3005910612733,3238.4379000189533,3259.083418605812,1866781
2022-05-19,3068.099853515625,3202.6487707046513,3038.0486136199775,3195.124192095066,4642963
2022-05-20,3097.304443359375,3116.962311684633,3075.718355980229,3113.294171733839,3065125
2022-05-23,3124.345703125,3140.4764244907587,3072.849375211673,3108.4030502727305,2293690
2022-05-24,3092.6015625,3127.2617418156924,3080.938558435788,3118.138007271899,1711510
2022-05-25,2999.47314453125,3118.026215453656,2986.595333962761,3118.026215453656,3548046
2022-05-26,3055.625,3069.4025588785607,3011.688557308153,3021.5837005650124,2813186
2022-05-27,3088.151123046875,3104.8165652282123,3057.7552836138602,3080.48107573463,3103153
2022-05-30,3196.05126953125,3206.798767945756,3111.871239682514,3121.9557175452283,2094624
2022-05-31,3185.730224609375,3203.7686382120946,3148.469299971307,3176.0715774529485,4840965
2022-06-01,3177.06591796875,3208.124548976166,3162.72035314479,3208.124548976166,1493835
2022-06-02,3241.266357421875,3249.788530140776,3168.6385539309904,3176.8766079901816,2657939
2022-06-03,3257.50537109375,3292.6831410006143,3249.030590970492,3275.7333495753946,1913622
2022-06-06,3248.7939453125,3269.673312877215,3197.8502488500585,3236.5315329899568,1084210
2022-06-07,3184.167724609375,3237.336751511501,3177.8234867684378,3220.4817416093438,2308256
2022-06-08,3223.41650390625,3232.6962477594557,3168.827354781094,3200.690713822656,2185707
2022-06-09,3245.14892578125,3254.5232237418295,3175.0777245717954,3205.2840012703205,1279197
2022-06-10,3181.516845703125,3212.8596003531425,3174.036363213597,3202.4436099010695,1527582
2022-06-13,3048.665283203125,3118.1682423528614,3022.9565906605176,3115.3275181721574,3030921
2022-06-14,3040.095458984375,3066.9401614886024,3006.1487154571428,3020.6364537752543,2611493
2022-06-15,3036.0712890625,3062.3005954844302,3031.0526302243848,3047.6235208925905,1404536
2022-06-16,2975.185302734375,3072.574895010527,2966.7105213254786,3067.982298172939,2032028
2022-06-17,2924.90380859375,2953.1691027379256,2863.307632772584,2927.8393156443017,5240434
2022-06-20,2947.15673828125,2972.107859698362,2906.0610183717317,2929.7337213561873,1502769
2022-06-21,3041.421142578125,3065.8514155208204,2959.4662079126615,2963.8220772388754,2964461
2022-06-22,3051.837158203125,3077.971912038428,3014.008229022764,3030.0108820965133,3336315
2022-06-23,3133.129638671875,3141.841147153974,3051.8374839691646,3051.8374839691646,3692578
2022-06-24,3118.26318359375,3167.4076219379745,3103.491324634293,3161.726173288758,2132118
2022-06-27,3138.7158203125,3184.356738498162,3130.951221148749,3172.1417180850776,2037686
2022-06-28,3141.983154296875,3153.2041082346136,3098.8516734350405,3131.4252210005607,1400046
2022-06-29,3115.801025390625,3156.044618637579,3097.336317900846,3097.336317900846,2133994
2022-06-30,3093.6435546875,3135.117944641227,3082.185874173762,3098.2833119190627,2719603
2022-07-01,3139.094970703125,3156.044532335689,3079.3923718829924,3086.9202446487684,1502879
2022-07-04,3063.294677734375,3141.7932560566173,3053.8255980246377,3136.1591998650642,2622535
2022-07-05,3045.54052734375,3098.283261569315,3036.68684425622,3082.1858240856113,2170627
2022-07-06,3087.630126953125,3094.968663634528,3032.236011358014,3047.6232656899892,2182144
2022-07-07,3113.2919921875,3143.1667587891443,3091.7024405565767,3097.336497702464,1989921
2022-07-08,3092.080810546875,3129.5310697351224,3077.4511275761415,3124.7965295388517,2136916
2022-07-11,2948.482177734375,3053.7783011378674,2941.096249095881,3035.9289928597323,6974600
2022-07-12,2920.92724609375,2969.693011177865,2916.713551463004,2949.523823266554,3734815
2022-07-13,2877.4169921875,2944.8841943901684,2873.866086808412,2939.202745783628,3863530
2022-07-14,2847.0361328125,2902.339127305648,2816.892440535119,2901.3897196748644,4764908
2022-07-15,2843.095703125,2875.660193923414,2803.6002596470435,2865.833965679691,4574806
2022-07-18,2908.510009765625,2921.2794948690225,2861.799204979146,2870.0590042505255,3202795
2022-07-19,2918.7158203125,2923.1779889194927,2876.7520578525855,2876.7520578525855,1865074
2022-07-20,3004.685302734375,3011.473474548328,2941.3123436648802,2950.5690680233456,3402251
2022-07-21,3016.55224609375,3022.913229458759,2984.984449335112,3006.773303296448,2420640
2022-07-22,3010.5712890625,3035.2558849362385,2984.4625818883537,3023.862994532975,2075886
2022-07-25,3006.536376953125,3025.2396594422517,2989.779426310935,3004.874913730683,1797504
2022-07-26,2958.2587890625,3008.577387455978,2939.8403759510315,3004.589922242963,2639367
2022-07-27,3027.5185546875,3032.502944647941,2952.6576718041456,2957.4047098617084,1389808
2022-07-28,3095.543212890625,3098.8661392041095,3039.6704877325956,3053.294578333461,2106333
2022-07-29,3134.8486328125,3149.4696478582277,3109.3096629529846,3123.5507759130746,2430257
2022-08-01,3131.90576171875,3158.679009035379,3105.5121847173805,3158.679009035379,1306913
2022-08-02,3125.259765625,3145.292125511634,3106.129064748595,3123.5507857066414,1269114
2022-08-03,3170.54638671875,3179.565758083873,3111.2559339447566,3114.0566397477164,2895824
2022-08-04,3185.21484375,3216.497776461659,3140.023183014395,3180.515322690681,2150567
2022-08-05,3194.803955078125,3206.149329058578,3185.262362745493,3191.148643257753,1106933
2022-08-08,3203.727783203125,3207.952599813098,3167.2231147046755,3194.755929550729,1068836
2022-08-10,3184.550048828125,3213.744328920982,3166.273954786255,3213.744328920982,1878359
2022-08-11,3249.34716796875,3255.2334481095468,3204.2978284623696,3227.985499223886,1449248
2022-08-12,3229.45751953125,3246.0246360571055,3210.184498586747,3246.0246360571055,1472354
2022-08-16,3221.055419921875,3242.0849393053727,3216.118546297165,3238.4296269873444,839942
2022-08-17,3229.02978515625,3245.0271616859695,3200.547561530593,3213.839265889233,1622326
2022-08-18,3210.18408203125,3220.3902125693157,3191.9079878119223,3218.4913975854897,1430659
2022-08-19,3214.456787109375,3248.3981088664927,3200.6903768862085,3215.643546611372,1398410
2022-08-22,3184.8349609375,3212.8899987921595,3178.0465582701386,3194.756222909401,1536532
2022-08-23,3118.424072265625,3172.8249384170695,3104.5626295831,3151.985489447841,1849256
2022-08-24,3090.65380859375,3140.6400209270882,3085.7642208783736,3125.449500874237,1691923
2022-08-25,3055.383544921875,3112.3004851706364,3052.1081350028944,3110.259351510843,1946930
2022-08-26,3059.18115234375,3092.220583505346,3054.0544439690916,3070.669077131923,1457962
2022-08-29,2974.066650390625,2983.7030442533696,2925.1246451054776,2966.898577070632,2539173
2022-08-30,3048.68994140625,3063.2634399184362,2983.1335359412797,2995.38080054011,3431525
2022-09-01,2973.259765625,3028.610275641061,2963.1011505566617,3028.610275641061,3546935
2022-09-02,2972.025634765625,3002.976417078676,2962.4367565097377,3002.976417078676,2052900
2022-09-05,2974.87353515625,2988.687461416235,2954.793658117095,2965.6168115104497,2147912
2022-09-06,2968.844970703125,2981.946841450026,2949.1922804772516,2976.8674182647524,1936453
2022-09-07,2990.25439453125,3001.931923067664,2945.062498168713,2945.062498168713,1291534
2022-09-08,3009.289794921875,3022.4391832832853,3000.2231375070164,3009.6221803072135,1346113
2022-09-09,3054.861083984375,3069.9092862366338,3008.1977960231247,3033.3570958794016,1561185
2022-09-12,3078.881103515625,3104.372788415512,3061.8392847073687,3075.9853641909026,1785928
2022-09-13,3065.969482421875,3098.344142050709,3061.8394667046887,3098.344142050709,1972678
2022-09-14,2962.531005859375,2982.4685629258006,2956.2650555690025,2976.392447773512,5090269
2022-09-15,2947.29345703125,2979.003576878086,2943.1634414220593,2971.6456682745306,2138023
2022-09-16,2856.482421875,2937.799316824376,2848.2226226271714,2920.377595733726,5322221
2022-09-19,2875.565185546875,2888.097316895542,2836.6394820647192,2882.400872483519,2072220
2022-09-20,2886.483642578125,2924.1275568980845,2876.7046990585213,2895.6928488872904,1544295
2022-09-21,2849.36181640625,2887.5279525365036,2846.466077098497,2874.8059844227346,2253818
2022-09-22,2855.24853515625,2876.657724480898,2828.570318692232,2838.7289344073984,2017983
2022-09-23,2831.180419921875,2869.5839033877587,2828.2846809568678,2852.0198662619773,2652374
2022-09-26,2842.905517578125,2872.7645667027373,2778.0611754968877,2810.1036762808217,2925489
2022-09-27,2864.789794921875,2871.957868356059,2825.4368979264896,2857.1470177077977,2227447
2022-09-28,2882.068603515625,2895.645176270098,2829.2341721769512,2829.2341721769512,2739767
2022-09-29,2845.659423828125,2901.2472847359754,2838.7287020439376,2899.490787973975,2493902
2022-09-30,2852.542724609375,2866.926157405265,2800.8475258120548,2839.5358865112453,2817353
2022-10-03,2833.93408203125,2867.8754026865067,2823.5381154890397,2843.4756744753445,1763331
2022-10-04,2934.76123046875,2941.264765289641,2870.059194793604,2876.657531301777,2145875
2022-10-06,2945.0146484375,2965.949130882343,2935.9952768807193,2953.606832962538,1790816
2022-10-07,2909.839599609375,2947.910941521432,2903.383812608251,2940.69535020501,1939879
2022-10-10,2960.77490234375,2968.797349623414,2852.9696308341413,2857.716668489439,3064063
2022-10-11,2914.25390625,2985.886657445229,2898.873550747499,2943.1633189444233,4730645
2022-10-12,2943.87548828125,2952.5624747296683,2907.1334621093356,2928.8272857569905,1665247
2022-10-13,2946.296630859375,2952.657615377154,2897.924360335024,2943.875595138492,2054781
2022-10-14,2942.35595703125,2990.6334177766425,2915.630230473673,2985.886380605569,2245977
2022-10-17,2961.964599609375,2977.813051872295,2923.604410650932,2924.7466016663907,1517005
2022-10-18,2993.32861328125,3003.46611088112,2977.9560926790127,2998.3735422268883,1793722
2022-10-19,2971.5791015625,3006.940784531408,2962.203140696974,3006.940784531408,1194289
2022-10-20,3005.32275390625,3007.892742366575,2955.5401788127265,2955.5401788127265,1587601
2022-10-21,2986.380126953125,3008.2730143942863,2976.480827326569,3005.798305682065,1021913
2022-10-24,3009.510009765625,3025.025447936704,3003.132563952266,3017.5058111758294,260949
2022-10-25,3009.890869140625,3030.974575145449,2999.467766813526,3027.4050832221405,2069643
2022-10-27,3005.41748046875,3021.2185272846914,2983.4771852664285,3008.5586804247914,2438421
2022-10-28,3010.98583984375,3025.5017756874604,2993.614310063572,2998.373633291018,1355739
2022-10-31,3039.446533203125,3045.015034395987,3024.835550167534,3045.015034395987,1919414
2022-11-01,3102.79296875,3105.5535155042585,3049.2505853691487,3059.768735604395,2991060
2022-11-02,3085.65966796875,3112.5974847271837,3066.9556200756947,3112.5974847271837,1405955
2022-11-03,3052.391845703125,3072.6666084242747,3041.20743650783,3072.6666084242747,1422652
2022-11-04,3062.529296875,3065.0518776842728,3013.74623252838,3062.1486439624628,1464013
2022-11-07,3078.044677734375,3086.706739020405,3041.302841611936,3073.570960349137,1474498
2022-11-09,3061.243896484375,3093.369323619439,3047.536908140137,3093.369323619439,1162267
2022-11-10,3051.344970703125,3069.763645531853,3017.411087235961,3017.411087235961,1573092
2022-11-11,3156.335205078125,3180.750670195574,3098.3667469940497,3112.2164226610744,3265394
2022-11-14,3174.9443359375,3187.7945078862804,3149.719924334339,3163.9978931663168,1342074
2022-11-15,3172.184326171875,3179.180392138002,3133.5385272004414,3161.142602926083,1400708
2022-11-16,3193.839111328125,3205.784826643634,3161.5707606134924,3178.1807520961784,1748235
2022-11-17,3187.794921875,3198.265433711556,3158.0491496120576,3179.228139463273,1417986
2022-11-18,3182.511962890625,3200.8829979522843,3161.1426470000847,3188.7467231105948,1164540
2022-11-21,3125.44775390625,3173.231315543631,3115.453174519615,3162.570477342322,1304194
2022-11-22,3155.384033203125,3159.1914922353044,3098.5577536256164,3122.1164063872275,1149739
2022-11-23,3149.0537109375,3169.709126334045,3132.586406836439,3169.709126334045,1150011
2022-11-24,3217.4453125,3229.6292269096143,3149.053974518993,3156.6212522645205,1296591
2022-11-25,3226.48779296875,3239.528524079802,3186.842724787068,3220.157986246909,1588981
2022-11-28,3231.818603515625,3252.52166061789,3203.5482685709903,3203.9765612056826,2195437
2022-11-29,3233.8173828125,3263.9438052951714,3220.1580324623988,3220.1580324623988,1576028
2022-11-30,3227.582763671875,3250.5225627440527,3212.5432554353292,3220.158172781546,3410702
2022-12-01,3308.347900390625,3312.4886041012733,3255.376731616768,3260.1360543238106,2180856
2022-12-02,3273.60498046875,3301.9229517507156,3248.713814633573,3291.6430001879776,2411749
2022-12-05,3260.992919921875,3273.605126180267,3243.0027714975095,3267.751251702656,1475065
2022-12-06,3222.394775390625,3243.9067749748815,3205.879832348626,3236.387137919848,1166999
2022-12-07,3217.873291015625,3230.3425768011193,3192.5536018143507,3206.1653109355047,1167505
2022-12-08,3189.270263671875,3217.873843905797,3178.7044727232173,3198.265338458522,1285619
2022-12-09,3134.252197265625,3211.6864763110657,3118.6417106037647,3211.6864763110657,1797896
2022-12-12,3128.25537109375,3137.3457245099453,3080.3291278725887,3098.7952081741887,1527610
2022-12-13,3171.708251953125,3175.8487236934543,3110.503309276702,3119.450743914754,1378016
2022-12-14,3203.35791015625,3214.447040779358,3180.0846327003,3187.6045031440144,1213311
2022-12-15,3146.0078125,3202.7864434774324,3140.153705720728,3197.122895531037,1415694
2022-12-16,3084.279296875,3133.538290351825,3069.953688043106,3117.3565920116116,2703680
2022-12-19,3047.918212890625,3089.2766849652367,3040.731588390525,3071.6671891489195,2120965
2022-12-20,3087.80126953125,3092.6082324676063,3011.3664920386645,3044.919720784273,1529971
2022-12-21,3111.21728515625,3125.0193227450395,3084.0415025984876,3092.60828455015,1432566
2022-12-22,3102.79296875,3135.4419707826646,3088.8958851191046,3135.4419707826646,1384101
2022-12-23,3072.952392578125,3109.5991822804403,3062.148635645415,3062.148635645415,1360281
2022-12-26,3096.3203125,3114.501019598048,3069.811022411348,3072.9522221179245,870157
2022-12-27,3102.602783203125,3116.2144939851714,3075.9505733765604,3111.8358237009907,835883
2022-12-28,3100.318359375,3108.885140989865,3070.7152766169943,3093.3697011429563,910795
2022-12-29,3111.407470703125,3114.025098403143,3072.6189875119503,3075.5698607838635,1037927
2022-12-30,3099.9375,3140.201420404135,3089.9429213657945,3127.874819899714,1163131
2023-01-02,3104.458984375,3109.599193031072,3079.47253676431,3104.0306917508697,709547
2023-01-03,3151.957275390625,3160.190812111221,3089.086565316487,3095.464012345087,1245178
2023-01-04,3155.09814453125,3167.1870117860753,3128.0176410696577,3147.5308668607604,1231668
2023-01-05,3151.718994140625,3176.6578003737573,3123.972001404942,3169.899468706498,1826057
2023-01-06,3056.9609375,3142.6287552802,3045.9668544071087,3141.1533186073307,2488376
2023-01-09,3160.142822265625,3166.8535141520965,3066.098553606248,3073.5707836480674,2885060
2023-01-10,3128.207763671875,3139.2494861116043,3074.617972000129,3126.875246172414,3864655
2023-01-11,3168.4716796875,3188.27051004613,3113.691824923975,3131.729845188032,2720512
2023-01-12,3173.85009765625,3188.7466869846876,3155.9549951440604,3168.7575286483657,2250391
2023-01-13,3212.114990234375,3216.350741566602,3145.912755512761,3181.9883337929095,1742837
2023-01-16,3237.8505859375,3256.2537621366423,3202.889316794369,3221.292492993511,1843607
2023-01-17,3280.920166015625,3284.222205291749,3225.176470014365,3233.9167856512604,1688475
2023-01-18,3292.185791015625,3310.588965053527,3274.9479450597173,3282.4743285052546,2421189
2023-01-19,3275.7734375,3289.2722752348,3264.022473299133,3282.474251636736,1585044
2023-01-20,3266.06201171875,3296.7014858868847,3258.7784149251365,3267.907094734632,1529349
2023-01-23,3316.3671875,3320.3489819073266,3258.7784053644505,3290.243448582048,1067916
2023-01-24,3337.14990234375,3352.348246299757,3318.698123615593,3326.1759023124905,1387863
2023-01-25,3330.788818359375,3335.8873361220067,3306.7529489069675,3326.467265008394,874110
2023-01-27,3312.62841796875,3346.569931520669,3284.707963664856,3327.1470067875252,1785879
2023-01-30,3334.576171875,3358.660645899901,3287.8641802725947,3321.32012061805,1953798
2023-01-31,3261.7890625,3349.4836216725234,3254.3112833356413,3349.4836216725234,2820375
2023-02-01,3310.006591796875,3320.3492050700966,3258.195841769574,3265.9650121821396,2205161
2023-02-02,3360.55419921875,3368.906151336431,3321.4171972270015,3328.118011135759,1813847
2023-02-03,3381.82275390625,3402.896580860477,3353.270910884424,3402.896580860477,1804469
2023-02-06,3360.117431640625,3372.936514764761,3337.68409544745,3372.936514764761,1138714
2023-02-07,3372.35400390625,3392.213897570686,3361.5255808131365,3368.809177787594,1455647
2023-02-08,3418.5322265625,3437.760733856633,3377.6954767373504,3377.6954767373504,1986946
2023-02-09,3438.683349609375,3445.2385869025966,3404.159052445824,3413.5791238034985,1655427
2023-02-10,3435.478515625,3440.140065114155,3406.9266731890866,3418.4348512626634,1187821
2023-02-13,3381.919677734375,3446.5981141916905,3373.1793612994,3446.5981141916905,1087939
2023-02-14,3399.109130859375,3423.1450008749507,3394.1561900782694,3403.867652710825,1579818
2023-02-15,3419.06591796875,3424.2616451957347,3360.3115703980347,3386.386941803042,1429449
2023-02-16,3455.386474609375,3471.8473538046737,3425.2323403829605,3425.4265221863075,1618931
2023-02-17,3400.12890625,3436.7896805073415,3389.3007194204474,3424.4075646985707,1061369
2023-02-20,3386.677978515625,3420.376702125269,3374.781438310902,3400.9537793420477,1296082
2023-02-21,3351.425537109375,3407.6548072661362,3345.3558733577283,3393.184823720706,1139541
2023-02-22,3303.402587890625,3347.541137718048,3297.0415325073322,3316.4158528564235,1218430
2023-02-23,3315.29931640625,3352.7854216682326,3309.666620395947,3322.291522410368,1441570
2023-02-24,3302.334228515625,3334.867627990347,3284.708018862598,3323.748050813014,977592
2023-02-27,3235.713623046875,3292.1856808158827,3220.3208606446806,3292.1856808158827,1128022
2023-02-28,3217.261962890625,3294.128094067888,3204.685429222414,3232.46030692953,4116217
2023-03-01,3288.009521484375,3291.2143512462335,3219.349535078567,3227.1187043939904,1669307
2023-03-02,3225.61328125,3272.665264050697,3222.2628745049765,3264.0221582915087,1556538
2023-03-03,3245.71630859375,3261.1090713239964,3234.9853323272923,3257.224486367089,1043190
2023-03-06,3274.559814453125,3306.704615392494,3262.0804894006255,3264.896718890567,1334132
2023-03-08,3292.57421875,3298.01273270014,3234.742648052361,3266.936052062212,1844590
2023-03-09,3240.5693359375,3287.3299312585596,3234.7424586590505,3287.3299312585596,1648500
2023-03-10,3234.88818359375,3240.9578477028645,3195.0711870379578,3217.310341495252,1024404
2023-03-13,3187.253173828125,3272.568461002451,3177.5903167084816,3236.830233982081,1901233
2023-03-14,3122.186767578125,3209.0557571894683,3116.796858163122,3185.359882172787,2670334
2023-03-15,3106.599609375,3166.2767354438593,3099.8987951638037,3156.225277030815,1780522
2023-03-16,3093.1005859375,3126.896520449565,3080.4756855867345,3115.436948096546,1901060
2023-03-17,3087.565673828125,3128.450793380131,3053.284159855781,3059.5966112040833,6739966
2023-03-20,3052.60400390625,3078.1935649073157,3005.7461981287242,3078.1935649073157,2289468
2023-03-21,3016.477294921875,3065.665754921995,3008.0767380668162,3052.6038860020644,1815297
2023-03-22,3040.464599609375,3052.7981090486974,3016.4773356580163,3039.7362399523727,1123939
2023-03-23,3034.4921875,3055.5662518595345,3011.5246723734517,3025.0235110873455,1372218
2023-03-24,3030.4619140625,3078.5336540868852,3016.380293247276,3058.042373096574,1329577
2023-03-27,3032.210205078125,3061.7815631294256,3016.380472628656,3044.5437159339463,1524217
2023-03-28,3025.994384765625,3058.673597031612,3020.4102940509924,3036.774202548891,1303530
2023-03-29,3048.330810546875,3059.110628552655,3014.5351113751008,3038.716557695637,1740616
2023-03-31,3113.3974609375,3120.2926936923395,3061.052776382899,3097.907726699607,2382581
2023-04-03,3107.66748046875,3131.897527936287,3082.17489566803,3131.897527936287,1521830
2023-04-05,3146.31982421875,3170.161513257988,3093.5865328090617,3093.5865328090617,2655065
2023-04-06,3127.770263671875,3163.3629112549993,3122.234778202859,3131.946239410333,1703464
2023-04-10,3169.238525390625,3177.5904778420345,3122.235142500654,3127.0908736709507,2203187
2023-04-11,3121.06982421875,3178.5130293048537,3100.044365927735,3169.8213179020377,2348779
2023-04-12,3148.11572265625,3166.8588901771855,3106.6964355083574,3134.811068241651,2417727
2023-04-13,3096.83984375,3136.802417480954,3088.2451045168523,3117.379492295313,4174070
2023-04-17,3048.9130859375,3072.1233821657174,2981.6612206082527,3043.668991999407,5505048
2023-04-18,3040.416015625,3065.7630267001223,3020.8475142118505,3063.9177066320467,2617302
2023-04-19,3000.453857421875,3049.3995386172205,2982.8760136505707,3040.416434880848,3298034
2023-04-20,3015.215087890625,3023.1784401531113,2989.1883195603205,3000.8420751921344,2419999
2023-04-21,3069.647705078125,3073.143689304346,3011.330325613732,3020.264823653521,1929184
2023-04-24,3083.195068359375,3089.1675227771393,3035.9486624728206,3060.1789503520517,1640676
2023-04-25,3084.360595703125,3099.121971789757,3056.6829266295927,3091.158619686098,2024090
2023-04-26,3105.871337890625,3115.8255871239235,3089.2162742558526,3089.2162742558526,2000029
2023-04-27,3095.965576171875,3106.8909712581844,3079.1646989754563,3093.100742212937,2434446
2023-04-28,3126.362548828125,3134.1317187871605,3104.026185195898,3108.056347273647,2931312
2023-05-02,3126.508056640625,3141.65803256351,3117.379376979557,3141.65803256351,2321159
2023-05-03,3088.14794921875,3123.206424632261,3081.592711853617,3123.206424632261,2468285
2023-05-04,3127.770263671875,3131.412061624678,3086.3023717352057,3088.390241056324,1953253
2023-05-05,3137.482177734375,3150.3984704238596,3117.428102284883,3127.090960161784,1710027
2023-05-08,3156.807861328125,3160.935232584995,3138.0646926717986,3151.3693478923437,928235
2023-05-09,3188.515625,3202.840030838346,3152.340430594685,3158.750090079488,1107375
2023-05-10,3191.96337890625,3211.0949116349557,3171.8120952478725,3195.070999328294,1559987
2023-05-11,3187.447265625,3214.202389680222,3177.590226966027,3213.522634789298,1719623
2023-05-12,3179.824462890625,3195.071412790767,3165.9370230084805,3184.534380314332,1027479
2023-05-15,3161.129638671875,3197.013445078767,3154.6230062363175,3189.244275102877,1150390
2023-05-16,3164.14013671875,3190.2155090052875,3156.6623578307444,3162.2464489043455,986306
2023-05-17,3116.1171875,3185.3599683782077,3105.9687557517077,3162.003851678619,1588815
2023-05-18,3107.52294921875,3135.783167622401,3102.8127942699953,3132.8697283789547,1369364
2023-05-19,3129.85888671875,3141.1726460544724,3110.6301429347186,3117.3795621687605,1152449
2023-05-22,3203.520263671875,3212.9889401302185,3124.2262628361486,3136.802560046183,1333243
2023-05-23,3201.91748046875,3231.925801845126,3195.1680621050405,3210.6091911441017,1687418
2023-05-24,3208.0361328125,3221.4863664234663,3181.475187431793,3181.475187431793,1016555
2023-05-25,3198.47021484375,3210.6095431223434,3172.832048357863,3198.9557879748936,1374917
2023-05-26,3232.848876953125,3242.31755353547,3196.042526410004,3198.470392200349,1791115
2023-05-29,3224.54541015625,3274.705017016719,3216.4362444719377,3263.828226894275,1210372
2023-05-30,3220.515380859375,3230.9552038055167,3206.0940002566526,3219.3500526939433,1344224
2023-05-31,3194.5859375,3231.683680873418,3170.9384288970487,3213.5232914386684,5815424
2023-06-01,3228.09033203125,3243.6286729796557,3202.354954835453,3218.3788689384965,1177314
2023-06-02,3210.220947265625,3239.646487207627,3202.3059635427076,3230.2750212928786,2030661
2023-06-05,3194.0029296875,3231.0036980747414,3190.2641587388885,3219.3499426263206,1861468
2023-06-06,3139.035888671875,3193.954253333593,3127.673525627163,3185.359514682615,2022849
2023-06-07,3180.406494140625,3184.242711185307,3147.4847338487652,3159.1384878772087,1567196
2023-06-08,3143.066162109375,3175.6481654771746,3139.7157550421116,3166.907849425402,1759366
2023-06-09,3116.699462890625,3156.225064743707,3112.863482923491,3151.369333874871,1775689
2023-06-12,3153.214599609375,3160.498196334978,3118.3505447879897,3122.235129708311,2324605
2023-06-13,3150.107177734375,3170.792641158737,3145.5428375844253,3165.9369097021386,1371928
2023-06-14,3157.244873046875,3161.9064221849558,3132.7720364422485,3150.1068537014166,1658544
2023-06-15,3146.7275390625,3177.203630862424,3140.5637680075815,3175.100233539827,2273810
2023-06-16,3106.22265625,3130.1926891388935,3087.731583565242,3127.844699828289,4156189
2023-06-19,3140.955322265625,3145.357982177207,3106.321159838349,3120.9966928769554,1468186
2023-06-20,3157.880615234375,3162.5768327811797,3131.8071848404925,3144.4770117737703,1528452
2023-06-21,3187.72119140625,3190.8519238090857,3154.2120598483802,3179.698614980368,1645987
2023-06-22,3168.447021484375,3196.966373424352,3160.22881998312,3189.4819484449786,1529603
2023-06-23,3146.776611328125,3179.1115093466497,3139.732164822479,3167.2733900849407,1119505
2023-06-26,3120.65380859375,3144.3792509386267,3104.3640643420194,3135.6718645496917,1978803
2023-06-27,3128.18701171875,3140.22075469182,3113.462516173397,3132.736330271054,863542
2023-06-28,3145.89599609375,3161.060712907856,3124.322915692735,3138.6071961066273,1575872
2023-06-30,3230.818115234375,3238.400472836939,3144.5750078535502,3150.3472877749073,2672406
2023-07-03,3201.516357421875,3247.0105078355664,3198.043100317301,3242.6078481181125,1687264
2023-07-04,3237.275634765625,3243.2925072216217,3206.40805197023,3218.8332877101466,1656681
2023-07-05,3248.13525390625,3256.989538784198,3233.5086890002326,3248.184220115211,1453008
2023-07-06,3251.021484375,3256.451478810535,3230.5736726630234,3235.0252983303376,1848238
2023-07-07,3257.234130859375,3284.2859310032486,3230.5735826680652,3230.5735826680652,1789326
2023-07-10,3201.173583984375,3252.8315017594136,3194.569594921475,3252.8315017594136,1407431
2023-07-11,3201.614013671875,3223.725244427865,3190.26507873713,3223.725244427865,1110172
2023-07-12,3189.38427734375,3218.0015640417964,3179.796454426586,3209.978987850496,1515240
2023-07-13,3268.28955078125,3294.607572802191,3201.95610632196,3212.9627540023885,4585146
2023-07-14,3438.6240234375,3448.603576912208,3279.4924236625075,3292.211218861676,6306101
2023-07-17,3416.170166015625,3473.1111803173258,3401.8371591646314,3434.0743621715087,2743228
2023-07-18,3421.208984375,3447.771601367246,3390.0478430015633,3400.8098996460126,2600090
2023-07-19,3394.988525390625,3440.776230617777,3371.116184598227,3424.290621652569,2405370
2023-07-20,3397.195556640625,3412.4976535714,3370.4656812000662,3387.1902933626798,1715404
2023-07-21,3304.00927734375,3369.337938892746,3294.9358321718855,3339.0769167917656,3770223
2023-07-24,3329.9541015625,3348.2971250852347,3307.736519941008,3316.466549048623,1680132
2023-07-25,3334.27001953125,3341.7741469750813,3315.681767797957,3332.651609023338,1272980
2023-07-26,3323.627197265625,3355.5559597714414,3320.390136828414,3335.4472455011364,1066803
2023-07-27,3332.063232421875,3346.531698991735,3320.439557205023,3330.150499991832,1701769
2023-07-28,3291.35498046875,3328.923991654151,3267.420801998411,3320.390097497635,2599831
2023-07-31,3356.144287109375,3361.2449861310747,3296.7499650065183,3300.1831600473693,2743678
2023-08-01,3386.160400390625,3393.95860999433,3349.8175298065426,3349.8175298065426,1956167
2023-08-02,3374.97802734375,3380.6182767756977,3348.4445237745363,3369.386871455176,1914899
2023-08-03,3335.054931640625,3367.7193807245985,3303.7148108295196,3354.722284155866,2026351
2023-08-04,3377.82275390625,3404.7487658262826,3336.330089244207,3336.330089244207,2248493
2023-08-07,3417.5498046875,3421.4243629363136,3375.566682613128,3388.0242291577247,1853889
2023-08-08,3404.3564453125,3423.336966455301,3390.6236645560653,3417.549676071651,1634225
2023-08-09,3396.41064453125,3400.8247522281135,3359.6755072612623,3398.764739510643,1794589
2023-08-10,3376.400390625,3398.7650131719925,3364.5803422777612,3384.149506746724,1096701
2023-08-11,3382.97265625,3400.4818088556854,3348.8368374275333,3372.4769354992527,1679974
2023-08-14,3384.002685546875,3389.0542915205356,3345.8941210930675,3375.0271882354677,1190425
2023-08-16,3392.389404296875,3399.8444388471626,3369.632270721219,3384.1498309355775,1328445
2023-08-17,3370.17138671875,3394.7433019618425,3348.051753646013,3389.053959430483,1843241
2023-08-18,3302.831787109375,3344.912853016341,3292.4340149998093,3344.912853016341,2526749
2023-08-21,3336.722412109375,3344.667902728872,3307.638439182273,3310.5811780071685,1375579
2023-08-22,3317.5947265625,3345.8941617172995,3300.82125835841,3335.1041189794246,1222012
2023-08-23,3333.38720703125,3337.0656303451224,3311.5618953689395,3323.3328499733316,1330046
2023-08-24,3323.087890625,3347.9050364866966,3313.6221763237,3342.9513781270753,1152881
2023-08-25,3316.760986328125,3321.1750945773024,3286.30359151266,3310.5811868831365,1158046
2023-08-28,3311.12060546875,3329.218400675874,3295.9655489776037,3329.218400675874,1037485
2023-08-29,3311.708984375,3324.853360894964,3300.771901355947,3316.51560126301,944517
2023-08-30,3326.2265625,3343.0493624848186,3318.47744635399,3333.1420463663803,1188200
2023-08-31,3292.728515625,3352.171694489126,3279.8293671252663,3336.084818501507,3417652
2023-09-01,3314.701171875,3324.31416720064,3292.7288163998633,3301.7531681314117,1277950
2023-09-04,3353.25048828125,3367.326683095556,3305.7253098625597,3313.523518915917,1828332
2023-09-05,3363.893798828125,3381.206815975205,3340.1555147148215,3354.7221672861037,1501842
2023-09-06,3364.4326171875,3378.1653959803853,3333.239782656758,3368.4544553405362,1314818
2023-09-07,3389.299072265625,3393.9584082306815,3356.9780422567883,3365.3158013521524,1885092
2023-09-08,3376.203857421875,3398.863040148469,3369.4847480583285,3389.299139819047,1518917
2023-09-11,3414.21435546875,3419.1680134603776,3379.244906725534,3395.9204258588675,1783604
2023-09-12,3512.453369140625,3521.379533881408,3416.5200284558005,3425.348245583593,4476016
2023-09-13,3499.750244140625,3520.3494153824977,3477.336288211358,3502.9382111185337,1754929
2023-09-14,3492.09912109375,3529.030397081612,3477.924977164576,3501.908250384624,2604721
2023-09-15,3529.619140625,3538.496450780873,3494.453315328695,3499.7503889842496,2952897
2023-09-18,3537.319091796875,3550.218240606211,3507.00897783734,3511.7174078308485,1395753
2023-09-20,3537.22119140625,3555.8094439134643,3511.6683611614353,3511.6683611614353,1649396
2023-09-21,3516.866943359375,3536.190878906919,3460.6605882894896,3520.0549101711495,2004073
2023-09-22,3534.866455078125,3564.3920273126682,3497.003363196039,3515.5916135916345,1989083
2023-09-25,3508.872314453125,3550.9045259741224,3490.725426682263,3533.738551055739,1238778
2023-09-26,3517.25927734375,3526.3327215132203,3468.507954945545,3499.5048978464947,1726062
2023-09-27,3520.79052734375,3545.0190267527596,3487.831759913712,3521.4771184400684,1541134
2023-09-28,3469.243896484375,3534.033245112202,3460.0234104919796,3531.286640939775,1755753
2023-09-29,3461.249267578125,3500.338501970446,3438.6391779063088,3469.684974617301,2243791
2023-10-03,3446.781005859375,3466.7424403600844,3413.6751943663503,3466.7424403600844,1948148
2023-10-04,3470.224853515625,3480.279211440446,3410.9287124795296,3419.7569291940063,1788138
2023-10-05,3520.840087890625,3554.8286267330827,3483.418114149809,3486.164718380071,2990768
2023-10-06,3552.278076171875,3565.5694945960195,3506.812904437935,3522.4584181596297,2075691
2023-10-09,3568.904541015625,3608.778554558166,3561.6947354174235,3575.476609541216,4233074
2023-10-10,3559.635009765625,3578.370543436096,3532.6110488086165,3570.5723331578088,1848148
2023-10-11,3540.997802734375,3580.332510491237,3536.1914247454547,3580.332510491237,2426417
2023-10-12,3474.93310546875,3520.1530472989853,3470.5680908798995,3506.7636817609027,4241281
2023-10-13,3502.69287109375,3508.7253895440526,3457.7179195255203,3462.622483950379,2890357
2023-10-16,3456.786376953125,3506.4204292183026,3451.930905679892,3497.935627876224,1671104
2023-10-17,3440.11083984375,3466.693437337171,3436.4815097925543,3462.6227443506828,1672065
2023-10-18,3420.688232421875,3455.4615440036555,3417.500265756058,3443.984911902847,1408245
2023-10-19,3398.462646484375,3419.3120015706177,3394.774704914926,3412.0835400543524,1514545
2023-10-20,3436.71875,3441.586784443997,3387.054474356502,3393.29924416434,1481211
2023-10-23,3353.71533203125,3421.37680885982,3345.0119347403615,3415.5253234291526,1106272
2023-10-25,3333.997314453125,3368.319658141201,3321.310652556418,3334.39059881102,1518537
2023-10-26,3281.52978515625,3317.8682478311816,3274.891491592212,3312.3118462954835,1984471
2023-10-27,3295.4951171875,3306.3622988787793,3281.776023604547,3294.560886747148,1108851
2023-10-30,3322.638427734375,3326.867315059107,3278.5797748657174,3294.5608536333416,910972
2023-10-31,3313.00048828125,3342.749880420918,3294.610002978613,3342.749880420918,999811
2023-11-01,3275.531005859375,3315.803516743122,3256.2062895798977,3299.478133959697,1563475
2023-11-02,3304.493896484375,3320.0814512239162,3287.8734300446213,3287.8734300446213,1245384
2023-11-03,3295.446044921875,3331.833733965295,3288.9554120175862,3326.031468779594,1402598
2023-11-06,3324.310546875,3336.161180529225,3303.4122112131126,3319.1474286526513,1099852
2023-11-07,3314.67236328125,3347.8146138447105,3310.2960543666977,3322.0974663252246,1191144
2023-11-08,3325.5888671875,3345.6511720910153,3313.787454867703,3315.6559157781985,992899
2023-11-09,3292.052978515625,3335.374042777578,3286.7424391935324,3333.9973074275063,2112352
2023-11-10,3278.284912109375,3292.0532270508957,3267.3687493230987,3282.759662485441,1338557
2023-11-13,3276.41650390625,3300.4618348678578,3271.941753458094,3300.4618348678578,1030990
2023-11-15,3347.962646484375,3356.5186230821787,3300.5111306438494,3327.1135310677823,2059802
2023-11-16,3439.96435546875,3470.9430635814483,3357.698530975928,3373.2863261775383,3951984
2023-11-17,3444.488037109375,3466.1731804990022,3434.751967881551,3439.9643063986123,2021292
2023-11-20,3461.354248046875,3475.417405317009,3433.473316056803,3433.473316056803,1475621
2023-11-21,3452.109375,3480.4820301120135,3443.0616745465345,3461.3539577179304,1807236
2023-11-22,3471.7294921875,3474.1881197162365,3423.491412153966,3442.0785402310757,1798051
2023-11-23,3450.192138671875,3485.3505136330436,3442.07866752699,3471.5821989629358,2729804
2023-11-24,3399.888427734375,3446.553128011694,3395.856182737039,3436.4235350503614,1989733
2023-11-28,3412.722412109375,3423.6388143150843,3376.187303280053,3399.8885685625582,1689195
2023-11-29,3455.60107421875,3459.780741117485,3418.279155460705,3423.3930528226165,1441634
2023-11-30,3429.8837890625,3458.4528484108027,3423.392916449951,3441.5375393027643,3266235
2023-12-01,3453.53564453125,3458.747982906288,3432.2932467674304,3442.078536300559,1172141
2023-12-04,3454.322265625,3489.0873529923697,3440.1114473175253,3485.9893384178627,1625213
2023-12-05,3473.15576171875,3479.4497522853444,3444.8323239683755,3479.4497522853444,1377656
2023-12-06,3544.4560546875,3553.0612514462373,3466.812401566953,3474.139304030391,1896572
2023-12-07,3555.0771484375,3570.468301619979,3532.2611318162585,3545.3410789625996,1967653
2023-12-08,3566.681884765625,3584.679087049897,3542.4399123569933,3572.8776744176344,1641155
2023-12-11,3582.61376953125,3592.5467212748904,3555.1755810043055,3562.9447483362055,1102503
2023-12-12,3611.33056640625,3637.1951360074713,3570.9106336699306,3578.729021215181,2236866
2023-12-13,3534.080810546875,3589.5965780976535,3504.036330893682,3583.2533664112266,3850968
2023-12-14,3606.560546875,3617.1326447354963,3567.5668122017664,3569.9269984746743,3290396
2023-12-15,3797.104248046875,3831.475811906952,3606.019673894845,3606.019673894845,8531230
2023-12-18,3795.334228515625,3863.9791595431043,3766.764927610666,3794.25257642529,2521612
2023-12-19,3753.045654296875,3791.302042217498,3727.2792861436023,3781.3690910876385,2004435
2023-12-20,3717.493896484375,3834.2786994645307,3704.2173083561047,3763.912734364631,2586083
2023-12-21,3724.82080078125,3743.70301266217,3681.401533559478,3694.0879558903152,1517562
2023-12-22,3760.716796875,3782.303499297243,3699.7428320721106,3737.1139717900105,2413058
2023-12-26,3732.737548828125,3770.551192343162,3727.4267692857443,3756.635456517975,1285231
2023-12-27,3748.128173828125,3755.0123304068766,3705.643141247896,3736.1301203823664,1293976
2023-12-28,3737.01513671875,3774.4847136315652,3729.344411454998,3760.7164004500014,1682889
2023-12-29,3730.623291015625,3759.3402550951864,3703.086660331394,3729.2465555215595,1574996
