Price,Close,High,Low,Open,Volume
Ticker,TCS.NS,TCS.NS,TCS.NS,TCS.NS,TCS.NS
Date,,,,,
2020-05-04,1779.5389404296875,1812.3098994413012,1764.0523312877383,1812.3098994413012,3729348
2020-05-05,1781.6590576171875,1822.4498548230138,1776.358558545244,1802.261844547835,2905528
2020-05-06,1754.787841796875,1800.9712990148037,1745.5695823710375,1788.1580084349546,3517431
2020-05-07,1743.77197265625,1783.226053352351,1736.120772734824,1760.6874552839606,3166754
2020-05-08,1745.3851318359375,1787.8812821096203,1738.7940543332154,1787.5125292546118,2686530
2020-05-11,1784.0096435546875,1798.8510174923877,1759.7655782668553,1759.7655782668553,2449841
2020-05-12,1797.099853515625,1803.5526357544604,1760.9181816764415,1782.2584768718223,3256595
2020-05-13,1797.238037109375,1838.1209966507286,1775.114213679276,1838.1209966507286,2656665
2020-05-14,1753.6353759765625,1772.7632622848143,1743.2648352070282,1760.6873662053595,2263146
2020-05-15,1744.9244384765625,1767.5091752250917,1719.3897910443268,1766.218596333944,3173682
2020-05-18,1793.50439453125,1800.2797921867245,1725.7501929213597,1757.921938368169,3727694
2020-05-19,1796.3160400390625,1812.7244733369778,1754.2346657256774,1754.2346657256774,3198693
2020-05-20,1800.879150390625,1809.4521767222627,1780.6911396140065,1797.5605994817136,2778505
2020-05-21,1835.5399169921875,1841.8083789084171,1789.402592434484,1793.8734261039938,3400908
2020-05-22,1862.410888671875,1873.1501826477868,1807.9310018297103,1822.5419194791996,3663418
2020-05-26,1791.1077880859375,1865.7756886700656,1774.5149212894644,1857.479255271829,4575317
2020-05-27,1848.5377197265625,1852.8702569082982,1789.4947195140467,1805.8571309867443,3482160
2020-05-28,1847.61572265625,1856.5573890023804,1817.195467523639,1833.0508282180901,3475681
2020-05-29,1818.1632080078125,1846.0945765083602,1808.9910857343284,1827.0588500405167,7237735
2020-06-01,1885.3646240234375,1898.9615575055768,1826.229463695598,1834.4337375903388,3747773
2020-06-02,1887.11572265625,1918.3195037069506,1880.570781934315,1899.1454819169223,2443886
2020-06-03,1891.7386474609375,1908.0104523691925,1867.562017582444,1897.0085683938817,3699799
2020-06-04,1933.7125244140625,1941.524805272891,1892.2932834248998,1892.2932834248998,4048593
2020-06-05,1893.68017578125,1939.675825113664,1886.3301623880564,1933.7588871445219,3573289
2020-06-08,1915.406494140625,1936.901945323813,1906.4848165168569,1921.41597511657,2957841
2020-06-09,1915.683837890625,1937.3641503351491,1904.7742737904991,1907.4092902658858,2909439
2020-06-10,1949.6146240234375,1971.1100786807203,1917.0247411559444,1920.3068879781422,5168397
2020-06-11,1911.61572265625,1946.1472136216696,1906.2073254498232,1941.5245361546347,2269513
2020-06-12,1885.5904541015625,1894.5584047438467,1859.2411881334847,1859.4260501197432,2842642
2020-06-15,1876.71484375,1903.6188072349285,1849.9494703188893,1885.2205261571996,2399022
2020-06-16,1891.4149169921875,1917.4405030387518,1877.7317453930063,1909.1659548185908,2146528
2020-06-17,1893.2642822265625,1903.4804470201518,1873.6178982837857,1891.6000727962994,2703527
2020-06-18,1884.2962646484375,1903.8039461444469,1872.3697310590812,1890.6755838109643,1944389
2020-06-19,1890.3056640625,1932.27960729014,1878.6565368485954,1887.9018938212755,5681758
2020-06-22,1874.9122314453125,1897.378495342132,1866.7763845500224,1895.2982899019958,3196138
2020-06-23,1881.707275390625,1889.7506896405712,1858.3164805173915,1874.0335850789813,4205944
2020-06-24,1888.0865478515625,1908.4726028742173,1878.2864931116342,1880.505401112345,2560937
2020-06-25,1863.9564208984375,1904.5435611072996,1857.6233738615738,1881.430168375415,3043931
2020-06-26,1958.9525146484375,1971.1100685462638,1867.5158005227095,1872.1847508471783,6300722
2020-06-29,1943.050048828125,1967.041926929621,1933.481241313385,1948.9209398586815,3076341
2020-06-30,1925.0218505859375,1952.5267867053144,1918.4577827740318,1941.52490254425,3071725
2020-07-01,1934.1748046875,1954.4220446434108,1922.571837418837,1922.756699400999,2503466
2020-07-02,1994.3614501953125,2001.6191433806046,1939.6752715069324,1943.3734131113306,3758699
2020-07-03,2033.654296875,2038.6006517816334,1997.2276907080607,2000.3710209275448,4185208
2020-07-06,2092.408935546875,2098.6032789554192,2038.6010084932502,2038.6010084932502,5190366
2020-07-07,2098.602783203125,2128.9275890189356,2063.701572368181,2103.3180039602,5630055
2020-07-08,2051.4521484375,2102.7638791370323,2041.005075733314,2098.696012395289,2793358
2020-07-09,2038.0003662109375,2075.120384381779,2025.7039962236286,2060.7900809921966,3443998
2020-07-10,2054.64208984375,2080.0668226661314,2011.7897680546068,2038.8324384202306,9610320
2020-07-13,2052.46923828125,2075.536358676247,2043.2238813520553,2052.46923828125,2963503
2020-07-14,2008.0452880859375,2070.0354525197927,2001.6198100515192,2043.2239169579018,2976738
2020-07-15,2065.3203125,2089.4507857549256,2016.505005689379,2020.1106048117313,5569321
2020-07-16,2070.74072265625,2161.7801122975866,2057.1659830360954,2079.3118611212103,8582118
2020-07-17,2039.23583984375,2079.218948940709,2029.3211635223754,2072.8254339340992,4509135
2020-07-20,2045.861572265625,2063.4671574788786,2030.0166813075468,2039.468055493203,2952646
2020-07-21,2061.752685546875,2074.3544400663527,2039.6065809120257,2066.339357710638,2665286
2020-07-22,2030.1552734375,2067.266033446581,2023.9006585895554,2067.266033446581,2861534
2020-07-23,2011.855224609375,2030.1557688151674,2004.2570692217173,2030.1557688151674,2265766
2020-07-24,1999.0673828125,2004.2564868599286,1969.1380748748068,1996.380305566212,3665100
2020-07-27,2044.841796875,2052.439949184942,2004.71956210457,2006.109476291377,4248480
2020-07-28,2140.23681640625,2149.7345661056393,2052.4405447948234,2052.4405447948234,8092319
2020-07-29,2109.00927734375,2170.1191193410577,2081.2109965665372,2123.788651379037,6090431
2020-07-30,2112.20654296875,2184.945395183291,2105.488623496706,2118.1367538065783,7098496
2020-07-31,2113.966552734375,2163.4476294465785,2091.77430328922,2134.120306784569,4723290
2020-08-03,2088.716796875,2134.769471832087,2066.987848481787,2122.3527683052284,4012337
2020-08-04,2084.593505859375,2103.0793215493472,2061.7526704319293,2094.091253958595,2927928
2020-08-05,2093.6748046875,2131.202500898982,2087.651841098003,2094.138109579,3800641
2020-08-06,2138.7080078125,2149.2712682428496,2099.095441864071,2108.037135267292,4748047
2020-08-07,2126.89306640625,2157.1467741019387,2119.1557871010027,2138.614585320994,3165491
2020-08-10,2115.264404296875,2154.3672835099524,2109.0097896028137,2147.881016419815,2929353
2020-08-11,2112.5771484375,2142.321407254079,2108.5929081135196,2115.4497287028817,2774423
2020-08-12,2091.68212890625,2127.8660503488873,2081.6747006617084,2120.4070245542125,3415751
2020-08-13,2088.9951171875,2131.2022327369687,2085.3350542498033,2106.1837717439694,2695682
2020-08-14,2077.59716796875,2113.8740615771903,2069.211533908437,2109.889595927458,2270405
2020-08-17,2088.022216796875,2103.4040283746585,2073.9841702685376,2096.91776044575,2625630
2020-08-18,2103.171875,2121.0091075558985,2083.296146825174,2096.731984334812,3493374
2020-08-19,2090.98681640625,2116.9318790339544,2087.187627460853,2109.287351652577,2843005
2020-08-20,2087.512451171875,2109.473052640621,2075.651803482924,2091.357790381411,2895164
2020-08-21,2083.573974609375,2104.3299345534647,2076.5780284374846,2094.137231215689,1975294
2020-08-24,2083.111328125,2094.091517183643,2066.3396022987295,2085.427852342824,2167966
2020-08-25,2078.060791015625,2084.8714616127727,2069.628779949144,2080.2384139203,1663419
2020-08-26,2088.11474609375,2094.0449570800133,2053.7838149637296,2077.458735629992,2618149
2020-08-27,2083.388427734375,2119.480043859899,2077.2265658813785,2099.696843219451,3579393
2020-08-28,2074.262451171875,2112.6240071079496,2071.0656925477188,2101.9216184765573,2941136
2020-08-31,2091.589599609375,2109.148806956456,2064.4862677725937,2075.60558339794,6018154
2020-09-01,2081.48974609375,2110.8168519897185,2076.810321963031,2102.4773648659666,3610908
2020-09-02,2098.9091796875,2102.2450639972562,2077.1338589144157,2082.091309664721,2084137
2020-09-03,2130.738525390625,2153.4404579290335,2101.5503264126714,2101.5503264126714,4654146
2020-09-04,2120.823974609375,2153.6722377779024,2096.871027350641,2108.0367176270743,5231303
2020-09-07,2156.2666015625,2171.509282022729,2115.773813171774,2121.0090661617355,4620401
2020-09-08,2175.86474609375,2215.0140040079164,2156.2670423845216,2164.5137778227786,7453998
2020-09-09,2156.82177734375,2185.8710657606935,2149.733307573043,2154.3663534945367,3866535
2020-09-10,2160.0654296875,2176.1421933959546,2153.7182909802686,2163.632966395382,2308813
2020-09-11,2199.863525390625,2208.110258780208,2159.1388602018187,2159.8801929860856,4145424
2020-09-14,2308.555419921875,2321.8523602041555,2207.0455036997555,2209.1303756185257,7512131
2020-09-15,2308.555419921875,2351.7355243732,2283.7224598234284,2308.555419921875,7318770
2020-09-16,2319.30322265625,2323.5657161914773,2295.489407404537,2306.2843159340973,3074003
2020-09-17,2280.340087890625,2312.5861505809844,2270.7498132634482,2297.9920478576946,4828176
2020-09-18,2270.10107421875,2316.8948653195107,2257.5918429343883,2302.6251660473213,4183256
2020-09-21,2284.370849609375,2321.0644565652083,2272.185796795508,2284.0928214655983,4598809
2020-09-22,2337.78955078125,2367.487432508003,2277.606304933335,2302.624763124222,7499613
2020-09-23,2286.363037109375,2334.917520657903,2232.202745908026,2325.790324711144,7502280
2020-09-24,2161.08544921875,2270.193740201924,2133.611562403085,2270.193740201924,8424708
2020-09-25,2244.52587890625,2260.926819194333,2179.477947631404,2194.2109458410578,8228267
2020-09-28,2248.232666015625,2264.633608854789,2192.3580681466574,2260.9271708697565,4347166
2020-09-29,2305.775390625,2326.7632351866932,2248.2330663937214,2256.1556242422266,6995811
2020-09-30,2309.388916015625,2321.1568114919573,2279.459383740605,2306.3310594025875,3917166
2020-10-01,2338.2529296875,2353.588363679707,2309.3891313859217,2325.7900759197105,2610337
2020-10-05,2507.219970703125,2527.88340730619,2412.0108468429494,2427.7168322497328,17412105
2020-10-06,2515.09619140625,2535.2035721542434,2455.607907216533,2535.2035721542434,9846367
2020-10-07,2535.157470703125,2566.7085725891275,2504.6257298586324,2540.7635039853385,9656101
2020-10-08,2618.321044921875,2673.269046654041,2594.507220322813,2594.507220322813,19839329
2020-10-09,2606.50634765625,2622.1661851409135,2575.9746075345756,2603.7728946662437,7739245
2020-10-12,2622.30517578125,2644.5438062472394,2595.2018449008256,2608.8693365413815,4623203
2020-10-13,2619.10791015625,2645.3771515678177,2605.810974445318,2636.20380876816,4209878
2020-10-14,2614.501953125,2644.652011857365,2593.983055871357,2644.652011857365,4395936
2020-10-15,2550.293212890625,2631.3914382907556,2537.6375041000406,2615.804555931505,6629355
2020-10-16,2571.4169921875,2579.187033382071,2541.639066411797,2559.1336432425314,5273773
2020-10-19,2523.2607421875,2581.3741855339063,2518.6545142946625,2581.3741855339063,3331194
2020-10-20,2548.80419921875,2568.252815084764,2529.2158630205445,2535.7763573826555,3406273
2020-10-21,2489.620849609375,2558.1101761948194,2478.1285666145277,2548.8045735167734,4570143
2020-10-22,2485.66552734375,2500.0892089349713,2454.9106977008755,2476.2204331767666,5262294
2020-10-23,2500.229248046875,2514.37371797324,2484.688937788548,2501.1598082681826,3499091
2020-10-26,2501.531982421875,2521.7716675665597,2485.0611116726777,2503.1604628358155,2672752
2020-10-27,2447.51318359375,2529.402493387204,2441.8834752955163,2512.2802740326965,3537502
2020-10-28,2440.11474609375,2471.5211507212307,2425.039717310066,2465.9843633429296,3569445
2020-10-29,2449.839599609375,2470.6377141800485,2419.689535328313,2426.9013779968236,3105968
2020-10-30,2479.803466796875,2488.6437887929565,2439.5567377094517,2453.049860756102,3427003
2020-11-02,2423.7373046875,2479.8035594414746,2419.5032101357874,2475.2902513787863,2571196
2020-11-03,2450.72314453125,2479.942640489779,2420.4333681564312,2423.178474985135,2879269
2020-11-04,2468.916015625,2532.8456911905464,2428.7624287978747,2428.7624287978747,4893928
2020-11-05,2499.205322265625,2521.8179791024636,2481.803893087185,2498.5539756052085,2816502
2020-11-06,2519.4453125,2524.842607406953,2495.1112527498735,2511.582123796689,3884421
2020-11-09,2537.265625,2553.457282197219,2507.952977627838,2541.453146053166,3646592
2020-11-10,2465.6123046875,2524.749221438292,2455.1435028285814,2509.9068322402663,4760020
2020-11-11,2501.15966796875,2505.8124688142952,2459.8426601477845,2482.687957736919,3242441
2020-11-12,2485.572998046875,2524.609955047342,2476.9187422953414,2499.484828329215,2437505
2020-11-13,2472.358642578125,2479.8494694816686,2452.9563740103567,2471.3349356138106,2548093
2020-11-14,2484.921630859375,2502.2764884820044,2475.3368149379044,2491.9937523796634,298819
2020-11-17,2480.920654296875,2507.8603330304986,2466.0316875701633,2507.8603330304986,2827273
2020-11-18,2444.256103515625,2479.1986879664714,2426.017258079531,2476.2209404654327,2893762
2020-11-19,2453.794189453125,2490.3186786271094,2448.1644817890915,2453.887336351521,4167501
2020-11-20,2475.52294921875,2490.179273417677,2445.093673938491,2470.6375078191077,2711471
2020-11-23,2535.077880859375,2540.428600439054,2479.9422051905053,2503.206203363024,3706418
2020-11-24,2533.031982421875,2552.5271773656204,2517.165882163326,2544.524267050062,3120516
2020-11-25,2513.72265625,2543.174799718512,2501.532225093754,2539.4991318651273,3302249
2020-11-26,2531.682861328125,2541.314025711798,2493.902016031117,2499.4853787535744,2341099
2020-11-27,2493.575927734375,2528.983794158994,2483.7121244289674,2517.1657232617877,6086808
2020-12-01,2537.45166015625,2545.9196218684865,2442.2087305081377,2492.9708360831382,3605017
2020-12-02,2558.621826171875,2563.4141202946857,2514.792350171076,2530.1931668152024,2509032
2020-12-03,2521.306640625,2581.281208454652,2513.257384645711,2581.281208454652,2852548
2020-12-04,2538.149658203125,2548.6650344775608,2511.582117597987,2522.5627739979504,2686527
2020-12-07,2547.5947265625,2553.4573015188053,2518.2355055189687,2526.4710545275348,1996400
2020-12-08,2603.05712890625,2610.734253611722,2542.7101850433323,2549.73596278708,4277818
2020-12-09,2615.618408203125,2642.790718035563,2599.193885914085,2619.526715235954,3659996
2020-12-10,2590.958740234375,2630.972827752338,2587.189926088779,2622.3185726888514,2127801
2020-12-11,2590.307373046875,2612.733736770398,2572.5801564190474,2598.775334258335,1795408
2020-12-14,2603.42822265625,2609.290797345999,2564.8565478548185,2607.429676948463,2483658
2020-12-15,2569.788818359375,2600.6368011467316,2563.6936030127017,2592.5409720484163,2365509
2020-12-16,2618.7822265625,2623.9934540742815,2568.7646204506386,2586.026555997447,2565149
2020-12-17,2641.11572265625,2655.5394047101763,2610.2211716943793,2615.8045324894474,2863460
2020-12-18,2662.332763671875,2696.7634914788864,2648.5604271115603,2668.846685148877,6076692
2020-12-21,2624.319580078125,2686.0623478206066,2591.6104758982815,2662.333059800712,2705195
2020-12-22,2673.03369140625,2683.4093448860526,2622.9229428176777,2637.2071301811357,2881737
2020-12-23,2706.76708984375,2716.3053322746564,2666.473786137142,2676.337815526078,2790988
2020-12-24,2707.3251953125,2718.4919168321694,2682.9909116883687,2706.999408393164,1807144
2020-12-28,2725.98291015625,2744.8733273152498,2700.485652008172,2707.9301334747697,2108994
2020-12-29,2727.0068359375,2747.013881483535,2717.235953228971,2717.235953228971,1994151
2020-12-30,2707.278564453125,2743.0119816832257,2700.485430235221,2730.635486823898,2637968
2020-12-31,2663.961181640625,2703.277349634448,2647.4437382822734,2698.624548688433,4040956
2021-01-01,2724.9130859375,2735.8471690109277,2679.082993055259,2680.0135533168273,2681440
2021-01-04,2828.390869140625,2838.906243777404,2736.730698686778,2745.1523130847636,5113293
2021-01-05,2878.22265625,2897.9970602090407,2828.530833176182,2828.530833176182,5801309
2021-01-06,2839.60498046875,2897.299723640653,2826.2979216867443,2884.7371585951582,3726716
2021-01-07,2822.202880859375,2866.916341702455,2791.9131024051894,2861.4724739258254,3717827
2021-01-08,2904.185302734375,2910.7923711782473,2847.5142761526336,2875.4310827815807,5879039
2021-01-11,2955.877685546875,3005.7092260478057,2928.054028477978,3005.7092260478057,9508039
2021-01-12,2954.38916015625,2987.0982605139607,2931.2646481679053,2955.877920172948,3611458
2021-01-13,2939.593505859375,2956.3901652353543,2909.1642285385665,2954.5290445773526,3572801
2021-01-14,3030.728515625,3045.4593918211876,2909.2457336080483,2941.504479166033,6931542
2021-01-15,3014.55224609375,3052.4514066277948,2992.7822282453335,3016.0905010509823,4131692
2021-01-18,3003.737548828125,3036.369135453091,2971.711886335383,3030.075900889705,4160906
2021-01-19,3040.0517578125,3057.1134612630126,3013.293902653875,3014.226233688112,2975735
2021-01-20,3084.897216796875,3102.751266473612,3046.0190551031083,3048.7227242693325,3453446
2021-01-21,3052.311767578125,3085.222867972734,3041.356878930438,3081.35378558341,2778546
2021-01-22,3079.582763671875,3100.000722495395,3022.523921661166,3022.523921661166,3052459
2021-01-25,3068.581298828125,3113.799355761632,3056.787174210647,3085.036851179682,2272887
2021-01-27,3040.37890625,3082.706654479853,3008.6329812676418,3076.6931633663517,2786662
2021-01-28,2980.24267578125,3053.3839965251846,2968.3554556421063,3011.4291019164416,3083938
2021-01-29,2900.808349609375,2999.169276949028,2890.2263009755893,2992.8293801842005,5445659
2021-02-01,2926.913818359375,2950.8280207497164,2838.1092783984236,2890.226497416784,3985846
2021-02-02,2986.67578125,3005.8352293681182,2936.8427334086764,2959.2186780441707,2881837
2021-02-03,2983.506103515625,3017.0233601540504,2948.636784721885,2995.5797454187154,2505866
2021-02-04,2972.69091796875,3018.7482088308675,2961.0834418143304,2998.423346231464,2057261
2021-02-05,2944.255126953125,2988.9139258730042,2917.2641855256948,2982.480704328182,2366135
2021-02-08,2996.605712890625,3007.7003627965582,2941.6446081701247,2973.670274996783,2526592
2021-02-09,2961.922607421875,3026.1603573667794,2949.8956271706875,2978.7978915329795,2658751
2021-02-10,2995.859619140625,3001.546702373577,2943.649076669479,2969.474603046405,2127983
2021-02-11,2989.05322265625,3001.4532706322925,2969.5209334906904,2997.4442017591527,1165882
2021-02-12,2974.882568359375,3025.881041701847,2966.6780079172013,2968.729091122762,2777404
2021-02-15,2927.37939453125,2991.849988017877,2919.6410022012487,2991.849988017877,2630853
2021-02-16,2898.43115234375,2953.2987044736633,2890.2265926213586,2936.843150566864,3435770
2021-02-17,2865.146728515625,2920.8535104585144,2839.460961777812,2894.9813230289715,3678426
2021-02-18,2850.462890625,2888.268738758787,2825.8958724117233,2857.595133270185,4189909
2021-02-19,2863.981201171875,2878.2456840123737,2812.050180059121,2851.0683251978294,3725028
2021-02-22,2758.254638671875,2886.4968149775564,2743.989928655278,2886.4968149775564,5366696
2021-02-23,2778.53271484375,2823.098180791043,2767.1583225190934,2769.022984461492,3832829
2021-02-24,2748.60498046875,2800.1162657509653,2723.478479126603,2770.8875992532926,3774549
2021-02-25,2792.611328125,2824.869846905782,2767.578147590902,2772.752630606429,4224073
2021-02-26,2698.44580078125,2771.21428468336,2685.113421255898,2759.6999051796734,5553153
2021-03-01,2726.322021484375,2764.3611684152056,2705.4378999952164,2728.000262658648,3265871
2021-03-02,2802.913818359375,2820.301703100777,2748.5122052036663,2759.7001789019173,3306469
2021-03-03,2852.09375,2856.6620806868336,2794.1025818013923,2829.624482664667,3509857
2021-03-04,2843.330078125,2872.9315902166336,2811.957228011274,2818.4368835593214,3916760
2021-03-05,2804.498779296875,2855.916751501707,2793.823633084782,2812.004090626569,3203686
2021-03-08,2803.472900390625,2827.760170591128,2793.2639205707287,2811.9105422033767,2003125
2021-03-09,2844.4951171875,2859.36575058165,2789.627576371861,2803.472554654746,1942397
2021-03-10,2863.142333984375,2883.8867023212288,2852.933353293142,2866.9183207112455,3053778
2021-03-12,2851.021728515625,2906.07592330857,2835.545169442091,2866.918018663411,2938317
2021-03-15,2858.66650390625,2889.2936672253654,2835.21847113015,2835.21847113015,3097083
2021-03-16,2899.5966796875,2928.4522846602476,2852.933457835198,2852.933457835198,4894756
2021-03-17,2902.2998046875,2941.5043696227713,2876.5209430191057,2894.887818598638,3838390
2021-03-18,2831.023193359375,2933.532945335765,2784.9194691116995,2914.4201590805806,3656306
2021-03-19,2843.796142578125,2889.2939436523557,2801.654824354737,2824.9631007636776,5776626
2021-03-22,2917.8701171875,2927.007008058632,2814.3813586636597,2842.397955481709,2821646
2021-03-23,2929.944091796875,2954.5575441905708,2911.5305507751764,2927.51993965238,3305973
2021-03-24,2909.8984375,2938.987119799325,2900.6215617553207,2900.668223830295,2207104
2021-03-25,2857.454833984375,2918.9886816551593,2843.609627210497,2901.6005714611088,3179786
2021-03-26,2859.27294921875,2907.0082541151364,2837.130086474929,2881.508908496928,3697370
2021-03-30,2944.814453125,2972.69106207776,2853.772184276466,2874.376792716261,4694008
2021-03-31,2962.80859375,2988.1212930629295,2920.061120085209,2941.504736228874,3530069
2021-04-01,2950.8271484375,2997.4436910668446,2932.180531385762,2975.1610747379527,4285076
2021-04-05,3019.727294921875,3042.196566865166,2937.775477227134,2956.4221003767825,5317862
2021-04-06,3043.780517578125,3053.3835709741643,3011.4286822126874,3053.3835709741643,2291562
2021-04-07,3050.02783203125,3055.761804797763,3015.9046507622934,3038.4670175812003,2491268
2021-04-08,3092.86865234375,3109.3242051400857,3045.040021595277,3048.722683900474,2578118
2021-04-09,3097.437255859375,3127.365177718715,3084.151536573952,3127.038770758475,2911129
2021-04-12,3026.859375,3112.2143269980893,2995.7660438547055,3097.4367890073217,3791828
2021-04-13,2894.0029296875,2996.512707495539,2865.100660262372,2996.512707495539,8654596
2021-04-15,3001.126953125,3018.188656666428,2878.5254214695406,2946.445828723579,6062760
2021-04-16,2978.9375,3027.278956585046,2967.236927274493,3010.496997478631,3224657
2021-04-19,2947.84423828125,2973.203596275207,2922.9510457931374,2954.5569760414332,2679106
2021-04-20,2931.761474609375,3007.09386449744,2914.793096031537,3006.767457601379,3141893
2021-04-22,2907.754638671875,2934.9786646240723,2895.1215051854833,2934.9786646240723,1988980
2021-04-23,2899.083740234375,2907.9408862489195,2881.882275866952,2894.8882500169593,1615309
2021-04-26,2890.972412109375,2939.640051549196,2879.085190207297,2892.1378260213432,2490260
2021-04-27,2920.06103515625,2923.8836837534245,2893.0234329788773,2895.820426307571,1471417
2021-04-28,2912.695068359375,2937.774678630112,2901.4137733725506,2936.7956856569,1639037
2021-04-29,2904.4443359375,2943.695564628652,2895.3541080985174,2932.7406746688525,1621395
2021-04-30,2830.230712890625,2920.107564334062,2815.639822737968,2889.2939770413786,3072305
2021-05-03,2831.4892578125,2848.2712158765844,2800.7223346950113,2820.207961621471,1545831
2021-05-04,2843.37646484375,2880.9027875619927,2829.624582605388,2855.543429907428,1990777
2021-05-05,2886.21728515625,2889.6668646358303,2845.8473037798135,2862.256421871726,1939289
2021-05-06,2900.9013671875,2921.925477651181,2865.985615283896,2895.354043026721,1791671
2021-05-07,2920.8994140625,2946.025914158549,2901.2273684524607,2920.99273820135,1912540
2021-05-10,2932.6474609375,2950.082006899622,2913.5346734794743,2933.0669644065015,2137153
2021-05-11,2911.296875,2916.4246955059043,2881.9748829203404,2913.5343783546273,2415625
2021-05-12,2878.665283203125,2908.872716519027,2862.8156562220915,2908.872716519027,1978558
2021-05-14,2845.0087890625,2888.8283574996417,2834.2869797640506,2888.8283574996417,2043935
2021-05-17,2862.023193359375,2867.104351973784,2830.5570209427683,2848.271310599525,2890462
2021-05-18,2879.784423828125,2912.602433897354,2869.715202156228,2890.2264869019837,2098538
2021-05-19,2873.444091796875,2907.008007210466,2859.5524511875306,2875.308753764297,1986041
2021-05-20,2852.932861328125,2879.7840396645993,2845.567537472645,2859.552502479156,2329027
2021-05-21,2872.0458984375,2879.2248022457625,2848.3647799998826,2853.86544233637,1685566
2021-05-24,2872.978271484375,2894.888052233972,2864.1211260749633,2872.978271484375,1652260
2021-05-25,2917.479736328125,2930.830438397064,2887.592993014465,2896.8681261164297,1841613
2021-05-26,2959.171875,2965.261669898686,2907.923954445406,2923.1015513693205,1923753
2021-05-27,2979.315185546875,3014.682842230647,2962.2638047599007,2962.4042470017507,5959785
2021-05-28,2945.212646484375,2996.1794601289544,2937.7641749711397,2988.2158812011567,1763701
2021-05-31,2959.781005859375,2970.2743747632244,2931.1591504736293,2951.2085392149756,1652799
2021-06-01,2954.018798828125,2969.8990634652764,2934.344077998632,2968.6343972233417,1377441
2021-06-02,2931.95556640625,2960.0623162711104,2918.417527634672,2952.0051852165066,2240078
2021-06-03,2943.010986328125,2955.471691404089,2925.584709607355,2955.471691404089,1281706
2021-06-04,2945.35302734375,2957.6263990464413,2927.786309486829,2930.5969843439366,1836060
2021-06-07,2982.31298828125,2989.1054516818226,2935.8433069462653,2946.523778593165,2559821
2021-06-08,2998.19384765625,3027.0970477609767,2986.0611460279515,2996.1796220178285,2574057
2021-06-09,2998.28759765625,3016.791208328451,2985.124223811134,2999.927158095559,1710925
2021-06-10,3013.793212890625,3020.5387872644023,2991.4951450791677,3007.422303696877,1874324
2021-06-11,3067.195556640625,3100.174092964793,3008.3587224267003,3008.874058518214,3452954
2021-06-14,3069.584716796875,3099.8930211545853,3063.9633675051873,3072.0673879073884,1847360
2021-06-15,3056.843017578125,3089.868445934459,3046.349877577524,3089.868445934459,1304985
2021-06-16,3067.7109375,3086.7765432979536,3047.708211418982,3056.2340160152526,1635552
2021-06-17,3108.371826171875,3125.5169866556107,3054.2663411409276,3059.4192444772084,2273413
2021-06-18,3089.212890625,3146.082168168337,3068.3201610337414,3139.430145944221,3380431
2021-06-21,3066.539794921875,3078.6256043097524,3046.4901787007016,3058.9508819450216,1130569
2021-06-22,3092.866455078125,3117.0851940470043,3077.68885714571,3095.489797263143,1708688
2021-06-23,3055.57861328125,3118.9125860656736,3050.8941546058736,3118.9125860656736,1467104
2021-06-24,3160.697265625,3169.503954258805,3071.598792207358,3076.7516954732237,4155204
2021-06-25,3167.442626953125,3185.1028933619323,3138.586324846688,3162.24283371307,2722861
2021-06-28,3126.172607421875,3177.4674153206834,3122.6592644151074,3177.4674153206834,1355238
2021-06-29,3130.014404296875,3153.8582498535807,3116.5699182965486,3131.0917381473214,1497322
2021-06-30,3134.605224609375,3168.5675467769274,3127.8127601758642,3134.839447520875,1693146
2021-07-01,3130.623046875,3149.829323236196,3122.050580870511,3146.081757116938,990310
2021-07-02,3115.5859375,3128.936641994509,3087.244968309902,3120.7857313129402,1682274
2021-07-05,3111.416748046875,3161.07199876849,3093.6158091089374,3131.0914700309113,1972858
2021-07-06,3056.42138671875,3117.9751165604393,3050.612704784316,3103.921743138442,2159420
2021-07-07,3068.273193359375,3075.534103481078,3037.027994785321,3068.320083687467,2640710
2021-07-08,3052.861083984375,3089.8682998252166,3027.9396775197592,3089.8682998252166,2485811
2021-07-09,3005.6884765625,3074.8780076864177,2998.989793602749,3044.897478665709,6365067
2021-07-12,2991.588623046875,3031.7811807044272,2987.1383880010326,3030.844289115829,1892226
2021-07-13,2986.388916015625,3011.1696535095766,2974.6308804893915,3011.1696535095766,1809339
2021-07-14,3011.684814453125,3018.6646108389155,2983.999623067022,2985.873406189827,2044279
2021-07-15,3007.36572265625,3034.50111697768,2998.96228932633,3030.510638039159,2232968
2021-07-16,2999.713134765625,3023.2335302043975,2997.084067807024,3016.8017261478594,1256526
2021-07-19,2990.13671875,3004.4085050743424,2982.0617746445487,2985.817519952665,1597058
2021-07-20,3010.0419921875,3018.6801601741595,2963.4236680375393,2990.136588766287,1811945
2021-07-22,3019.947998046875,3028.0227130559574,2995.2069337195435,2995.2069337195435,2859334
2021-07-23,3016.661376953125,3043.6088010747153,3010.839788905046,3032.764041704477,1776193
2021-07-26,3002.2958984375,3027.3654525235042,2996.005070892698,3004.5962465922967,1259611
2021-07-27,2988.586669921875,3013.984937751599,2968.117816709969,3004.5955765748026,1121367
2021-07-28,3002.5302734375,3008.7741075727295,2941.1237074520677,2993.3286526862607,1660654
2021-07-29,3000.65234375,3028.4917102937097,2995.488194667307,3004.830563979503,1731997
2021-07-30,2974.033447265625,3026.6608675896755,2969.2450101425657,3022.4356546521376,2999943
2021-08-02,3022.81103515625,3027.9751841273846,2973.6108711969714,2985.8170414923807,2608669
2021-08-03,3084.311279296875,3089.099945373264,3022.38848581286,3031.824840003121,3804735
2021-08-04,3074.02978515625,3103.3715381515112,3062.0583499341833,3098.4891162995887,2929598
2021-08-05,3083.419677734375,3112.573694383468,3063.2795408525085,3075.0162440741656,2534521
2021-08-06,3107.691162109375,3121.0240106525507,3065.6267733996924,3072.7157877421046,2292362
2021-08-09,3119.802734375,3133.2295655939747,3107.8782925130527,3120.929411776555,1510489
2021-08-10,3130.3193359375,3145.342315283637,3113.136986696333,3113.136986696333,2040777
2021-08-11,3139.990478515625,3154.825716720509,3123.9348066039443,3145.4363544683642,1929707
2021-08-12,3147.079345703125,3162.3370586493998,3122.9017390344134,3122.9017390344134,1310205
2021-08-13,3251.911865234375,3267.49829938998,3152.4786035062807,3155.530146458297,4363584
2021-08-16,3260.878662109375,3280.972035759452,3226.6544810291985,3248.7194833001677,2083489
2021-08-17,3336.087646484375,3343.3644027655823,3251.5363873317197,3269.470162246789,4336019
2021-08-18,3343.129638671875,3375.475947875252,3320.642160470637,3355.617537121083,2631309
2021-08-20,3342.143310546875,3356.6968212403644,3286.27660820735,3291.910225249991,2836148
2021-08-23,3415.286376953125,3448.7125967276534,3344.396695207158,3361.391531795535,3744176
2021-08-24,3392.564453125,3443.407989208526,3374.912405567924,3433.6899072121014,2511141
2021-08-25,3435.567626953125,3471.95140545666,3386.7899361993973,3389.559752200268,2123263
2021-08-26,3447.63330078125,3462.4215473172308,3425.145593297686,3436.506814075468,1902533
2021-08-27,3492.9833984375,3501.7625435645487,3428.15003747889,3442.14009510863,3944728
2021-08-30,3475.284912109375,3511.9504198280706,3462.4215308713888,3488.148293347361,2033114
2021-08-31,3555.234619140625,3571.8069791673915,3477.3029213250115,3482.8895453821706,3207480
2021-09-01,3488.10107421875,3583.637834866037,3480.6365770957523,3564.201900905173,2643336
2021-09-02,3602.4638671875,3623.495948720539,3494.7209262192937,3505.9881618760996,3403717
2021-09-03,3607.43994140625,3621.383006700945,3572.229833239128,3591.431033046437,1746812
2021-09-06,3616.7822265625,3640.819084870234,3581.1026511187374,3614.6226274654628,1723693
2021-09-07,3582.88671875,3633.6362685416843,3575.70394818248,3628.0496437411152,1585039
2021-09-08,3543.68603515625,3582.0416713511254,3526.644434494057,3577.3469902615434,4147175
2021-09-09,3559.882568359375,3576.1262102439828,3535.0947447109625,3558.2864226876723,1441148
2021-09-13,3610.538330078125,3617.1576467586265,3536.972588710213,3536.972588710213,1691473
2021-09-14,3648.612060546875,3658.5648758852835,3591.4309380883383,3614.857350256303,1991188
2021-09-15,3713.070556640625,3736.9664394079286,3629.927702198757,3645.044668181821,2461369
2021-09-16,3664.94970703125,3738.6092059084367,3654.4336674614888,3690.01925766815,2946666
2021-09-17,3594.107421875,3704.1037181624138,3572.652635642075,3680.630310569496,6477148
2021-09-20,3590.0224609375,3634.6219291981333,3575.3282015088243,3576.4078864158328,2002008
2021-09-21,3627.063720703125,3635.138664100729,3588.285607949602,3622.4160321382465,1568129
2021-09-22,3626.312744140625,3658.8940171796453,3617.2051078650975,3626.641463539057,1744067
2021-09-23,3632.97900390625,3642.133632138617,3600.8204380643456,3633.6832060779707,2003869
2021-09-24,3634.90380859375,3703.5399082502527,3619.5991024696277,3652.4618699369266,2320754
2021-09-27,3602.651123046875,3665.6068396407845,3570.6803003331256,3661.851094928038,1673362
2021-09-28,3548.380615234375,3614.904336073018,3522.184387193223,3614.904336073018,2253075
2021-09-29,3560.351806640625,3573.5908977182166,3494.8610118124993,3530.2120945172605,2489161
2021-09-30,3545.0009765625,3572.6526046203558,3521.105093686899,3572.6526046203558,2252412
2021-10-01,3502.419921875,3577.3470797863115,3497.5374992661446,3550.822130966374,1578374
2021-10-04,3542.88818359375,3552.606036202323,3481.0591400891713,3497.349775653554,1356860
2021-10-05,3599.224365234375,3605.515192249355,3513.1239571409583,3524.7666749229375,1877966
2021-10-06,3578.192138671875,3621.899667874925,3563.263143675951,3601.759530735428,1678154
2021-10-07,3655.184814453125,3660.912417237461,3586.78344658206,3596.125816368165,1647233
2021-10-08,3695.32421875,3746.2615083569344,3661.8512344155756,3685.3246397643934,2934339
2021-10-11,3460.54345703125,3528.052880198206,3436.506597877694,3525.705539625885,11845402
2021-10-12,3429.793212890625,3480.6365167689987,3408.9018823003607,3479.697580562695,5752877
2021-10-13,3431.999755859375,3451.0132150365866,3422.4226518980913,3427.117333176415,3545655
2021-10-14,3397.427490234375,3452.5077344943543,3394.370092376853,3410.1745333902,6442299
2021-10-18,3431.011962890625,3436.2331039004,3388.020289015784,3389.9017647185983,3590107
2021-10-19,3418.7822265625,3471.4166908656134,3410.3626690821457,3451.5670311695735,3135441
2021-10-20,3394.982177734375,3414.8786931270442,3366.242587977583,3397.9454103512076,2933693
2021-10-21,3323.15625,3393.6645015708455,3303.1655719214436,3390.51316777126,4871211
2021-10-22,3291.5009765625,3350.5322812810564,3278.4716644489085,3349.0270087340355,2691670
2021-10-25,3285.94970703125,3306.2697332433604,3245.5450687045886,3295.4041668615,2595594
2021-10-26,3276.213623046875,3319.8637660159006,3269.0639237475925,3287.4083112333706,3878763
2021-10-27,3282.93994140625,3303.1658053621877,3276.589960861944,3276.589960861944,2510813
2021-10-28,3218.875732421875,3309.515920639186,3212.6199172776637,3309.515920639186,2424942
2021-10-29,3196.391845703125,3255.8935112879158,3185.29109377814,3198.5555885679437,3960501
2021-11-01,3270.380859375,3280.3527721170103,3210.691090743698,3234.209536199083,2020718
2021-11-02,3277.71875,3305.376580415895,3264.1251340892054,3286.9380268052983,3087414
2021-11-03,3285.291748046875,3311.3030576622305,3260.6444623759776,3296.5335193904284,1537639
2021-11-04,3300.7197265625,3305.0472124903367,3297.286125319471,3304.764945204204,328991
2021-11-08,3295.169677734375,3337.7380676901184,3274.896730064078,3337.7380676901184,2526082
2021-11-09,3297.944580078125,3325.508244560146,3288.81946901903,3300.1083230316813,1782692
2021-11-10,3277.81298828125,3311.115016826483,3273.9558711666095,3290.701051094639,1516489
2021-11-11,3281.4814453125,3302.036657468031,3232.3749796240354,3273.7674415284177,1284514
2021-11-12,3317.088623046875,3324.708461555394,3279.12976029084,3298.226783895893,1747259
2021-11-15,3342.723876953125,3358.0579499738496,3318.923163209926,3318.923163209926,1809157
2021-11-16,3345.64013671875,3363.655405097299,3332.093602985485,3357.493525989609,2013204
2021-11-17,3313.184326171875,3351.707722357202,3298.6028904469445,3340.1836844455634,1632914
2021-11-18,3269.721923828125,3312.1963680833715,3247.0502834368085,3306.8339795443094,2136598
2021-11-22,3253.447509765625,3307.58701599215,3236.4202934198156,3272.262265731589,3167936
2021-11-23,3258.95068359375,3274.660957762059,3205.8460846299295,3240.8414822776845,2153461
2021-11-24,3239.242431640625,3286.04413601982,3221.086146620365,3266.4296615115754,2161746
2021-11-25,3241.6884765625,3257.7751857215953,3230.5408708051687,3239.807000856048,1849619
2021-11-26,3242.582275390625,3283.1750208134154,3209.703304553218,3222.027061973051,1941251
2021-11-29,3294.4638671875,3320.1931386017104,3204.576321964125,3242.8643055540842,2981745
2021-11-30,3320.005126953125,3352.554750740865,3284.1160672988735,3284.1160672988735,5588446
2021-12-01,3365.77197265625,3377.248928652022,3325.5083461796376,3325.5083461796376,2102118
2021-12-02,3427.013916015625,3431.8117710513243,3362.2913338959447,3376.496338017675,3152938
2021-12-03,3424.709228515625,3448.6980448703275,3415.6782825149044,3430.353655893202,2486263
2021-12-06,3326.8251953125,3441.2190081748868,3313.2786623269412,3424.7090131990144,1849642
2021-12-07,3372.074951171875,3384.774912628374,3315.4425763892136,3351.37871768721,1484458
2021-12-08,3411.9619140625,3430.3533844133967,3387.5968963464866,3387.5968963464866,1428660
2021-12-09,3388.302734375,3419.3470851029447,3354.6713544197264,3396.063822056986,1567957
2021-12-10,3421.275390625,3426.1671814130364,3363.2319123713305,3372.5451250317783,1510718
2021-12-13,3395.734375,3444.9820945726133,3388.2555548361997,3433.6932400846636,1883864
2021-12-14,3409.04541015625,3419.5816267305618,3364.736571487054,3391.35949501064,1747007
2021-12-15,3358.763671875,3408.293430717428,3347.2864856930887,3405.4712170016805,1603233
2021-12-16,3369.34716796875,3394.6058443805714,3358.43451576846,3369.7233712836482,2072320
2021-12-17,3371.93408203125,3434.96352316866,3361.915085300777,3389.0083835450578,4333992
2021-12-20,3346.10986328125,3392.3001766345697,3302.1303754116807,3376.30763559109,2312310
2021-12-21,3394.464599609375,3425.4147845510997,3355.047543922487,3370.334534748421,2340989
2021-12-22,3415.583984375,3421.2754943610994,3392.5359068105336,3409.2340038215248,1224328
2021-12-23,3445.64013671875,3452.977937158001,3414.8780579985137,3431.8113376249526,1792861
2021-12-24,3453.354736328125,3485.4339912474097,3428.801614436104,3466.619232860109,2209923
2021-12-27,3477.060791015625,3480.7295762676376,3436.609068913055,3453.448182291486,1534135
2021-12-28,3486.891357421875,3504.2479220004125,3474.94403460213,3490.136856542693,1456218
2021-12-29,3475.743896484375,3499.497525884888,3466.6187857778486,3473.439134813639,1456923
2021-12-30,3512.479736328125,3518.3593475372445,3461.9150799296954,3463.1851678197904,1966475
2021-12-31,3516.807373046875,3537.174255280826,3510.1751253837588,3520.9936104730486,1207141
2022-01-03,3591.50146484375,3603.0255020238524,3523.062795059877,3527.7664837048164,2346158
2022-01-04,3654.53125,3658.6704045433253,3585.810306243926,3604.0607577740698,2488606
2022-01-05,3632.14208984375,3640.6558141031896,3586.4692170941103,3635.952124420886,1733031
2022-01-06,3581.812255859375,3607.7296293790796,3548.463145245864,3586.092658981239,1810293
2022-01-07,3625.133056640625,3635.857375527041,3571.4168372164445,3593.618340824494,2460591
2022-01-10,3649.921875,3742.255204014431,3632.1888744845946,3742.255204014431,3937092
2022-01-11,3683.835205078125,3692.3960112661684,3627.485100494865,3627.485100494865,1906106
2022-01-12,3631.154052734375,3696.1591321397964,3609.187961030149,3692.3961806181474,3203744
2022-01-13,3666.902099609375,3690.514712324433,3628.4260120915974,3685.8110229128542,6684507
2022-01-14,3732.98828125,3741.313901917502,3631.2946718073913,3648.0398491107544,3348123
2022-01-17,3780.966064453125,3803.4027518281314,3727.4852607671605,3756.083596713123,3442604
2022-01-18,3754.10888671875,3802.1804572842148,3744.1369727615515,3794.8897383045914,2389041
2022-01-19,3689.13037109375,3780.872215409788,3685.2195409670926,3780.872215409788,3102539
2022-01-20,3606.10595703125,3694.172340929294,3591.451732469781,3684.748431896311,6176776
2022-01-21,3612.65576171875,3629.6659646399007,3553.850657575582,3587.6824011642834,3112358
2022-01-24,3554.085693359375,3627.874710137642,3524.6359803808573,3618.780730800229,3258414
2022-01-25,3552.719482421875,3589.9439242348844,3507.7674809818536,3552.3426180794495,3330501
2022-01-27,3439.01953125,3518.3216228340066,3416.2608860933415,3516.0599770072618,5718297
2022-01-28,3477.4697265625,3514.9297663456346,3435.9573597310387,3435.9573597310387,3143862
2022-01-31,3521.008544921875,3541.505550168326,3507.0139458611643,3533.0240307560016,2739393
2022-02-01,3581.69775390625,3588.6244188037845,3521.149140747599,3552.8135658850492,2105169
2022-02-02,3634.04736328125,3641.398057549243,3581.697508234796,3607.3776575795723,1984212
2022-02-03,3604.26806640625,3658.8324035230908,3596.2105787812534,3629.147092329021,1960538
2022-02-04,3595.12646484375,3604.3619404265055,3551.8708204300187,3595.503559198154,2307366
2022-02-07,3561.294677734375,3611.0529558173907,3539.760956864062,3572.603366840703,1919149
2022-02-08,3527.793212890625,3580.8027016813,3506.636582935128,3573.1223077802133,2946443
2022-02-09,3543.90869140625,3560.3062035640396,3530.2911868168985,3533.9664198631804,1638721
2022-02-10,3553.143798828125,3571.473256730938,3541.5051786030417,3571.473256730938,2112459
2022-02-11,3482.087158203125,3536.32179970749,3477.422369332615,3536.32179970749,3851488
2022-02-14,3518.65185546875,3574.724111351011,3496.270072658604,3509.4635446309007,5951745
2022-02-15,3597.860107421875,3614.0691852623677,3532.0811750621524,3567.892030092132,3931683
2022-02-16,3593.430419921875,3632.0684423822227,3586.739353270342,3622.550203355542,3256906
2022-02-17,3566.195556640625,3614.0690598237443,3561.2951700323156,3604.645150932418,3134372
2022-02-18,3575.337158203125,3596.116925973668,3541.1285486257984,3551.8717141015977,3688883
2022-02-21,3505.128173828125,3607.283472388533,3492.0761995753915,3590.508870495453,7465922
2022-02-22,3379.790771484375,3456.595633010265,3364.3356521156657,3439.7269272331037,5408531
2022-02-23,3358.492431640625,3414.187590747142,3350.8118084548387,3402.9732320819053,2426203
2022-02-24,3205.683837890625,3283.1485521174404,3195.7417981891494,3273.865909939441,5039136
2022-02-25,3317.9228515625,3326.6399676249735,3262.557384679223,3268.21173023326,2549723
2022-02-28,3349.44580078125,3358.445680187042,3256.808726253297,3288.94434902919,3288942
2022-03-02,3341.859619140625,3366.1733519846825,3304.02271403226,3347.8438937819747,2761341
2022-03-03,3340.209716796875,3372.439664840724,3326.733712993269,3357.5970103747977,1928039
2022-03-04,3321.3154296875,3356.0423959853606,3286.164203427846,3299.781705791557,2370257
2022-03-07,3284.13818359375,3343.6031455463194,3233.8617636305935,3251.2488309286364,3054130
2022-03-08,3392.559814453125,3401.0884974597157,3260.6722641204256,3260.6722641204256,3300992
2022-03-09,3423.329345703125,3443.496419347099,3389.8273025046406,3397.319264298383,2719654
2022-03-10,3412.349853515625,3471.7676382914615,3406.7426743820934,3471.7676382914615,2005441
2022-03-11,3391.80615234375,3430.161646448798,3385.869273670341,3395.6700471058502,1623423
2022-03-14,3433.130126953125,3438.1720104134083,3373.7594988998594,3373.7594988998594,1765688
2022-03-15,3386.858642578125,3448.208383631281,3378.848319741048,3448.208383631281,3651133
2022-03-16,3445.286865234375,3456.6898873730297,3407.921157364427,3430.7741371269126,3090475
2022-03-17,3461.165771484375,3496.26982838664,3449.4330521724846,3483.641883840068,3600452
2022-03-21,3417.768798828125,3499.992399267251,3406.742872062354,3483.0765297766143,2413831
2022-03-22,3487.741455078125,3497.212529366042,3416.166914295851,3430.3027773894887,2907611
2022-03-23,3498.53173828125,3514.9294772985086,3477.422275037666,3494.3853105256544,1596195
2022-03-24,3533.82470703125,3541.6935332203425,3482.1344726931143,3486.846427324634,1879046
2022-03-25,3493.866943359375,3561.766250749471,3460.4592334308923,3543.295297887075,1690133
2022-03-28,3494.1025390625,3499.097256626324,3450.2813641545754,3482.134221178095,1760990
2022-03-29,3491.888671875,3507.5793903900308,3478.365268653843,3481.899234992898,2689063
2022-03-30,3516.57861328125,3522.6569882329263,3492.688913264884,3522.6569882329263,1583455
2022-03-31,3524.49462890625,3538.347728446853,3505.882409537088,3524.5417944641354,2168110
2022-04-01,3542.211669921875,3546.2168311050254,3513.2803163317058,3532.08096810567,1387014
2022-04-04,3553.143798828125,3562.2377794357367,3521.8092998423476,3545.2747423908045,1472994
2022-04-05,3595.032470703125,3614.6342453629245,3554.698098438436,3554.698098438436,2314947
2022-04-06,3539.007568359375,3589.849508669826,3516.2015257429584,3589.849508669826,2051729
2022-04-07,3471.9091796875,3529.724950726554,3467.055958810037,3529.724950726554,2494829
2022-04-08,3473.322998046875,3491.5583543570788,3432.658921928653,3477.4224905742567,2296773
2022-04-11,3483.453857421875,3498.485177315789,3445.4756857410975,3477.4226472997443,2291660
2022-04-12,3478.458984375,3523.5994143958765,3438.1717752374166,3470.825526402785,4483476
2022-04-13,3450.988525390625,3496.1291903604474,3444.957315284972,3493.443284097634,1621672
2022-04-18,3324.802001953125,3402.0308841813444,3319.571686850079,3402.0308841813444,3820792
2022-04-19,3271.886962890625,3358.257229276131,3241.0236600741086,3345.48778621778,3170014
2022-04-20,3351.89599609375,3363.5343856526474,3279.520329024241,3298.368147007139,2640370
2022-04-21,3419.60693359375,3434.0727271503974,3361.885486135473,3373.759704500116,2280996
2022-04-22,3404.43408203125,3408.6276752626627,3365.7488919548246,3374.7959360677132,1581465
2022-04-25,3343.791259765625,3377.528899137141,3329.5612955854463,3353.0267363643825,1960694
2022-04-26,3342.0009765625,3381.2043009174195,3315.4725340320247,3369.188816648046,1943469
2022-04-27,3356.042724609375,3362.875059240125,3304.305551642752,3341.718427674573,1727648
2022-04-28,3377.8115234375,3396.753441217704,3334.2259472215633,3381.2983235195975,1703660
2022-04-29,3342.37744140625,3414.5175039613396,3333.0950299688507,3389.7797451870388,2051115
2022-05-02,3338.325439453125,3343.5557549747796,3291.535823195841,3317.121644156609,1324161
2022-05-04,3279.284912109375,3341.1999515818234,3265.6674088810837,3334.6503804868235,2305825
2022-05-05,3310.99609375,3329.4670474076443,3284.562213083923,3309.7711696415663,1612262
2022-05-06,3234.851318359375,3274.3374077609205,3227.217859512814,3259.7303478040076,2010812
2022-05-09,3246.631103515625,3256.9030726809265,3154.041194114323,3202.2443984287584,2481830
2022-05-10,3240.64697265625,3265.196303626053,3224.8619237890766,3236.1706155148127,1622685
2022-05-11,3215.4375,3249.787599610556,3187.3070417987783,3237.112489009379,1841769
2022-05-12,3212.281005859375,3250.9662026141127,3157.1041965997583,3183.3968135982172,2807195
2022-05-13,3218.170166015625,3241.7299353942744,3187.3068681295945,3237.1123126264083,2187823
2022-05-16,3182.26513671875,3232.4002786997357,3172.6527970654865,3218.264417422623,1195813
2022-05-17,3252.7568359375,3267.269565165726,3157.3866836059865,3175.8576390563876,1754076
2022-05-18,3250.117919921875,3293.656335335157,3244.699172016817,3265.3846071348553,1866781
2022-05-19,3074.03173828125,3208.8407932461673,3043.9223971175097,3201.301666566,4642963
2022-05-20,3103.29345703125,3122.98933622832,3081.665630334965,3119.31410348419,3065125
2022-05-23,3130.386962890625,3146.5488747478457,3078.7910612670044,3114.4134831976708,2293690
2022-05-24,3098.58154296875,3133.3087426202865,3086.895986844371,3124.1673660513984,1711510
2022-05-25,3005.2724609375,3124.0547477041837,2992.3697518303316,3124.0547477041837,3548046
2022-05-26,3061.533203125,3075.3374015998534,3017.511807132924,3027.4260831421047,2813186
2022-05-27,3094.122314453125,3110.819980622593,3063.667702191976,3086.4374364804717,3103153
2022-05-30,3202.23095703125,3212.9992361454406,3117.888161871718,3127.9921384584936,2094624
2022-05-31,3191.889404296875,3209.962692739215,3154.5564406868957,3182.212083448962,4840965
2022-06-01,3183.208740234375,3214.32742276575,3168.835438417451,3214.32742276575,1493835
2022-06-02,3247.533203125,3256.071853089395,3174.7649769757945,3183.018958949569,2657939
2022-06-03,3263.80419921875,3299.049990111376,3255.313031959536,3282.0674239672285,1913622
2022-06-06,3255.074951171875,3275.994685541078,3204.0327634965815,3242.7888315028686,1084210
2022-06-07,3190.32421875,3243.596046393449,3183.9677145127944,3226.708447828043,2308256
2022-06-08,3229.6494140625,3238.9471015508643,3174.954709461783,3206.879680601546,2185707
2022-06-09,3251.423095703125,3260.81551792846,3181.216418855087,3211.4810963595683,1279197
2022-06-10,3187.667724609375,3219.071074723063,3180.1727799798723,3208.6349468651338,1527582
2022-06-13,3054.5595703125,3124.196906429901,3028.8011726035406,3121.350689995255,3030921
2022-06-14,3045.972900390625,3072.8695019776824,3011.9605273465872,3026.476274927639,2611493
2022-06-15,3041.941162109375,3068.2211796919287,3036.912800307317,3053.5157287688535,1404536
2022-06-16,2980.9375,3078.515384462819,2972.4463335227847,3073.9139083386376,2032028
2022-06-17,2930.5595703125,2958.879519850169,2868.8442885938316,2933.5007536278067,5240434
2022-06-20,2952.854736328125,2977.8540979488394,2911.679562438865,2935.398033947816,1502769
2022-06-21,3047.301513671875,3071.7790208067754,2965.1881249790986,2969.5524160683212,2964461
2022-06-22,3057.738037109375,3083.92332379084,3019.835963813298,3035.8695588125406,3336315
2022-06-23,3139.187255859375,3147.915607239661,3057.737930273131,3057.737930273131,3692578
2022-06-24,3124.2919921875,3173.531445735631,3109.4915735122668,3167.83901264911,2132118
2022-06-27,3144.78466796875,3190.513834914484,3137.005055604654,3178.2751962121856,2037686
2022-06-28,3148.057861328125,3159.300509846781,3104.84299010511,3137.4795153343257,1400046
2022-06-29,3121.825439453125,3162.1468438526867,3103.325030375679,3103.325030375679,2133994
2022-06-30,3099.625,3141.179579151672,3088.145166485055,3104.273728030446,2719603
2022-07-01,3145.164306640625,3162.1466396880396,3085.346274827237,3092.888702485151,1502879
2022-07-04,3069.2177734375,3147.86813428179,3059.7303845961765,3142.2231842463434,2622535
2022-07-05,3051.42919921875,3104.2739135863803,3042.5583971882543,3088.1453510769156,2170627
2022-07-06,3093.599853515625,3100.9525787674065,3038.0986370989526,3053.5156416591394,2182144
2022-07-07,3119.311279296875,3149.2438062364354,3097.6799860913884,3103.324936210898,1989921
2022-07-08,3098.059326171875,3135.5819951622702,3083.401356816151,3130.8383007671687,2136916
2022-07-11,2954.18310546875,3059.682820264032,2946.782896043437,3041.799000121667,6974600
2022-07-12,2926.57470703125,2975.4347581862585,2922.352865441054,2955.2265741989504,3734815
2022-07-13,2882.980224609375,2950.577868707579,2879.4224538673643,2944.8854355203616,3863530
2022-07-14,2852.540771484375,2907.950692264355,2822.3387974970037,2906.999448989162,4764908
2022-07-15,2848.59326171875,2881.2207209202484,2809.0214477850022,2871.375492167514,4574806
2022-07-18,2914.133056640625,2926.9272290970193,2867.331945462213,2875.6077134730244,3202795
2022-07-19,2924.359619140625,2928.830416056609,2882.314713106627,2882.314713106627,1865074
2022-07-20,3010.494384765625,3017.29568043214,2946.998904140391,2956.2735249058746,3402251
2022-07-21,3022.38525390625,3028.758537295471,2990.7564155378222,3012.5874018890568,2420640
2022-07-22,3016.392578125,3041.124904530314,2990.2333867347643,3029.709984650938,2075886
2022-07-25,3012.349853515625,3031.0893009070714,2995.560501422861,3010.6851776669937,1797504
2022-07-26,2963.978759765625,3014.394652185473,2945.524733548303,3010.399476969438,2639367
2022-07-27,3033.3720703125,3038.3660972756506,2958.366448647287,2963.1226648026686,1389808
2022-07-28,3101.5283203125,3104.857671369422,3045.5475675034168,3059.197999731636,2106333
2022-07-29,3140.909912109375,3155.5591971184012,3115.321562248652,3129.5902106253634,2430257
2022-08-01,3137.9609375,3164.785947778567,3111.5163315851196,3164.785947778567,1306913
2022-08-02,3131.30224609375,3151.3733372067254,3112.134557288319,3129.589961977164,1269114
2022-08-03,3176.6767578125,3185.7135684725445,3117.2716647104726,3120.0777857837998,2895824
2022-08-04,3191.373291015625,3222.7167076509345,3146.094254554005,3186.664683676718,2150567
2022-08-05,3200.980712890625,3212.348021746693,3191.4206730708192,3197.318333977511,1106933
2022-08-08,3209.922607421875,3214.1555932640754,3173.347352400532,3200.9334055239183,1068836
2022-08-10,3190.707275390625,3219.9580016985215,3172.395845100316,3219.9580016985215,1878359
2022-08-11,3255.630126953125,3261.527788843788,3210.4936797485634,3234.227153145544,1449248
2022-08-12,3235.701416015625,3252.300563729383,3216.391132234565,3252.300563729383,1472354
2022-08-16,3227.282958984375,3248.353136517563,3222.3365404840456,3244.690757074857,839942
2022-08-17,3235.273193359375,3251.301501208562,3206.7358986565037,3220.0533028511772,1622326
2022-08-18,3216.39111328125,3226.616977818854,3198.079681434843,3224.7144913932534,1430659
2022-08-19,3220.671875,3254.678821623717,3206.8788476980726,3221.860929077752,1398410
2022-08-22,3190.992919921875,3219.1022029021165,3184.191391706186,3200.9333649048413,1536532
2022-08-23,3124.453369140625,3178.9594162952567,3110.5651261413013,3158.079675428058,1849256
2022-08-24,3096.6298828125,3146.712748259813,3091.730840612443,3131.492855886126,1691923
2022-08-25,3061.290771484375,3118.317753977048,3058.009028943584,3116.2726740241637,1946930
2022-08-26,3065.095703125,3098.199011966164,3059.9590828897776,3076.6058384038724,1457962
2022-08-29,2979.817138671875,2989.472164924709,2930.7805018734034,2972.635205567798,2539173
2022-08-30,3054.584228515625,3069.1859031907106,2988.9010773719874,3001.172020631239,3431525
2022-09-01,2979.00830078125,3034.4658261198274,2968.830044927894,3034.4658261198274,3546935
2022-09-02,2977.771240234375,3008.7818574903145,2968.1638244831506,3008.7818574903145,2052900
2022-09-05,2980.625244140625,2994.465878656554,2960.506544069901,2971.3506232699747,2147912
2022-09-06,2974.585205078125,2987.7124081713023,2954.8945165569185,2982.6231639681373,1936453
2022-09-07,2996.035400390625,3007.735504886133,2950.7561353352617,2950.7561353352617,1291534
2022-09-08,3015.107666015625,3028.282476138202,3006.0234799984432,3015.440694002859,1346113
2022-09-09,3060.767822265625,3075.8451210266494,3014.014308326253,3039.222255042568,1561185
2022-09-12,3084.83349609375,3110.3744639996708,3067.7587303829077,3081.9321584439595,1785928
2022-09-13,3071.8974609375,3104.334716194839,3067.759459933904,3104.334716194839,1972678
2022-09-14,2968.259765625,2988.2358767097703,2961.981698626365,2982.148011940702,5090269
2022-09-15,2952.991943359375,2984.7633735870895,2948.8539425129397,2977.391238730807,2138023
2022-09-16,2862.005126953125,2943.479239473747,2853.7293582615844,2926.0238353375444,5322221
2022-09-19,2881.125732421875,2893.6820974426414,2842.1247574070335,2887.974637684372,2072220
2022-09-20,2892.064697265625,2929.78139659686,2882.2668460280756,2901.291709698228,1544295
2022-09-21,2854.87060546875,2893.1105297687127,2851.969267708412,2880.3639657477497,2253818
2022-09-22,2860.768798828125,2882.219380125702,2834.0390033903805,2844.217259510436,2017983
2022-09-23,2836.655029296875,2875.132772979146,2833.7536908866423,2857.5347725490005,2652374
2022-09-26,2848.40234375,2878.3191260640133,2783.4326235742583,2815.5370793038746,2925489
2022-09-27,2870.328369140625,2877.5103008016117,2830.899390143999,2862.6708159423156,2227447
2022-09-28,2887.64111328125,2901.243936481034,2834.704526017406,2834.704526017406,2739767
2022-09-29,2851.161376953125,2906.8567144628737,2844.217254933456,2905.096821594239,2493902
2022-09-30,2858.05810546875,2872.469348579013,2806.262954194817,2845.0261186970283,2817353
2022-10-03,2839.413330078125,2873.420274318661,2828.9972635343893,2848.9733706407183,1763331
2022-10-04,2940.435302734375,2946.9514115003535,2875.6081720353677,2882.219265778368,2145875
2022-10-06,2950.708984375,2971.683944708733,2941.6721734035746,2959.317782326783,1790816
2022-10-07,2915.46533203125,2953.610279094109,2908.997063747568,2946.3807375290144,1939879
2022-10-10,2966.49951171875,2974.5374702677345,2858.4858004971356,2863.2420164713403,3064063
2022-10-11,2919.888427734375,2991.659676222077,2904.4783353090443,2948.8537349088833,4730645
2022-10-12,2949.567138671875,2958.270920426348,2912.7540759468025,2934.489842149545,1665247
2022-10-13,2951.992919921875,2958.366202592581,2903.5271277769816,2949.56720343696,2054781
2022-10-14,2948.045166015625,2996.415973917999,2921.267763778468,2991.659758086383,2245977
2022-10-17,2967.69189453125,2983.5709915764123,2929.257531791171,2930.4019313626686,1517005
2022-10-18,2999.116455078125,3009.273554345538,2983.7142104700197,3004.1711387999294,1793722
2022-10-19,2977.32421875,3012.7542684039804,2967.9301308240542,3012.7542684039804,1194289
2022-10-20,3011.13330078125,3013.708258105035,2961.2544751316877,2961.2544751316877,1587601
2022-10-21,2992.154296875,3014.0895142429595,2982.235856939534,3011.610020678173,1021913
2022-10-24,3015.329345703125,3030.8747852852784,3008.9395681482233,3023.340608186509,260949
2022-10-25,3015.710693359375,3036.8351661122847,3005.2674372705633,3033.2587723388933,2069643
2022-10-27,3011.228271484375,3027.059868658618,2989.24555606221,3014.37554475855,2438421
2022-10-28,3016.8076171875,3031.3516197677923,2999.402499345511,3004.1710247816727,1355739
2022-10-31,3045.3232421875,3050.902509965868,3030.684009108904,3050.902509965868,1919414
2022-11-01,3108.79248046875,3111.5583649728255,3055.146568376902,3065.6850563421326,2991060
2022-11-02,3091.625732421875,3118.615632938176,3072.8855206069125,3118.615632938176,1405955
2022-11-03,3058.293701171875,3078.607665517617,3047.087666716813,3078.607665517617,1422652
2022-11-04,3068.450439453125,3070.9778974600304,3019.5730571583667,3068.0690505802268,1464013
2022-11-07,3083.99609375,3092.6749031783293,3047.1832170888956,3079.513726408025,1474498
2022-11-09,3067.16357421875,3099.3511238707224,3053.430079997669,3099.3511238707224,1162267
2022-11-10,3057.244384765625,3075.6986699204026,3023.2448941543184,3023.2448941543184,1573092
2022-11-11,3162.43798828125,3186.900660770773,3104.357448016633,3118.23390207142,3265394
2022-11-14,3181.08349609375,3193.958515490322,3155.8103098708493,3170.1158869781516,1342074
2022-11-15,3178.317626953125,3185.327219553408,3139.59710776223,3167.2545549448255,1400708
2022-11-16,3200.01416015625,3211.9829716180543,3167.6834210011475,3184.3255266589267,1748235
2022-11-17,3193.957763671875,3204.448517747835,3164.154485046988,3185.3744194279075,1417986
2022-11-18,3188.665283203125,3207.071838276814,3167.254650187287,3194.9120982015693,1164540
2022-11-21,3131.490234375,3179.366176772085,3121.4763323007082,3168.6847277937986,1304194
2022-11-22,3161.484375,3165.299195038393,3104.548232494614,3128.1524314821695,1149739
2022-11-23,3155.142578125,3175.837931894338,3138.643433592873,3175.837931894338,1150011
2022-11-24,3223.665771484375,3235.873241706907,3155.1422088743607,3162.7241168423993,1296591
2022-11-25,3232.725830078125,3245.791773918877,3193.0041127899253,3226.383785414671,1588981
2022-11-28,3238.067138671875,3258.8102239428013,3209.742144662654,3210.1712653764907,2195437
2022-11-29,3240.070068359375,3270.254741208142,3226.384307234513,3226.384307234513,1576028
2022-11-30,3233.822998046875,3256.807149110375,3218.754412304607,3226.3840523930326,3410702
2022-12-01,3314.744873046875,3318.8935831610856,3261.671280003136,3266.439805266298,2180856
2022-12-02,3279.9345703125,3308.30729503738,3254.9952768408457,3298.007466953988,2411749
2022-12-05,3267.298095703125,3279.9346878401134,3249.273163073172,3274.0694948136775,1475065
2022-12-06,3228.62548828125,3250.1790827359227,3212.0786125073323,3242.6449059665474,1166999
2022-12-07,3224.09521484375,3236.5886106358644,3198.726568718658,3212.364596780822,1167505
2022-12-08,3195.4365234375,3224.0954069512845,3184.850304175707,3204.44898965327,1285619
2022-12-09,3140.31201171875,3217.8960034655925,3124.671343486697,3217.8960034655925,1797896
2022-12-12,3134.303955078125,3143.4118849897027,3086.285044899573,3104.7868299708666,1527610
2022-12-13,3177.840576171875,3181.9890532875775,3116.5172970904405,3125.482031103393,1378016
2022-12-14,3209.551025390625,3220.6615948493936,3186.232753246848,3193.767162004891,1213311
2022-12-15,3152.0908203125,3208.9792364133023,3146.2253942424322,3203.3047376338327,1415694
2022-12-16,3090.242919921875,3139.5971583621053,3075.8896117402246,3123.3841718213534,2703680
2022-12-19,3053.811279296875,3095.249716844761,3046.6107596550887,3077.606173550468,2120965
2022-12-20,3093.771484375,3098.587741498052,3017.1889214508624,3050.8070248327663,1529971
2022-12-21,3117.232666015625,3131.061389144228,3090.004340460298,3098.5876858504657,1432566
2022-12-22,3108.79248046875,3141.504612098611,3094.8685256553617,3141.504612098611,1384101
2022-12-23,3078.89404296875,3115.611690395017,3068.0693966311946,3068.0693966311946,1360281
2022-12-26,3102.30712890625,3120.5229888775625,3075.7465824110236,3078.8938557094903,870157
2022-12-27,3108.601318359375,3122.2393458604374,3081.8975794687285,3117.852209907438,835883
2022-12-28,3106.3125,3114.8958445892918,3076.652182783975,3099.350407265505,910795
2022-12-29,3117.423095703125,3120.0457843496056,3078.5596184870938,3081.5161970056492,1037927
2022-12-30,3105.931396484375,3146.273169351974,3095.9174927928943,3133.9227347001133,1163131
2023-01-02,3110.4609375,3115.6110838912978,3085.4261827645983,3110.0318168435883,709547
2023-01-03,3158.051025390625,3166.3004801932275,3095.058765956505,3101.448542647101,1245178
2023-01-04,3161.19873046875,3173.3109723288003,3134.0658651055523,3153.616820978384,1231668
2023-01-05,3157.81298828125,3182.800014847268,3130.012345454469,3176.0286156338034,1826057
2023-01-06,3062.871337890625,3148.704787850635,3051.8559985781303,3147.226498533697,2488376
2023-01-09,3166.252685546875,3172.9763519766684,3072.0265904143894,3079.513267367797,2885060
2023-01-10,3134.256103515625,3145.319174949673,3080.562696835966,3132.9210096148204,3864655
2023-01-11,3174.59765625,3194.4347660010317,3119.7118891917466,3137.7847844682833,2720512
2023-01-12,3179.986328125,3194.911718090678,3162.0566277364464,3174.8839132907065,2250391
2023-01-13,3218.325439453125,3222.5693803796325,3151.995206319824,3188.140534763845,1742837
2023-01-16,3187.256591796875,3205.372203710984,3152.84162032846,3170.9572322425693,1843607
2023-01-17,3229.65380859375,3232.904251513613,3174.781141480306,3183.3848844111467,1688475
2023-01-18,3240.743408203125,3258.8590215795334,3223.7749139566336,3231.1836931346793,2421189
2023-01-19,3224.587158203125,3237.8750670407776,3213.019811137896,3231.183267374617,1585044
2023-01-20,3215.027587890625,3245.1882995903934,3207.8578022140155,3216.843840238782,1529349
2023-01-23,3264.546142578125,3268.4657180768736,3207.8572339177717,3238.830609196972,1067916
2023-01-24,3285.004638671875,3299.965498044884,3266.841181683871,3274.202114942823,1387863
2023-01-25,3278.74267578125,3283.761525274027,3255.0823853153015,3274.488650032327,874110
2023-01-27,3260.866455078125,3294.277610514598,3233.3822759422296,3275.158181550497,1785879
2023-01-30,3282.47119140625,3306.1793294340155,3236.4891058802536,3269.4222748063703,1953798
2023-01-31,3210.821044921875,3297.1453076871912,3203.4601119338295,3297.1453076871912,2820375
2023-02-01,3258.28515625,3268.4661581212617,3207.2839896159207,3214.9317606790883,2205161
2023-02-02,3308.043212890625,3316.264659973283,3269.5177536548276,3276.1138627063824,1813847
2023-02-03,3328.97900390625,3349.723535056365,3300.873306813551,3349.723535056365,1804469
2023-02-06,3307.613037109375,3320.231812294407,3285.53023888343,3320.231812294407,1138714
2023-02-07,3319.658447265625,3339.208015219813,3308.999226392021,3316.1690117095554,1455647
2023-02-08,3365.114990234375,3384.043037082242,3324.9163465236957,3324.9163465236957,1986946
2023-02-09,3384.951171875,3391.4039783423736,3350.9663444685457,3360.239219676706,1655427
2023-02-10,3381.79638671875,3386.3850957289314,3353.6906899010332,3365.0190433894727,1187821
2023-02-13,3329.07470703125,3392.74249557099,3320.4709644389313,3392.74249557099,1087939
2023-02-14,3345.99560546875,3369.6558977246214,3341.1200579503516,3350.679771993128,1579818
2023-02-15,3365.640380859375,3370.7549208485484,3307.8041152010264,3333.4720388539104,1429449
2023-02-16,3401.393798828125,3417.59746600966,3371.7108426898103,3371.9019902753557,1618931
2023-02-17,3346.999267578125,3383.087188939759,3336.340279525909,3370.8985532480815,1061369
2023-02-20,3333.75927734375,3366.9314399116042,3322.0486271055565,3347.8120109512884,1296082
2023-02-21,3299.057373046875,3354.408024952364,3293.0825516671175,3340.1641441396064,1139541
2023-02-22,3251.784423828125,3295.233275428991,3245.5227647465695,3264.594346685863,1218430
2023-02-23,3263.4951171875,3300.395472120601,3257.9504365502926,3270.378064389246,1441570
2023-02-24,3250.732421875,3282.7574590602358,3233.3816368759854,3271.811634819984,977592
2023-02-27,3185.1533203125,3240.7429624324536,3170.001080656642,3240.7429624324536,1128022
2023-02-28,3166.989990234375,3242.6550342482965,3154.6099737176955,3181.9508494974807,4116217
2023-03-01,3236.632080078125,3239.7868321403203,3169.044953834512,3176.692724462167,1669307
2023-03-02,3175.2109375,3221.5277019082673,3171.912883079245,3213.019650400646,1556538
2023-03-03,3194.99951171875,3210.151750772091,3184.4362151543464,3206.3278654227497,1043190
2023-03-06,3223.392578125,3255.0350945682585,3211.108251060126,3213.880475038478,1334132
2023-03-08,3241.125244140625,3246.4787771768833,3184.1973356886233,3215.887693293002,1844590
2023-03-09,3189.93310546875,3235.963032800307,3184.197277345618,3235.963032800307,1648500
2023-03-10,3184.340576171875,3190.3153971268657,3145.1457507071354,3167.037401329644,1024404
2023-03-13,3137.450439453125,3221.4326243122164,3127.938570246957,3186.2528284331015,1901233
2023-03-14,3073.400146484375,3158.9117398870812,3068.0944586383985,3135.5861315334737,2670334
2023-03-15,3058.056884765625,3116.8015152893563,3051.4607753184196,3106.9071177270876,1780522
2023-03-16,3044.768798828125,3078.0366490226525,3032.341171077806,3066.756140232535,1901060
2023-03-17,3039.320068359375,3079.5663262462936,3005.5742295993837,3011.7880440053623,6739966
2023-03-20,3004.90478515625,3030.0944901437797,2958.779167610498,3030.0944901437797,2289468
2023-03-21,2969.34326171875,3017.7631263408243,2961.0739679520616,3004.9053559448257,1815297
2023-03-22,2992.954833984375,3005.0956221721917,2969.342390804967,2992.2378555474006,1123939
2023-03-23,2987.07568359375,3007.820447894731,2964.467055293538,2977.7549632489863,1372218
2023-03-24,2983.108642578125,3030.429225115416,2969.247057794474,3010.2581359702144,1329577
2023-03-27,2984.82958984375,3013.938872694776,2969.247209131702,2996.9703801120045,1524217
2023-03-28,2978.711181640625,3010.879759174665,2973.214346109564,2989.322557500647,1303530
2023-03-29,3000.698486328125,3011.3098620557594,2967.430868850956,2991.2344629753875,1740616
2023-03-31,3064.748291015625,3071.5357805882495,3013.2215314080804,3049.5005954902435,2382581
2023-04-03,3059.1083984375,3082.959837553278,3034.014149856567,3082.959837553278,1521830
2023-04-05,3097.15576171875,3120.624903033816,3045.24647517174,3045.24647517174,2655065
2023-04-06,3078.896728515625,3113.93321680113,3073.4477387674806,3083.007451796306,1703464
2023-04-10,3119.717041015625,3127.9384885903864,3073.4481176094414,3078.2279747130333,2203187
2023-04-11,3072.30078125,3128.8463934289,3051.603861420661,3120.290496497002,2348779
2023-04-12,3098.924560546875,3117.3748550373402,3058.1524741527173,3085.827799192689,2417727
2023-04-13,3048.44970703125,3087.7878395563152,3039.9892661885706,3068.668410209217,4174070
2023-04-17,3001.272216796875,3024.1198399497516,2935.071197203569,2996.1100645822826,5505048
2023-04-18,2992.907470703125,3017.8584176843506,2973.6447402843605,3016.0419319833154,2617302
2023-04-19,2953.569091796875,3001.7499531015483,2936.265917500448,2992.9072183670933,3298034
2023-04-20,2968.099609375,2975.9385270145826,2942.479532974907,2953.9511880742243,2419999
2023-04-21,3021.68212890625,3025.1234857244394,2964.2760027763084,2973.0708925002714,1929184
2023-04-24,3035.01806640625,3040.8971971964884,2988.509917470102,3012.3615907626463,1640676
2023-04-25,3036.165283203125,3050.69600236384,3008.920097254986,3042.857083260563,2024090
2023-04-26,3057.33984375,3067.1385506134498,3040.945027574078,3040.945027574078,2000029
2023-04-27,3047.5888671875,3058.3435450466227,3031.0505158902934,3044.768798338286,2434446
2023-04-28,3077.510986328125,3085.15875766947,3055.523643721758,3059.490831748497,2931312
2023-05-02,3077.65380859375,3092.5670537396045,3068.6677720260063,3092.5670537396045,2321159
2023-05-03,3039.893310546875,3074.4039708649684,3033.440503705041,3074.4039708649684,2468285
2023-05-04,3078.896728515625,3082.481620901435,3038.076800560825,3040.13204550545,1953253
2023-05-05,3088.456787109375,3101.171253538611,3068.7160708526494,3078.2279397023203,1710027
2023-05-08,3107.480712890625,3111.543591323228,3089.030418271336,3102.127179716966,928235
2023-05-09,3138.693359375,3152.79393869451,3103.0834217714914,3109.3929268913876,1107375
2023-05-10,3142.086181640625,3160.918767571191,3122.2497792734384,3145.1452427972836,1559987
2023-05-11,3137.641357421875,3163.978415500907,3127.938341315023,3163.3092822162016,1719623
2023-05-12,3130.136962890625,3145.1456660472745,3116.4665262352933,3134.773283792033,1027479
2023-05-15,3111.73486328125,3147.0579610933582,3105.329901350999,3139.41018962047,1150390
2023-05-16,3114.697998046875,3140.3659224591697,3107.3370652417743,3112.8339005702796,986306
2023-05-17,3067.425537109375,3135.586347998739,3057.4356821606602,3112.595188006613,1588815
2023-05-18,3058.96484375,3086.7834684186278,3054.328289609514,3083.9155545316708,1369364
2023-05-19,3080.95263671875,3092.0896105946354,3062.024355602438,3068.668310406177,1152449
2023-05-22,3153.462890625,3162.783612011821,3075.4079171883586,3087.7877004546135,1333243
2023-05-23,3151.885498046875,3181.4249204535645,3145.2415436068895,3160.44139525471,1687418
2023-05-24,3157.908203125,3171.1482669196616,3131.7622920978215,3131.7622920978215,1016555
2023-05-25,3148.491943359375,3160.4415863810823,3123.254390654116,3148.969929080243,1374917
2023-05-26,3182.333251953125,3191.653973547877,3146.1020275208807,3148.4919561349197,1791115
2023-05-29,3174.159912109375,3223.5357443746593,3166.177457108206,3212.828910763215,1210372
2023-05-30,3170.192138671875,3180.4688306664816,3155.9961041839583,3169.0450197321607,1344224
2023-05-31,3144.66796875,3181.186030114344,3121.389971444773,3163.3094113372094,5815424
2023-06-01,3177.64892578125,3192.944468143615,3152.3156837435836,3168.0892118047723,1177314
2023-06-02,3160.058837890625,3189.0245817073023,3152.267531723157,3179.799551974344,2030661
2023-06-05,3144.09423828125,3180.5168419103857,3140.413888432938,3169.0451851316284,1861468
2023-06-06,3089.986572265625,3144.0468045770476,3078.8017529508575,3135.5863638667347,2022849
2023-06-07,3130.71044921875,3134.486722726361,3098.303114136808,3109.774770221239,1567196
2023-06-08,3093.953369140625,3126.02625399059,3090.655314725253,3117.4225120071296,1759366
2023-06-09,3067.998779296875,3106.9067650298857,3064.22273929151,3102.1269084683013,1775689
2023-06-12,3103.943359375,3111.1131446765144,3069.624080421664,3073.447965915805,2324605
2023-06-13,3100.88427734375,3121.246514144945,3096.3912585958583,3116.4666573085824,1371928
2023-06-14,3107.910888671875,3112.499598102683,3083.8204558994544,3100.8844054755014,1658544
2023-06-15,3097.5576171875,3127.5574977380365,3091.4901595685124,3125.4869675387417,2273810
2023-06-16,3057.68603515625,3081.281521680416,3039.4838967456376,3078.9702211330173,4156189
2023-06-19,3091.87548828125,3096.209353257731,3057.782511183822,3072.228727772092,1468186
2023-06-20,3108.53662109375,3113.1594571042187,3082.8706054673466,3095.342457891093,1528452
2023-06-21,3137.91064453125,3140.9924568799966,3104.9251184168875,3130.0134269103337,1645987
2023-06-22,3118.938232421875,3147.011953246728,3110.8484449991383,3139.644476669851,1529603
2023-06-23,3097.60595703125,3129.4355989453315,3090.6715850833575,3117.7824588358276,1119505
2023-06-26,3071.891357421875,3095.2460727349076,3055.856152092882,3086.6747454956467,1978803
2023-06-27,3079.307373046875,3091.1530821823926,3064.8129558245846,3083.78560600033,863542
2023-06-28,3096.739013671875,3111.6667704215706,3075.503028818639,3089.5641066466583,1575872
2023-06-30,3180.33447265625,3187.798350970456,3095.438970139751,3101.121054418389,2672406
2023-07-03,3151.489990234375,3196.2732565483484,3148.0710056731377,3191.939392066351,1687264
2023-07-04,3186.69091796875,3192.6137725456633,3156.305662942156,3168.536745603388,1656681
2023-07-05,3197.380615234375,3206.096545027159,3182.982601776738,3197.4288163082515,1453008
2023-07-06,3200.2216796875,3205.56682612738,3180.0933813488577,3184.4754468131623,1848238
2023-07-07,3206.337646484375,3232.9667439707105,3180.093687374456,3180.093687374456,1789326
2023-07-10,3151.153076171875,3202.003803954915,3144.652278915932,3202.003803954915,1407431
2023-07-11,3151.586669921875,3173.3523980229415,3140.4150696273305,3173.3523980229415,1110172
2023-07-12,3139.547607421875,3167.717726219408,3130.1096018752255,3159.8205091716923,1515240
2023-07-13,3217.220458984375,3243.1272452620883,3151.923516558231,3162.7581784056924,4585146
2023-07-14,3384.892822265625,3394.7164373790292,3228.2477787241824,3240.767832758614,6306101
2023-07-17,3362.789794921875,3418.8410606671027,3348.680752682541,3380.4142237978836,2743228
2023-07-18,3367.750244140625,3393.897801997864,3337.0760170041426,3347.669909121616,2600090
2023-07-19,3341.939453125,3387.0116934057146,3318.4401343685745,3370.7836836208276,2405370
2023-07-20,3344.112060546875,3359.17505178323,3317.799857629101,3334.263136327214,1715404
2023-07-21,3252.381591796875,3316.689442775278,3243.449926182766,3286.901272413568,3770223
2023-07-24,3277.921142578125,3295.9775429939045,3256.0507268568176,3264.644342899077,1680132
2023-07-25,3282.169677734375,3289.55654784679,3263.8718806622337,3280.576556042347,1272980
2023-07-26,3271.693359375,3303.123214188224,3268.5068801137186,3283.32871166464,1066803
2023-07-27,3279.9970703125,3294.239455480732,3268.5550243493367,3278.1142258617147,1701769
2023-07-28,3239.92529296875,3276.9072624900296,3216.3651025144723,3268.50671630486,2599831
2023-07-31,3303.7021484375,3308.7231454134776,3245.2359048108888,3248.615453740304,2743678
2023-08-01,3333.249267578125,3340.9256246836458,3297.474279853945,3297.474279853945,1956167
2023-08-02,3322.24169921875,3327.7938159155096,3296.122799697087,3316.7379089453443,1914899
2023-08-03,3282.942138671875,3315.096180668876,3252.091731302053,3302.3021737093295,2026351
2023-08-04,3325.041748046875,3351.5470209002183,3284.197437290944,3284.197437290944,2248493
2023-08-07,3364.14794921875,3367.961964502155,3322.8208458552294,3335.083733612658,1853889
2023-08-08,3351.160888671875,3369.844825304875,3337.642692647767,3364.147965561596,1634225
2023-08-09,3343.339599609375,3347.684734107062,3307.178471881904,3345.6569103793545,1794589
2023-08-10,3323.6416015625,3345.656760104366,3312.0062503380295,3331.2696319314737,1096701
2023-08-11,3330.110595703125,3347.3461516885554,3296.508180459335,3319.778880246593,1679974
2023-08-14,3331.124755859375,3336.0974261789283,3293.6116702449563,3322.2895083526646,1190425
2023-08-16,3339.38037109375,3346.718914249062,3316.9788375113585,3331.269548228293,1328445
2023-08-17,3317.51025390625,3341.6982168977825,3295.7362545717842,3336.097774065661,1843241
2023-08-18,3251.22265625,3292.6461751254856,3240.9873568353937,3292.6461751254856,2526749
2023-08-21,3284.58349609375,3292.404832163678,3255.9539831529937,3258.8507393657633,1375579
2023-08-22,3265.754638671875,3293.61187237454,3249.2432694092167,3282.9904327392073,1222012
2023-08-23,3281.30029296875,3284.921237895884,3259.8160197344223,3271.4030435012505,1330046
2023-08-24,3271.161865234375,3295.591222452331,3261.844060629516,3290.7149691443437,1152881
2023-08-25,3264.933837890625,3269.2789720278925,3234.9523651957556,3258.8506029507275,1158046
2023-08-28,3259.382080078125,3277.1970848501037,3244.4638317158547,3277.1970848501037,1037485
2023-08-29,3259.961181640625,3272.9001679507514,3249.1949983042527,3264.6926917291808,944517
2023-08-30,3274.251953125,3290.811885129729,3266.623922322133,3281.059377733888,1188200
2023-08-31,3241.277099609375,3299.7914330765857,3228.579510227728,3283.9559269012375,3417652
2023-09-01,3262.90576171875,3272.3685446994746,3241.276745538748,3250.1600830505845,1277950
2023-09-04,3300.853515625,3314.7097596788817,3254.070952612701,3261.7473089896885,1828332
2023-09-05,3311.33056640625,3328.373055350405,3287.963209860749,3302.3022481283397,1501842
2023-09-06,3311.861328125,3325.379523965662,3281.1559004492556,3315.8203226309306,1314818
2023-09-07,3336.3388671875,3340.9253977190506,3304.522876226887,3312.7303519149254,1885092
2023-09-08,3323.4482421875,3345.753358875451,3316.8341237437176,3336.3389013721217,1518917
2023-09-11,3360.86474609375,3365.7409995374155,3326.4417206960748,3342.8566725833994,1783604
2023-09-12,3457.568603515625,3466.355290117272,3363.134294523397,3371.8245640182895,4476016
2023-09-13,3445.064208984375,3465.341503828179,3423.0004867279226,3448.202361757821,1754929
2023-09-14,3437.5322265625,3473.8864212671992,3423.5795651829426,3447.188080214597,2604721
2023-09-15,3474.46630859375,3483.2049044078176,3439.849974553735,3445.064277632085,2952897
2023-09-18,3482.046142578125,3494.743733660097,3452.2096441862623,3456.8445018485286,1395753
2023-09-20,3481.949462890625,3500.2472600402116,3456.7959147431607,3456.7959147431607,1649396
2023-09-21,3461.913818359375,3480.9358059905667,3406.585720814069,3465.0519713051362,2004073
2023-09-22,3479.6318359375,3508.696051637642,3442.360379831806,3460.6581765584615,1989083
2023-09-25,3454.043701171875,3495.4191296399963,3436.180371365704,3478.521385228753,1238778
2023-09-26,3462.29931640625,3471.23098082683,3414.3097720185306,3444.8223631453616,1726062
2023-09-27,3465.775634765625,3489.6255463881803,3433.331871859596,3466.451497380622,1541134
2023-09-28,3415.034423828125,3478.8113915085028,3405.9580146715466,3476.107705034636,1755753
2023-09-29,3407.164794921875,3445.643232325823,3384.908003924056,3415.4686880605122,2243791
2023-10-03,3392.92236328125,3412.5718847929147,3360.333855923716,3412.5718847929147,1948148
2023-10-04,3415.999755859375,3425.8970062296835,3357.6301654573294,3366.3204340751613,1788138
2023-10-05,3465.823974609375,3499.281413698211,3428.9867509552255,3431.6904371643054,2990768
2023-10-06,3496.771240234375,3509.854970925176,3452.0164936907468,3467.41753528929,2075691
2023-10-09,3513.137939453125,3552.3888939588187,3506.0407920534035,3519.6073148630285,4233074
2023-10-10,3504.0126953125,3522.4554703876634,3477.411006653071,3514.779113755348,1848148
2023-10-11,3485.6669921875,3524.3870649222413,3480.935717546488,3524.3870649222413,2426417
2023-10-12,3420.634765625,3465.1481132001263,3416.337957542109,3451.9679661702025,4241281
2023-10-13,3447.961181640625,3453.899438350434,3403.6889908261896,3408.516918472752,2890357
2023-10-16,3402.771240234375,3451.6297195174084,3397.9916397023617,3443.277500190689,1671104
2023-10-17,3386.356689453125,3412.523915172216,3382.7840702355247,3408.5168296254815,1672065
2023-10-18,3367.237548828125,3401.4675027144426,3364.0993964061045,3390.170201142891,1408245
2023-10-19,3345.359130859375,3365.8826992094478,3341.728816129803,3358.7671878000406,1514545
2023-10-20,3383.017333984375,3387.809301586168,3334.1291014568424,3340.2762918565977,1481211
2023-10-23,3301.311279296875,3367.915500142522,3292.743878429488,3362.1554480986288,1106272
2023-10-25,3281.9013671875,3315.6874012033836,3269.412942903728,3282.2885062131595,1518537
2023-10-26,3230.253662109375,3266.024311719838,3223.719096373483,3260.5547327173776,1984471
2023-10-27,3244.000732421875,3254.698106901968,3230.496009140948,3243.0810999766786,1108851
2023-10-30,3270.719970703125,3274.8827788231424,3227.349763876842,3243.081127555282,910972
2023-10-31,3261.232421875,3290.516957908163,3243.1293014151265,3290.516957908163,999811
2023-11-01,3224.3486328125,3263.9918586515023,3205.3258782106473,3247.921570944344,1563475
2023-11-02,3252.85888671875,3268.2028751009575,3236.4981265982724,3236.4981265982724,1245384
2023-11-03,3243.9521484375,3279.771251660559,3237.562936698764,3274.0596513617274,1402598
2023-11-06,3272.36572265625,3284.0311813476164,3251.793939028872,3267.2832819953683,1099852
2023-11-07,3262.878173828125,3295.502552392047,3258.5702479536394,3270.187254185203,1191144
2023-11-08,3273.6240234375,3293.372839638349,3262.007017119683,3263.846281913898,992899
2023-11-09,3240.6123046875,3283.2564464481657,3235.3847463268016,3281.9012235690516,2112352
2023-11-10,3227.05908203125,3240.612256013225,3216.3134930404144,3231.4639108451115,1338557
2023-11-13,3225.219970703125,3248.8895748352875,3220.8151416796786,3248.8895748352875,1030990
2023-11-15,3295.648193359375,3304.070476339917,3248.938143408188,3275.1248611686806,2059802
2023-11-16,3386.212158203125,3416.706799198424,3305.2318030842307,3320.5760265054296,3951984
2023-11-17,3390.66552734375,3412.0118253580167,3381.0815909366665,3386.2124830565526,2021292
2023-11-20,3407.26806640625,3421.1114765993602,3379.822794289124,3379.822794289124,1475621
2023-11-21,3398.16796875,3426.0972830667097,3389.261644374976,3407.2680989787914,1807236
2023-11-22,3417.4814453125,3419.9016551759987,3369.9971168695515,3388.2938088981537,1798051
2023-11-23,3396.280029296875,3430.8890255335637,3388.293337857639,3417.3358521821333,2729804
2023-11-24,3346.762939453125,3392.698473159121,3342.7937009305324,3382.7271617366096,1989733
2023-11-28,3359.396240234375,3370.142066029236,3323.432018004558,3346.762934458918,1689195
2023-11-29,3401.604736328125,3405.719092821727,3364.8660003196806,3369.8999892303673,1441634
2023-11-30,3376.28955078125,3404.412199385531,3369.9001024136155,3387.7612033454247,3266235
2023-12-01,3399.571533203125,3404.702424841456,3378.661064000581,3388.2934509700485,1172141
2023-12-04,3400.34619140625,3434.568051248314,3386.3574265508537,3431.5184452042645,1625213
2023-12-05,3418.885009765625,3425.080651849091,3391.004147692838,3425.080651849091,1377656
2023-12-06,3489.071044921875,3497.541778479725,3412.640637055317,3419.853050706303,1896572
2023-12-07,3499.5263671875,3514.6770219087853,3477.0668681593806,3489.9424311946746,1967653
2023-12-08,3510.94970703125,3528.665689036048,3487.086534290926,3517.04868265239,1641155
2023-12-11,3526.633056640625,3536.410799434742,3499.623607981547,3507.2713769284173,1102503
2023-12-12,3554.901123046875,3580.361541535788,3515.112778658117,3522.8089986950117,2236866
2023-12-13,3478.85791015625,3533.5061984766676,3449.282900047224,3527.26210465593,3850968
2023-12-14,3550.20556640625,3560.612467991598,3511.8211355634535,3514.144442308184,3290396
2023-12-15,3737.772216796875,3771.6067043567405,3549.673453722013,3549.673453722013,8531230
2023-12-18,3736.029052734375,3803.601351035469,3707.906170329106,3734.9643023352983,2521612
2023-12-19,3694.401611328125,3732.060215618145,3669.037861245698,3722.282474007839,2004435
2023-12-20,3659.405517578125,3774.3654783191528,3646.336385199145,3705.099029440838,2586083
2023-12-21,3666.617919921875,3685.205084285815,3623.877108543289,3636.3652968202096,1517562
2023-12-22,3701.952392578125,3723.201784381916,3641.9311979285844,3678.7183817460445,2413058
2023-12-26,3674.41064453125,3711.633420690206,3669.182850016897,3697.935128974357,1285231
2023-12-27,3689.561279296875,3696.337866536056,3647.740102461937,3677.7507030925954,1293976
2023-12-28,3678.621826171875,3715.505916389913,3671.0709610173435,3701.9527421248117,1682889
2023-12-29,3672.329345703125,3700.597584461739,3645.222996695166,3670.97412279217,1574996
2024-01-01,3689.464599609375,3709.6974583264628,3652.580508942,3669.037935035828,825907
2024-01-02,3662.454833984375,3689.4645156505317,3647.0139435939122,3689.4645156505317,1344068
2024-01-03,3573.923828125,3651.4674450136877,3569.3738809497613,3646.7721434406108,1803075
2024-01-04,3549.77001953125,3600.303950812869,3534.4742469528865,3583.6045038777997,3598144
2024-01-05,3618.6005859375,3628.1363065511255,3557.563087302939,3557.7082053433087,1963127
2024-01-08,3560.90283203125,3620.3915366642027,3555.1909955723663,3618.600487022732,1067805
2024-01-09,3572.132568359375,3632.5895949671944,3565.2108632457825,3591.542697173614,1370944
2024-01-10,3594.543701171875,3610.2266118998177,3570.2931540354034,3572.2293216894354,1292227
2024-01-11,3616.325439453125,3652.5801300231565,3588.6866000519058,3605.14402443844,1777909
2024-01-12,3758.876220703125,3780.609657026063,3699.6295331901833,3725.186853655026,6813450
2024-01-15,3779.205810546875,3838.452495361935,3761.00578675438,3833.6120760739627,2801505
2024-01-16,3738.0625,3774.55921663568,3732.4960174414837,3774.55921663568,1432672
2024-01-17,3760.61865234375,3785.159436354583,3690.868163049163,3697.1122566685535,3458696
2024-01-18,3778.044189453125,3784.0462621517504,3738.739889959681,3773.590909130719,2239110
2024-01-19,3834.89111328125,3854.828792704221,3807.6591608986555,3836.787576761996,2941975
2024-01-23,3752.4169921875,3825.9917939789893,3737.342162049768,3793.0217765907473,2618854
2024-01-24,3736.418212890625,3777.1201111922514,3701.211238257574,3773.570326867422,2657709
2024-01-25,3705.7822265625,3755.0914608833264,3675.0489302993396,3734.570146060019,2205154
2024-01-29,3696.737548828125,3715.216373723609,3677.1403637191115,3696.5430823706133,1646747
2024-01-30,3696.2998046875,3742.253722811887,3683.1214378212753,3703.010440610695,1411621
2024-01-31,3711.27734375,3728.8322745343594,3692.312234372478,3706.657637619578,2459358
2024-02-01,3748.429443359375,3797.7873560173143,3700.6764131851514,3715.216282824203,2363107
2024-02-02,3857.50341796875,3875.10678784539,3765.7900437431695,3768.7564289471684,2826510
2024-02-05,3864.31103515625,3911.67512958968,3853.41830257255,3873.7449132659613,1691523
2024-02-06,4022.548583984375,4036.0672088611577,3880.5533970255456,3887.3613854413798,4474396
2024-02-07,3971.39111328125,4041.027200449419,3962.2003768845075,4039.0820610027527,2124267
2024-02-08,4020.700439453125,4043.944760003293,3973.9684184871803,3977.8100212634604,2345173
2024-02-09,4020.3115234375,4069.961016230209,3987.5357348811417,4023.0829671480524,2100596
2024-02-12,4007.66796875,4045.500833365555,3992.933158561447,4016.712676589731,1013716
2024-02-13,4035.677490234375,4055.615166713422,3969.5427584990002,4012.2873816859046,1257415
2024-02-14,3987.633056640625,4002.026898009872,3938.4209356490796,3994.3436924832126,1391283
2024-02-15,3990.64794921875,4032.565320923148,3971.001852474619,4014.767486410783,1091582
2024-02-16,4015.05908203125,4034.170455496613,3987.632902930139,4000.422098805194,1307556
2024-02-19,3991.231201171875,4015.059157963777,3943.769991476078,4009.9531672226553,772291
2024-02-20,3920.087890625,3985.59055363256,3900.0044216853503,3970.126790678697,1193648
2024-02-21,3882.011962890625,3951.89119090927,3871.4110481235507,3902.922211469392,1885939
2024-02-22,3974.98974609375,3982.6242758305775,3862.074308087051,3862.074308087051,2982052
2024-02-23,3940.94970703125,4016.7127903511646,3935.4058698837393,4016.7127903511646,2538072
2024-02-26,3891.2998046875,3938.9070410654526,3873.501732790971,3925.2910661086835,1379284
2024-02-27,3991.814697265625,4010.8771570048384,3889.305953167398,3889.305953167398,2960475
2024-02-28,4005.96630859375,4040.929905710048,3976.8376550125004,3983.256710254891,1939225
2024-02-29,3982.770263671875,4024.590760669227,3953.0582119210476,3986.5631905150553,3772719
2024-03-01,3982.04052734375,4026.4382356164633,3974.6975792079206,3994.5381419656173,2043265
2024-03-04,3968.76513671875,4004.944682155846,3964.0967546589172,3992.398627973585,1749271
2024-03-05,3902.046875,3952.5231459862443,3870.8272935593636,3950.5780066427474,2070859
2024-03-06,3952.815185546875,3960.3039249496005,3849.868585054649,3884.492162283685,1744204
2024-03-07,3995.89990234375,4010.8773805136493,3926.944569218317,3953.495769104749,2688905
2024-03-11,4009.27294921875,4039.0821166722512,3976.8376535210296,3976.8376535210296,2304068
2024-03-12,4077.255615234375,4113.921685490996,4008.00845770711,4009.2730833397145,4039801
2024-03-13,4035.191650390625,4124.668062016544,4018.560613686994,4089.6555531194454,2837260
2024-03-14,4092.1845703125,4109.10718896528,3973.919993872695,4039.5200133888384,2919608
2024-03-15,4103.5146484375,4122.7228997396605,4062.4235791961696,4077.595761278169,3373143
2024-03-18,4038.595458984375,4138.040705385616,4004.896015694858,4099.6242043308575,1526904
2024-03-19,3868.201171875,3946.687492208131,3857.794724497652,3940.1226473159663,8931209
2024-03-20,3861.976806640625,3907.78493306345,3851.570358663032,3876.6627036313866,1817913
2024-03-21,3863.970947265625,3898.4484974722936,3839.705379451114,3880.6019849960817,3829582
2024-03-22,3803.62255859375,3829.979291151296,3749.2560100020937,3790.103935402895,5852485
2024-03-26,3771.138916015625,3838.440690058343,3765.254821991244,3768.7074918273493,3440925
2024-03-27,3735.542724609375,3788.158838368847,3724.3581734819704,3781.8371355577046,1968575
2024-03-28,3769.971923828125,3807.6103232125056,3735.153881557504,3744.490645526798,4311783
2024-04-01,3809.3125,3825.408576562606,3781.3997961643163,3790.7849991059966,1569676
2024-04-02,3777.26611328125,3802.6016005490583,3766.76231340809,3783.2959977168784,2142666
2024-04-03,3839.024658203125,3871.8002116013213,3745.366142897937,3745.366142897937,3973090
2024-04-04,3893.488037109375,3918.142534699295,3827.3046264718005,3866.8394868506484,3394637
2024-04-05,3870.09814453125,3892.224106154191,3851.8624618749805,3868.8824323541658,1636819
2024-04-08,3863.581787109375,3922.0330832785467,3851.375989955484,3873.7450929274473,2302538
2024-04-09,3838.295166015625,3905.6942966818187,3817.384916544992,3874.7178553954827,1876992
2024-04-10,3875.349853515625,3880.7476629694565,3810.528176426063,3847.8747588285305,2101965
2024-04-12,3891.64013671875,3903.2625340933573,3837.27358778367,3862.0741140765313,4354821
2024-04-15,3833.091552734375,3952.717622669279,3811.549229426857,3891.6401996365257,4200329
2024-04-16,3766.56787109375,3820.9344207504923,3756.8908503515418,3794.966858011438,3051420
2024-04-18,3756.064208984375,3828.0343673129205,3744.393372498665,3770.458288138839,3476284
2024-04-19,3721.24609375,3746.873400013286,3696.6400331481464,3732.722463560279,2957749
2024-04-22,3758.593017578125,3771.6253567885888,3707.4357555642346,3731.7499984522474,1728883
2024-04-23,3768.415771484375,3788.1589838956156,3754.7026811719675,3770.7014052583304,1807586
2024-04-24,3725.963134765625,3791.0766276099876,3719.54407987477,3783.296070139264,1317312
2024-04-25,3746.532958984375,3767.394531605907,3706.4631347461445,3706.657601197812,2856271
2024-04-26,3716.529296875,3770.4582389436573,3698.2449391305313,3749.401962592489,2039178
2024-04-29,3764.039306640625,3771.4309315368455,3714.4382506071906,3732.7226089474875,1110693
2024-04-30,3715.848388671875,3775.272493268424,3705.490616178965,3765.789938541982,2203078
2024-05-02,3757.32861328125,3764.9147045184022,3674.417045390118,3674.417045390118,2491044
2024-05-03,3737.97412109375,3786.7973077825845,3693.4306208015673,3783.4417525141935,2962234
2024-05-06,3813.494384765625,3831.875856708849,3747.310970665456,3747.310970665456,2053831
2024-05-07,3869.806396484375,3878.608200295267,3806.1517532235525,3822.977257549098,2062112
2024-05-08,3867.861083984375,3875.0095663734273,3830.563177847568,3852.348644505229,1247685
2024-05-09,3851.5703125,3862.0741122961813,3802.7960391240294,3853.320985373324,1726486
2024-05-10,3787.089111328125,3864.6031074267457,3778.4820118323983,3853.9048405813305,1672489
2024-05-13,3839.5107421875,3846.513196599001,3763.8447713876444,3777.9470321589934,931326
2024-05-14,3794.18896484375,3837.5656695695525,3786.1165886350204,3828.034438772876,1058317
2024-05-15,3773.959228515625,3819.2323938552713,3769.1937321404057,3797.3982523912305,1115021
2024-05-16,3821.5205078125,3829.8964642714295,3765.240327516879,3811.871212722825,2599399
2024-05-17,3756.031982421875,3840.1828319751426,3752.0153689961217,3839.203193497598,2765804
2024-05-21,3742.4150390625,3766.465212644621,3732.471803718336,3752.6034232070624,1908117
2024-05-22,3753.974853515625,3763.0365099339497,3739.8191245663174,3756.913769110757,1311168
2024-05-23,3814.17333984375,3825.488211966575,3747.6069538740417,3762.742320348681,2095742
2024-05-24,3771.118408203125,3804.720056608894,3766.0243358337225,3799.2830150964464,1309452
2024-05-27,3768.718505859375,3828.770396397948,3763.134613996444,3776.5065844447445,1841538
2024-05-28,3761.713623046875,3791.2008363305977,3752.0152979705917,3779.445174822596,1801993
2024-05-29,3726.201904296875,3770.5305466531386,3722.6263194210433,3770.5305466531386,1568095
2024-05-30,3660.027587890625,3717.140322546408,3639.7979088533293,3700.094707884028,2919230
2024-05-31,3596.203857421875,3673.4484478197846,3579.354123272811,3663.8479428095284,10956800
2024-06-03,3627.45458984375,3675.162937939019,3620.743970313197,3656.794715687024,2156773
2024-06-04,3639.357177734375,3668.7463339475735,3518.3718179900425,3624.662599627776,3395997
2024-06-05,3670.16650390625,3706.756096486479,3624.662344736642,3640.336560281449,2799670
2024-06-06,3752.4072265625,3761.713792341841,3665.317459305752,3704.013180177749,4328036
2024-06-07,3814.663330078125,3835.2847685577945,3759.1669041268424,3759.1669041268424,4552445
2024-06-10,3780.130859375,3826.369746628105,3763.6728854931707,3815.691783133879,1734661
2024-06-11,3773.66552734375,3800.9483158199455,3762.7914444244025,3766.7099983889166,1419898
2024-06-12,3753.6318359375,3814.2225740099775,3749.5174019913065,3795.5113826278625,2177001
2024-06-13,3799.18505859375,3810.7938708088977,3773.5676067752893,3778.2699195397627,1932323
2024-06-14,3754.02392578125,3809.8142929599544,3750.0563418489855,3809.8142929599544,1860730
2024-06-18,3737.4189453125,3763.7711253531625,3717.7771455099964,3748.1459390773957,1774045
2024-06-19,3724.291748046875,3755.7872702574973,3715.7199109177072,3749.713320041751,1509050
2024-06-20,3710.135986328125,3732.3737329069522,3703.082636815265,3718.7078233814937,2846526
2024-06-21,3733.1572265625,3798.8420325256525,3720.715866070661,3749.0763513887523,4642195
2024-06-24,3739.084228515625,3778.465647895979,3714.103447073741,3731.1980908539826,1702154
2024-06-25,3760.293212890625,3769.305838922121,3715.670633038322,3739.280015679649,1338808
2024-06-26,3777.339111328125,3788.212954904168,3762.7913842995013,3766.220118963664,1639845
2024-06-27,3854.044677734375,3861.734935564597,3740.357822070456,3752.9950629497644,4526556
2024-06-28,3824.655517578125,3879.368422948388,3818.4839864227138,3838.027726477141,2731571
2024-07-01,3897.19775390625,3920.219258189819,3804.915856909854,3804.915856909854,2658723
2024-07-02,3935.599853515625,3941.4776848729957,3901.4595932166394,3912.284647133711,2307449
2024-07-03,3884.511474609375,3944.122571659196,3874.470180210599,3938.1466812760073,1821198
2024-07-04,3939.077392578125,3964.9399925707075,3901.0185802211668,3918.407163657249,2518001
2024-07-05,3930.11376953125,3944.759317225375,3906.798325472104,3928.3503724029933,1668616
2024-07-08,3911.892578125,3949.167872482437,3897.051149881357,3940.106215968834,1758882
2024-07-09,3904.34912109375,3925.3623184354674,3894.160976676417,3903.8593018588867,1305801
2024-07-10,3829.553955078125,3921.787068375789,3822.5496350896506,3902.5860570627137,2669716
2024-07-11,3843.8076171875,3898.9613137562046,3816.2799182478925,3850.9590262250354,4872189
2024-07-12,4098.7587890625,4114.4330054282855,3890.4385136742408,3898.9613209892245,13509164
2024-07-15,4084.30908203125,4153.667297454993,4072.4060914203146,4149.455043182372,4848030
2024-07-16,4093.37060546875,4109.142402353893,4060.5034474020554,4087.051745925721,2029521
2024-07-18,4227.6787109375,4236.93648604033,4075.296134549774,4075.296134549774,5613364
2024-07-19,4224.58544921875,4279.916382656846,4207.745724985431,4239.314154865978,3903354
2024-07-22,4209.80810546875,4241.818590319842,4187.862236778732,4222.1803148836,1896386
2024-07-23,4224.537109375,4282.8137917236645,4189.13882773974,4205.536980663162,2365208
2024-07-24,4228.3662109375,4260.622174468574,4190.9062961576155,4209.955327580733,1809793
2024-07-25,4244.322265625,4264.4514978853385,4196.896022372138,4217.319636983082,2810342
2024-07-26,4308.490234375,4342.464545151934,4258.608729472141,4271.324703991635,3552210
2024-07-29,4301.86279296875,4350.860197383269,4291.945367357768,4335.149576043135,1746803
2024-07-30,4286.3974609375,4318.456850304975,4249.035353541636,4311.681741041037,1797906
2024-07-31,4306.03564453125,4334.167378134563,4266.415328045917,4271.32489689292,2330091
2024-08-01,4317.5732421875,4339.3714407578755,4286.102617400063,4319.831452135074,2202244
2024-08-02,4205.5859375,4318.457126714295,4192.772153494779,4286.053969556137,2811282
2024-08-05,4079.90087890625,4162.332736944009,4036.156809438158,4162.332736944009,2787771
2024-08-06,4095.7587890625,4181.234188453704,4085.546502593992,4095.5133106272006,2203067
2024-08-07,4124.47998046875,4168.175144224216,4104.694033994683,4151.531513665411,1237666
2024-08-08,4097.083984375,4155.458948002559,4084.7611587170704,4105.381347258672,2441283
2024-08-09,4152.267578125,4176.717133478339,4129.486988399369,4140.730092096512,1302536
2024-08-12,4119.76611328125,4162.332168001852,4110.634507665087,4153.494944715224,936912
2024-08-13,4121.04345703125,4157.423172797769,4107.345567268085,4136.802982285547,1495593
2024-08-14,4217.5654296875,4228.317578037032,4112.40236132334,4132.875360818273,3226545
2024-08-16,4336.18017578125,4346.932323500371,4246.875404760914,4271.32496210224,3457058
2024-08-19,4408.79296875,4412.966102406389,4310.945354320212,4341.040916446269,2055210
2024-08-20,4441.490234375,4482.436229168461,4418.611835982054,4423.5214046887,2212298
2024-08-21,4469.1806640625,4477.5269313687795,4411.29665372891,4436.286551737751,1896990
2024-08-22,4420.57568359375,4478.459690688716,4415.862689393936,4477.526680850177,1829872
2024-08-23,4383.16455078125,4424.503214207465,4374.425614579285,4418.611731898268,1809253
2024-08-26,4421.017578125,4469.818401872383,4403.882992094799,4407.810646937247,1844164
2024-08-27,4415.8134765625,4428.431164573309,4405.650573010988,4423.521595654713,930697
2024-08-28,4424.55224609375,4479.981468869434,4376.6839509469255,4417.384467523588,1848058
2024-08-29,4430.19873046875,4473.599514554176,4379.335784660146,4379.335784660146,2133641
2024-08-30,4471.39013671875,4509.193819455762,4406.6327273671195,4418.6122679625305,3637222
2024-09-02,4439.28076171875,4505.020076011625,4430.394634473508,4493.237111558238,1216500
2024-09-03,4430.73876953125,4473.500923144872,4414.586095966468,4439.281131802064,1717263
2024-09-04,4398.2373046875,4405.847136492228,4356.457065075125,4395.979094770648,1265505
2024-09-05,4394.9970703125,4417.629990620445,4373.591062750139,4399.955543002937,1688793
2024-09-06,4376.14404296875,4437.219269128685,4359.696987890559,4393.033151008172,1649179
2024-09-09,4369.07421875,4409.03830092537,4350.3689532319695,4374.425840570686,1184938
2024-09-10,4426.31982421875,4457.839350275992,4360.1389358947,4362.102763319449,1385591
2024-09-11,4398.33544921875,4467.069411676029,4390.381851958678,4439.674113958071,1325919
2024-09-12,4435.9921875,4450.622607300757,4351.154451209502,4428.676737874571,2742216
2024-09-13,4440.8037109375,4464.762313187297,4423.521931143341,4448.069777598077,1458786
2024-09-16,4431.6220703125,4463.828648356052,4413.162284266815,4445.123383881834,1155120
2024-09-17,4424.15966796875,4453.764272150941,4385.226883000954,4431.62230848725,1699364
2024-09-18,4267.54443359375,4415.715125527233,4242.84939817985,4415.715125527233,2961779
2024-09-19,4218.44873046875,4342.219248359466,4204.35817203477,4310.650337218327,2927551
2024-09-20,4207.40185546875,4252.3737899385205,4151.040105806238,4238.823093407437,5447908
2024-09-23,4191.298828125,4231.459004478235,4176.0791650499295,4222.22911114853,1702319
2024-09-24,4194.0478515625,4213.39174349326,4163.314144118252,4174.753342987435,3012026
2024-09-25,4197.43603515625,4212.017551040905,4163.314530454997,4175.4412618287715,2713073
2024-09-26,4214.865234375,4238.725549338179,4182.953033998253,4182.953033998253,3964251
2024-09-27,4230.77197265625,4298.818403851764,4222.2780351461415,4256.596112539378,3012477
2024-09-30,4191.298828125,4221.001718965056,4183.001465184691,4209.365945175714,2503416
2024-10-01,4210.34814453125,4218.056263856357,4166.211406289576,4178.583136778167,1823365
2024-10-03,4156.1953125,4201.608822204832,4133.85677529384,4185.505533031941,3350119
2024-10-04,4175.3427734375,4220.26532782277,4147.652613708516,4148.5856235577485,2965463
2024-10-07,4195.57080078125,4219.529403464621,4152.906451090779,4196.601618570953,1472619
2024-10-08,4176.32470703125,4202.001656010186,4127.9165503585355,4195.324834210528,1541867
2024-10-09,4176.03076171875,4217.3200479400675,4169.893800065752,4182.953062683279,1082504
2024-10-10,4150.9423828125,4216.19074786921,4122.663456603558,4176.324950925273,2378875
2024-10-11,4074.156982421875,4165.229488527156,4038.0716498141223,4068.068925004607,5759183
2024-10-14,4061.833251953125,4090.0632711112576,4047.644886515852,4065.122758771127,2137590
2024-10-15,4042.34228515625,4094.531383895366,4020.936757446088,4056.3345559239197,2759474
2024-10-16,4020.8876953125,4040.5751141050914,3993.6395885284373,4011.1177013655647,2359151
2024-10-17,4034.68359375,4055.2548785670365,4018.9238301370233,4038.414674215347,2522659
2024-10-18,4058.356201171875,4081.0938417563607,4015.981878743336,4025.824971583393,2361000
2024-10-21,4015.834228515625,4074.991311135829,4006.138686185549,4067.7565419545163,1595450
2024-10-22,3952.493896484375,4025.628123729215,3943.4875627358756,4002.201514906106,1928049
2024-10-23,4002.447509765625,4049.0051452980897,3932.463025582815,3936.8433940172417,1966476
2024-10-24,3984.38525390625,4014.9973672208257,3941.1741746389275,3941.1741746389275,2676744
2024-10-25,3993.884033203125,4027.7934387000987,3969.42385229137,3993.3918785796277,1759676
2024-10-28,4026.66162109375,4069.134469419595,3987.436801068887,4005.1051041743235,1532534
2024-10-29,4011.306396484375,4039.1131336663107,3996.394207004564,4031.5832637923236,1445885
2024-10-30,4020.55859375,4042.55800112918,3996.344730916741,4011.0601058196758,1935002
2024-10-31,3906.18212890625,4014.308599846557,3897.864763520815,4006.1387847297265,3740372
2024-11-01,3921.684814453125,3936.203375700577,3913.662790294584,3927.2463058287503,154895
2024-11-04,3901.949462890625,3929.2640448975253,3851.848217603721,3904.0658719887983,2269192
2024-11-05,3909.03662109375,3923.4566554269013,3879.261266395641,3879.261266395641,967590
2024-11-06,4074.69580078125,4084.686443814856,3912.87545183105,3940.780715946805,3792017
2024-11-07,4085.769287109375,4139.80777036327,4020.952665320235,4104.274589912992,3724349
2024-11-08,4081.930419921875,4104.323455140882,4053.0408475923055,4089.8048938450424,1648039
2024-11-11,4132.8193359375,4167.860359857493,4053.04078486624,4063.425535563547,1406487
2024-11-12,4131.53955078125,4151.816417459889,4099.00832230913,4149.847798959433,1587640
2024-11-13,4085.22802734375,4130.899880816483,4066.2305702818967,4112.542609268491,1098813
2024-11-14,4080.84765625,4094.7265129104985,4051.8600369763685,4070.118781462719,1825432
2024-11-18,3956.43115234375,4146.894998090364,3927.5908423676865,4146.894998090364,3313944
2024-11-19,3976.16650390625,4067.3133968435627,3951.115881398178,3956.8246828361807,1776233
2024-11-21,4008.944091796875,4028.236409232463,3960.8604880090948,3981.432455552984,2384347
2024-11-22,4177.9990234375,4188.186720017956,3990.389589438143,4007.122846226611,3096553
2024-11-25,4247.39306640625,4260.189087034664,4185.480108874261,4212.843714585579,4052167
2024-11-26,4284.4033203125,4298.085123579749,4242.373120582253,4253.249546195695,2060669
2024-11-27,4264.56884765625,4308.71521363045,4256.202219033572,4290.55499634484,1558993
2024-11-28,4178.29443359375,4271.853320530873,4166.5812490977505,4251.23184853607,2558544
2024-11-29,4203.83740234375,4231.250512031332,4129.817151927626,4153.785179120677,2017425
2024-12-02,4209.5458984375,4220.914958216208,4163.676993000992,4203.000338296886,1670944
2024-12-03,4235.23681640625,4257.137698206271,4198.522271973675,4246.654900345047,2010905
2024-12-04,4286.076171875,4318.115726856116,4221.751465216019,4245.867042233743,3302642
2024-12-05,4394.00537109375,4418.564078323639,4291.588189238375,4331.747813073262,3746747
2024-12-06,4375.74658203125,4394.940611577895,4343.510455484962,4383.128901087652,1842087
2024-12-09,4382.29248046875,4399.271815609351,4346.266664568218,4360.933257388377,2066639
2024-12-10,4363.0,4423.288944687637,4342.871163165953,4356.700516597411,2087828
2024-12-11,4357.97998046875,4378.847047235939,4337.850664985335,4362.310844845357,1635256
2024-12-12,4385.048828125,4414.6271298014035,4356.5528821629905,4360.539142507212,1914642
2024-12-13,4403.701171875,4424.371666662094,4325.448584466717,4365.362613963178,1967048
2024-12-16,4345.92236328125,4404.783863782896,4328.007742805228,4389.034915890042,1646224
2024-12-17,4260.58251953125,4363.393811274363,4250.247272573856,4340.8037221053055,3225027
2024-12-18,4279.62890625,4293.556785484744,4222.2928946144,4244.046224337432,1575404
2024-12-19,4204.87060546875,4295.525583873814,4195.126039979421,4214.812225056753,3015763
2024-12-20,4104.86474609375,4313.24321027579,4087.3442333797852,4261.074819097192,4116989
2024-12-23,4093.052978515625,4150.832123971284,4050.3340530174855,4134.147889868673,2195338
2024-12-24,4113.92041015625,4151.816315358072,4093.0528623167015,4093.0528623167015,1181886
2024-12-26,4103.68359375,4134.049628782047,4078.140577688001,4113.920313335754,1208464
2024-12-27,4099.50048828125,4115.347963377728,4082.1765493053435,4097.679420039338,858100
2024-12-30,4093.545166015625,4133.409691121346,4047.479684808028,4085.8677460209447,1527169
2024-12-31,4030.549560546875,4074.9912673216186,3968.7841551770334,4070.1187442915557,1555429
2025-01-01,4047.9228515625,4069.134524093068,4021.346260950125,4030.1557808587904,763161
2025-01-02,4110.2294921875,4117.365734495675,4032.6661128651804,4055.3542496108485,1720835
2025-01-03,4035.5693359375,4114.36357856104,4028.088729938378,4114.36357856104,1791953
2025-01-06,4030.746337890625,4084.538741733885,4002.5949975020426,4041.081584910857,2085593
2025-01-07,3965.093017578125,4075.3849175960827,3948.605837566856,4050.3835586581686,2669054
2025-01-08,4043.93603515625,4061.259974116957,3954.708497578382,3971.5893051277485,2181277
2025-01-09,3975.4775390625,4072.8256284632957,3962.140100567154,4036.6522632657784,2392472
2025-01-10,4198.71875,4229.576941801279,4104.569664256768,4134.098942416888,7894300
2025-01-13,4223.76953125,4255.119877078866,4161.068839592267,4178.392778567286,4003771
2025-01-14,4166.6298828125,4246.211378062048,4152.8495539595815,4234.498194661013,3441709
2025-01-15,4182.9208984375,4189.663513268121,4141.432357556204,4151.81662842586,1653474
2025-01-16,4140.2998046875,4226.62391813247,4126.0768244014525,4193.1574036432985,2637705
2025-01-17,4124.2998046875,4160.60009765625,4100.0498046875,4159.89990234375,1761466
2025-01-20,4077.800048828125,4145.7998046875,4068.10009765625,4145.7998046875,1287799
2025-01-21,4035.85009765625,4111.0,4030.0,4095.300048828125,1971591
2025-01-22,4156.60009765625,4163.14990234375,4044.199951171875,4050.0,2409223
2025-01-23,4145.4501953125,4191.35009765625,4140.0498046875,4168.0,1822998
2025-01-24,4152.35009765625,4178.0,4104.0,4104.0,1910099
2025-01-27,4065.14990234375,4156.35009765625,4041.050048828125,4102.0,1551782
2025-01-28,4040.300048828125,4102.0,4028.300048828125,4070.800048828125,2468272
2025-01-29,4099.7998046875,4107.85009765625,4054.0,4054.0,1217089
2025-01-30,4100.0498046875,4129.89990234375,4058.5,4099.89990234375,1531251
2025-01-31,4112.39990234375,4128.4501953125,4085.25,4110.0,1492943
2025-02-01,4073.14990234375,4135.89990234375,4056.0,4113.0,437172
2025-02-03,4068.64990234375,4077.0,3998.699951171875,4030.89990234375,1265713
2025-02-04,4107.0498046875,4118.85009765625,4066.050048828125,4083.699951171875,2547132
2025-02-05,4091.10009765625,4150.0,4076.0,4150.0,1693912
2025-02-06,4082.75,4139.5,4051.550048828125,4105.39990234375,2284536
2025-02-07,4029.39990234375,4090.0,4008.0,4090.0,1548940
2025-02-10,4036.949951171875,4052.0,4014.35009765625,4040.0,1339511
2025-02-11,3963.550048828125,4040.0,3955.0,4018.39990234375,1810908
2025-02-12,3950.14990234375,4021.75,3940.14990234375,3971.10009765625,1678002
2025-02-13,3910.14990234375,3984.449951171875,3902.25,3968.0,2277310
2025-02-14,3934.85009765625,3948.0,3900.0,3925.0,1681975
2025-02-17,3904.5,3934.0,3856.199951171875,3856.5,1799806
2025-02-18,3873.199951171875,3924.39990234375,3864.5,3898.39990234375,2149879
2025-02-19,3784.10009765625,3874.949951171875,3768.14990234375,3872.199951171875,4366672
2025-02-20,3779.39990234375,3788.0,3751.300048828125,3761.5,2888572
2025-02-21,3786.0,3817.0,3775.0,3776.10009765625,1833931
2025-02-24,3675.60009765625,3763.199951171875,3670.0,3743.14990234375,2508516
2025-02-25,3629.550048828125,3658.0,3621.25,3625.0,4101954
2025-02-27,3612.550048828125,3638.0,3600.699951171875,3611.699951171875,3823856
2025-02-28,3483.25,3600.0,3457.0,3584.949951171875,7085018
2025-03-03,3493.050048828125,3523.25,3476.14990234375,3485.0,4990439
2025-03-04,3532.050048828125,3551.0,3464.300048828125,3474.0,2797737
2025-03-05,3547.050048828125,3600.35009765625,3520.85009765625,3520.85009765625,2501894
2025-03-06,3601.60009765625,3609.449951171875,3536.10009765625,3557.0,2786513
2025-03-07,3611.199951171875,3625.0,3574.39990234375,3600.0,2051315
2025-03-10,3589.64990234375,3622.10009765625,3582.60009765625,3606.5,1004626
2025-03-11,3575.300048828125,3588.75,3537.64990234375,3558.0,1995450
2025-03-12,3506.199951171875,3569.25,3486.85009765625,3565.0,3174167
2025-03-13,3511.050048828125,3524.300048828125,3484.10009765625,3502.300048828125,1693004
2025-03-17,3497.699951171875,3530.449951171875,3477.35009765625,3489.0,2690906
2025-03-18,3497.699951171875,3497.699951171875,3497.699951171875,3497.699951171875,0
2025-03-19,3497.10009765625,3547.0,3462.75,3547.0,3051244
2025-03-20,3563.14990234375,3578.949951171875,3512.0,3512.0,2845192
2025-03-21,3578.10009765625,3616.25,3465.0,3475.0,4161925
2025-03-24,3628.949951171875,3649.75,3566.60009765625,3600.0,1834751
2025-03-25,3657.75,3710.0,3638.0,3645.0,3135390
2025-03-26,3635.800048828125,3680.5,3625.85009765625,3647.75,1734499
2025-03-27,3651.199951171875,3663.0,3610.5,3614.85009765625,2528474
2025-03-28,3606.14990234375,3660.949951171875,3591.89990234375,3651.0,2051919
2025-04-01,3550.800048828125,3584.0,3525.0,3572.699951171875,2618493
2025-04-02,3543.949951171875,3564.10009765625,3530.050048828125,3544.0,1764313
2025-04-03,3403.14990234375,3502.0,3396.14990234375,3491.0,4537821
2025-04-04,3299.39990234375,3399.64990234375,3295.5,3362.60009765625,5317367
2025-04-07,3274.050048828125,3291.39990234375,3056.050048828125,3100.0,6623955
2025-04-08,3292.949951171875,3349.0,3255.300048828125,3302.050048828125,5557558
2025-04-09,3246.60009765625,3270.0,3212.050048828125,3260.550048828125,2990265
2025-04-11,3231.5,3298.949951171875,3206.0,3289.550048828125,7108961
2025-04-15,3248.199951171875,3314.39990234375,3238.60009765625,3314.39990234375,3512160
2025-04-16,3273.800048828125,3278.10009765625,3229.0,3248.199951171875,2384391
2025-04-17,3298.89990234375,3303.60009765625,3218.0,3245.5,2932346
2025-04-21,3321.60009765625,3354.0,3284.10009765625,3290.10009765625,2432946
2025-04-22,3314.39990234375,3333.89990234375,3295.0,3322.60009765625,2710498
2025-04-23,3413.0,3420.89990234375,3337.300048828125,3365.0,3543923
2025-04-24,3401.60009765625,3412.5,3387.699951171875,3401.10009765625,2252175
2025-04-25,3448.0,3477.800048828125,3405.0,3420.0,2742991
2025-04-28,3443.5,3457.800048828125,3405.0,3435.0,1593296
2025-04-29,3472.5,3495.0,3430.39990234375,3455.0,1578332
2025-04-30,3453.699951171875,3509.89990234375,3366.0,3472.0,2809332
2025-05-02,3431.0,3491.5,3420.0,3472.0,1721761
