Price,Close,High,Low,Open,Volume
Ticker,WIPRO.NS,WIPRO.NS,WIPRO.NS,WIPRO.NS,WIPRO.NS
Date,,,,,
2020-04-30,92.64430236816406,93.44484674907247,89.05400499699263,89.7575083112256,17667854
2020-05-04,92.20764923095703,92.81411889519222,88.81141911123997,89.51492244111397,17140740
2020-05-05,89.36936950683594,94.12409322242188,88.39901803031613,92.88689360922027,13864778
2020-05-06,90.75212860107422,91.21304409859306,87.81681373321992,90.0971383550458,10885580
2020-05-07,89.32086181640625,89.95158439201272,87.91384764781984,89.27234127834666,11402138
2020-05-08,89.2723388671875,90.24269037661345,88.56883550349258,89.85454829220417,8227344
2020-05-11,89.6119613647461,92.15913410398957,89.3208603507493,89.75751557334178,8787666
2020-05-12,90.75212860107422,91.21304409859306,88.59309792086879,89.369374705323,7030818
2020-05-13,92.03783416748047,92.91115195896069,89.83028312332587,92.91115195896069,10560968
2020-05-14,90.24269104003906,90.89768127499458,88.83568430230552,89.63622134218933,10324394
2020-05-15,89.17530822753906,90.24269344354418,88.61735164874008,90.24269344354418,6849030
2020-05-18,88.3990249633789,89.75751861769103,87.13757238688501,88.32625155821006,14454486
2020-05-19,89.46640014648438,90.24268426271001,86.3612784879698,88.42327530580054,11486668
2020-05-20,89.73326110839844,90.19417662943331,88.39902768250033,89.75752137859922,15415706
2020-05-21,91.74673461914062,93.00818709055272,88.98122700198019,88.98122700198019,14258230
2020-05-22,91.69821166992188,92.59578971897385,90.46101209532381,91.72247193671674,9177652
2020-05-26,91.60118865966797,93.73595912840976,90.0971407817852,91.69822233493898,11822268
2020-05-27,97.64161682128906,99.70361369826038,91.0674841211299,91.98932246098654,36165936
2020-05-28,96.71978759765625,98.7332639754353,95.11870616065897,98.7332639754353,24695246
2020-05-29,103.24539947509766,104.2642640923369,95.16721892130259,96.71978721971456,61260422
2020-06-01,104.3370361328125,107.22383007733272,103.5364917830791,104.55536371794209,26749248
2020-06-02,104.72518920898438,106.03516226097837,102.34782357821543,104.36130739436413,12812554
2020-06-03,102.5418930053711,105.50146050227163,102.15375094259235,104.84647771182695,16844202
2020-06-04,104.91925811767578,106.7144069493393,101.95968301989936,102.54189985455311,14794936
2020-06-05,106.13219451904297,106.85995813860211,104.31278547014509,106.73866420200892,14491168
2020-06-08,109.8680419921875,110.28044432176675,104.72518372351901,106.25348430359445,24427392
2020-06-09,105.9381332397461,109.79527916333807,105.35591638824974,108.7278939409194,15690504
2020-06-10,105.28313446044922,107.24809766719322,104.6038913929498,106.73866166497156,14787292
2020-06-11,103.29391479492188,105.59849962038899,103.027074053476,105.28313834239233,12497490
2020-06-12,100.86803436279297,101.64431851559794,100.09175761318234,100.91655489854115,12418688
2020-06-15,103.73057556152344,105.71979167026926,100.9893281656452,102.83299747372729,28511450
2020-06-16,103.05132293701172,105.71978947392599,101.6928368044107,105.50146187427184,15921712
2020-06-17,105.67127227783203,106.13218772674942,102.39633619940662,102.85725164832401,27938908
2020-06-18,105.8410873413086,106.39904389804522,104.14297220924784,105.18610451800183,12408426
2020-06-19,107.7332763671875,108.72788813162474,104.31278586177868,105.76831310636163,22447354
2020-06-22,105.7925796508789,107.58772854506171,105.18610992965533,107.29662011759646,12961806
2020-06-23,107.02977752685547,107.85457485293222,103.34243872378978,104.31279026110235,14850298
2020-06-24,105.86534118652344,108.67936185813173,105.54997992812343,108.67936185813173,16492172
2020-06-25,105.86534118652344,107.70901041296983,104.4583345523163,105.25887153329727,10193692
2020-06-26,109.38287353515625,111.59042472225721,105.91386981485087,106.39904557451285,38389012
2020-06-29,106.59310913085938,109.601197253276,106.10793338843106,107.7332750868436,13374148
2020-06-30,106.56885528564453,107.68476104112037,105.76831822366988,106.54460241961692,11001386
2020-07-01,106.27774810791016,107.90308240692649,105.93812656805557,107.22383932721732,7905234
2020-07-02,108.77639770507812,109.38286737047574,106.52033351107664,107.22383684229905,14359882
2020-07-03,109.06751251220703,110.86266134658948,108.02438018453462,108.77640409443924,10838912
2020-07-06,108.02437591552734,110.25618728836268,107.51494730935767,109.60119707586696,15175628
2020-07-07,109.11602783203125,110.81414302890356,107.70902105875781,108.2912305027608,18235138
2020-07-08,108.24271392822266,110.4745179598512,107.95160551387373,109.96508193633784,14152368
2020-07-09,107.51494598388672,108.9704731908715,106.56884737679124,108.80065872211226,13417996
2020-07-10,107.75753021240234,108.41251299150812,106.49607038100804,107.22383395992154,9097518
2020-07-13,110.42599487304688,111.10523790771168,107.9758560499018,108.6550990845666,24694620
2020-07-14,109.16454315185547,112.41521917840518,108.7278879405258,110.81413773153909,27877134
2020-07-15,127.47993469238281,130.36673647191174,114.01630695607977,114.50148273036096,260735176
2020-07-16,127.0675277709961,130.24543786252863,123.74407827814353,127.35863618641429,104555854
2020-07-17,126.80067443847656,128.01361371030742,124.69015714421333,125.46644123946261,37713024
2020-07-20,131.38558959960938,132.7198229367067,125.66052156662016,126.80068756141752,42789980
2020-07-21,131.65243530273438,136.6254864599112,130.70633672100894,135.12143875841429,65998100
2020-07-22,129.05674743652344,132.38020423216275,127.91658148097568,132.18613689654345,25167708
2020-07-23,129.34786987304688,130.24544805483043,127.38289901999795,130.17265984048808,20736656
2020-07-24,131.26429748535156,131.87076719246627,128.83841865689274,129.54192943970153,44244246
2020-07-27,130.4394989013672,132.55001630318566,129.61469423193384,131.26428876441219,27980494
2020-07-28,133.6416473388672,134.272369802013,130.65780505371305,130.65780505371305,28087614
2020-07-29,134.3936767578125,134.87885248618005,132.137612582181,132.84110850448104,21567278
2020-07-30,137.83843994140625,139.1484056434449,135.89773685122492,135.89773685122492,51694590
2020-07-31,136.31011962890625,141.0890884565408,135.1699537660095,140.5068864969932,33401320
2020-08-03,136.60122680664062,138.1780479977963,135.60662243939026,137.30473756832717,17817526
2020-08-04,136.358642578125,137.47455571939165,135.00015636119699,136.60123046017569,16239042
2020-08-05,134.9759063720703,138.0082549623272,134.58775686868367,136.45568656155982,14690906
2020-08-06,135.6793975830078,137.91120902811795,134.7575666053114,136.18884101206385,20305210
2020-08-07,134.58773803710938,136.7467758538346,134.10256233055426,136.358626404758,14642400
2020-08-10,134.58773803710938,136.4314146058513,134.1996033944203,135.84919783543018,12621492
2020-08-11,135.6793975830078,138.1052763697821,135.02440734930093,135.36403630200496,20157816
2020-08-12,134.0055389404297,136.18882966664415,133.20498716237412,136.04326806773048,17807334
2020-08-13,134.3936767578125,136.74678200167276,133.3262842328486,134.83033195206565,19307912
2020-08-14,134.15109252929688,136.21308943074175,133.85998412310929,135.12144401232976,13163422
2020-08-17,136.79530334472656,138.95432646489667,134.70903881657603,135.16996168380615,29094008
2020-08-18,137.15919494628906,139.4395121622487,136.6740191803756,138.1537993438559,24108414
2020-08-19,135.72792053222656,138.73601620384326,135.48533264923776,138.51768118659763,18745042
2020-08-20,133.03518676757812,135.36402427338228,132.55001105333662,135.36402427338228,19783530
2020-08-21,132.62278747558594,135.33977449861635,132.3074262154101,135.33977449861635,15939272
2020-08-24,132.30743408203125,133.15649165181154,131.91928459486974,132.6955687628038,12309628
2020-08-25,130.9731903076172,133.27777495599298,130.6820819170711,133.10796049430877,15592276
2020-08-26,131.99205017089844,133.2777776883032,130.02709440560773,130.9731929926814,19265334
2020-08-27,132.1376190185547,133.52037287303327,131.72521666807665,132.45298029607707,12380336
2020-08-28,131.99205017089844,133.42332448336614,131.6281683768529,133.2777776883032,15199568
2020-08-31,131.628173828125,136.81956022739365,130.0270997905727,132.93815426349596,41141934
2020-09-01,131.7737274169922,135.55809207895317,130.51226759420925,131.48261902613646,24586106
2020-09-02,132.79261779785156,134.15110406839327,131.57967833972864,132.4044682874183,16863810
2020-09-03,137.23196411132812,139.6578428659693,133.18074362979962,133.66591938072784,49790330
2020-09-04,133.90850830078125,135.60662344227666,133.47185308281738,135.21848876106188,21415428
2020-09-07,135.24273681640625,135.60661861949973,131.72521271983604,134.15109140712585,16651534
2020-09-08,137.08639526367188,139.2211803001446,135.12143949872325,136.916595604924,44589722
2020-09-09,137.23196411132812,140.43412702873223,135.12144663351253,135.75216918716367,45588720
2020-09-10,138.05674743652344,139.1726604944062,136.38290005928158,139.07561942628135,19035804
2020-09-11,142.30203247070312,144.80069926884886,137.06214062766952,137.06214062766952,83871852
2020-09-14,149.04598999023438,149.7009653797962,142.22926210851443,142.27778264273076,76179084
2020-09-15,149.11875915527344,151.01094148489088,146.886947902171,149.0459857592089,56312624
2020-09-16,151.44761657714844,152.10260684061083,147.5176898027638,148.94896427453756,29986974
2020-09-17,151.22927856445312,153.65515717596898,149.04598781408887,149.07024067764883,53623304
2020-09-18,153.55812072753906,154.7710600697787,151.49612384573166,152.3451813852994,36975462
2020-09-21,151.32630920410156,157.43952644330096,150.3802254020658,153.26701214947354,45477692
2020-09-22,151.49612426757812,153.67941508968894,147.4691715626847,153.02442488177797,47020668
2020-09-23,152.75759887695312,156.12956169905516,150.96244254979814,152.83037228342917,44278872
2020-09-24,147.8330535888672,152.05407363413454,146.7414081761688,152.05407363413454,35838302
2020-09-25,152.29666137695312,152.9516515853051,147.590465596623,148.6093228025166,44013790
2020-09-28,151.156494140625,153.80070781585033,150.21041034231007,152.83035634698064,24921524
2020-09-29,151.1322479248047,154.552731080483,150.6470721690268,152.8303630700272,29660738
2020-09-30,152.12686157226562,153.24277476239234,150.21042610398814,151.37484502753736,24786634
2020-10-01,151.88426208496094,154.21311456066798,151.3990863366539,153.50960380306725,18514618
2020-10-05,162.02442932128906,163.01903357381252,152.92738503703615,152.92738503703615,77811262
2020-10-06,160.1322479248047,162.67942057349018,156.71176486198252,162.5338737732636,55159848
2020-10-07,162.67942810058594,163.28589780690544,157.92471152559682,158.6524751731802,35479916
2020-10-08,174.39642333984375,178.4233760055858,168.0891388039563,170.29668246896156,214540492
2020-10-09,181.4557342529297,182.4746063102801,173.32904027235062,175.63362513251482,110861504
2020-10-12,183.15383911132812,184.26973737408684,179.07836591754577,182.9112512449555,105931918
2020-10-13,182.40182495117188,185.1915854496811,180.94629773455836,183.05680035353714,72176286
2020-10-14,170.02984619140625,177.089147376603,168.98670649188512,177.089147376603,148263902
2020-10-15,165.7360382080078,171.87350844892893,164.45032543918066,170.29668727049838,77922358
2020-10-16,164.78993225097656,168.8896730551557,164.28050366161406,166.36675335929345,50488458
2020-10-19,166.51231384277344,168.1133878040665,164.30475542211954,166.14843205098973,25693748
2020-10-20,168.23468017578125,169.56891339995832,165.85732211943423,167.2643287400161,33993548
2020-10-21,166.63360595703125,169.86002151440053,164.52308862641326,169.61743365585565,19934922
2020-10-22,167.11878967285156,168.9381986990197,165.37215404645247,165.44492744622147,19082496
2020-10-23,166.12417602539062,168.40450800296185,165.59047973208789,168.30746692912896,17346096
2020-10-26,164.8627166748047,167.33711600231717,163.35868366985176,166.75491397644836,17390338
2020-10-27,162.07296752929688,164.83847546854375,160.6174401520912,164.13496464700492,19821156
2020-10-28,162.84922790527344,164.88697185744138,162.242758253603,162.8977484386847,17969178
2020-10-29,163.72256469726562,164.95975695184887,160.6659485522656,161.87888794161742,14479922
2020-10-30,165.2993927001953,167.38564261310717,164.20774720489246,164.59588190288872,22991068
2020-11-02,162.4368438720703,165.80882143761497,161.90316236361545,165.80882143761497,9662266
2020-11-03,162.84922790527344,164.69290453018442,161.39370074126435,162.77645450835058,9515596
2020-11-04,166.3910369873047,170.56353678283116,163.74682310643752,163.98941099252113,30763800
2020-11-05,167.57969665527344,169.32633227034262,166.9247064488239,168.81690366887548,11204872
2020-11-06,167.74951171875,169.3263328701193,166.60934577109757,167.94357905302545,10915586
2020-11-09,170.7576141357422,171.1700016853779,168.35598820848338,169.81151548406106,14214570
2020-11-10,166.07565307617188,170.17539408064164,165.51770392570984,170.17539408064164,18099240
2020-11-11,168.23468017578125,168.71985589366383,165.68750765689776,167.14303481054546,15275758
2020-11-12,167.65248107910156,170.15114813491644,167.0460113677658,168.84116763587542,10228848
2020-11-13,166.9732208251953,167.9920927969381,166.26972491608782,167.1430352882171,9455776
2020-11-14,167.60397338867188,168.62283064669793,166.46380738340682,168.42876330261626,1498484
2020-11-17,169.18077087402344,170.0540812030104,166.7548923975183,168.35596626945681,13307668
2020-11-18,167.5311737060547,170.9516714876047,165.83305865045045,169.6902116278782,14815616
2020-11-19,166.22122192382812,169.56893177878374,165.7360461533595,168.695621314496,22113702
2020-11-20,168.016357421875,169.08375000154217,165.9543604706367,166.80341803879364,12362786
2020-11-23,172.64979553222656,173.4018120305926,167.8708113799305,168.84116289079714,20666694
2020-11-24,172.47998046875,175.34251445477355,172.23739259186004,174.1780956069796,20184882
2020-11-25,169.8115234375,174.08106438994406,169.59318841338157,173.64440914809703,13624676
2020-11-26,172.16461181640625,172.91662828000125,168.4530204202322,170.29668228307773,14732740
2020-11-27,170.05409240722656,173.45032249809842,168.76837969124557,172.16460978211742,24804168
2020-12-01,171.19427490234375,171.70370354274135,167.99211183107283,171.12150149748547,21387134
2020-12-02,174.12957763671875,174.80882074074376,171.84926044417838,171.97055438441103,18868154
2020-12-03,174.80882263183594,176.603978889255,173.69292429217936,176.603978889255,21394090
2020-12-04,175.05140686035156,175.82769103130968,174.17809642201684,175.19696847100005,14854786
2020-12-07,173.9112548828125,175.99750470172464,173.4503319941187,175.63362288635236,16784766
2020-12-08,176.4584197998047,177.0891423293814,173.8869795342026,174.80881046450253,23626602
2020-12-09,174.42066955566406,178.42336920471615,173.45031812559083,178.42336920471615,36275376
2020-12-10,172.67404174804688,173.69291375649956,171.14574113856207,172.81960335290495,13794794
2020-12-11,171.50962829589844,174.66327068323463,171.09722594550746,173.40181076702237,11727232
2020-12-14,169.4961395263672,172.01904436842102,168.40449416420472,171.50961578863368,23003678
2020-12-15,171.12149047851562,171.70369248628197,168.59857069236222,169.47188110720606,14463562
2020-12-16,173.88697814941406,174.153833683947,171.3640732448106,171.7036873709595,13332544
2020-12-17,173.15921020507812,174.29937609978504,172.4799671634616,173.8869737796075,8330742
2020-12-18,176.38563537597656,177.4772807972988,173.45032805453224,174.15383880416204,34796162
2020-12-21,171.72796630859375,178.2778390737061,169.01097908919525,175.8762131372759,19330126
2020-12-22,176.70101928710938,177.42878293358612,169.5446767634214,171.7522205685118,16372078
2020-12-23,187.0594940185547,188.0541131342103,180.3398221023258,181.45572034230347,89748866
2020-12-24,185.43418884277344,187.6174798504683,183.7118059417581,187.49618590559638,24480344
2020-12-28,185.77378845214844,187.47190354733513,185.33713324609244,186.04064399379664,9451758
2020-12-29,186.79266357421875,189.4611301967076,185.87083261136402,186.30748782467532,22918252
2020-12-30,186.5015411376953,187.568933628975,185.72525703552714,186.79264952680683,14376870
2020-12-31,187.39913940429688,188.05412964892957,184.94900771134013,184.94900771134013,12789210
2021-01-01,188.2967071533203,189.58241989961516,186.81691226643198,186.81691226643198,10084672
2021-01-04,192.32366943359375,193.07570074984923,188.15115491178136,189.21854751261333,19511442
2021-01-05,197.12689208984375,198.82500713548342,190.91664870263108,191.2077571003041,50313494
2021-01-06,197.1754150390625,202.5123481050166,195.6713673046523,196.4961719737642,44972600
2021-01-07,197.34523010253906,200.37757844461865,195.93822343309182,200.0136966435691,24689510
2021-01-08,208.7226104736328,209.9112821596512,197.58782125389646,197.7091151895956,81986460
2021-01-11,216.77650451660156,218.81424845134214,211.05143697634998,211.53661269353697,94668036
2021-01-12,222.06494140625,223.54472148593464,214.6417437242947,217.33447795646626,44268930
2021-01-13,222.69566345214844,226.79540435546778,219.68756795790824,223.66601492688545,58380386
2021-01-14,220.43960571289062,226.09190025806444,208.62557319950153,219.29943973528998,143103614
2021-01-15,212.77381896972656,222.88973630565735,211.8277351422614,220.6336720323003,50615558
2021-01-18,209.37759399414062,215.90321391016073,208.18892226206427,213.96251086377725,43021174
2021-01-19,208.7468719482422,213.25900061980306,207.5096796756369,210.08110529596485,31355580
2021-01-20,215.87893676757812,217.2859433567008,210.08108114596024,210.5662568529948,48839358
2021-01-21,216.29135131835938,220.00295778638028,214.59323613140737,219.10537965485634,31822754
2021-01-22,215.7819061279297,219.29943017385995,213.69565640945046,217.09188652276248,22797624
2021-01-25,212.14309692382812,218.81426349375982,211.1242248864153,215.9759823918202,14760338
2021-01-27,216.60671997070312,220.63367278171154,212.143097138655,212.50697895192886,59180420
2021-01-28,209.54739379882812,217.64983437267713,207.31558249048754,215.0541412686198,29624870
2021-01-29,202.75494384765625,212.36143262337018,201.6147778689078,212.21587101390227,31264842
2021-02-01,204.5015869140625,205.61748526173767,198.04875510006542,201.881640719146,30163704
2021-02-02,207.82504272460938,211.3182993626527,205.54471069749508,207.65522824490694,26620996
2021-02-03,210.32369995117188,213.45308964462754,208.7226258048953,208.7226258048953,19795332
2021-02-04,208.57704162597656,211.9732717076485,207.7765046394315,210.32367720068547,14386598
2021-02-05,206.46652221679688,210.27515458917517,204.04064361100023,209.59591154082972,17358052
2021-02-08,211.19699096679688,212.3614245728413,206.83040936329544,208.7953799687041,25032680
2021-02-09,213.16197204589844,219.17814847838252,211.14849561329626,213.59862726642592,58949660
2021-02-10,212.99215698242188,215.49080916569866,211.0514539575251,214.44768425109447,21215470
2021-02-11,212.0218048095703,213.71991995106572,210.27516913132578,212.99215631899625,18474052
2021-02-12,214.4476776123047,217.94094887153113,213.28325879469205,213.47732612989606,38561668
2021-02-15,213.33177185058594,215.85467673256105,211.92475040531335,215.70912993785814,15689754
2021-02-16,212.28863525390625,217.2616864984697,210.4692262619928,216.38837610490654,24907596
2021-02-17,208.7226104736328,212.99215108768703,207.89780578832324,211.48810332374,14780384
2021-02-18,210.0568389892578,211.85198031294718,208.31020339363408,208.77111145497577,16771472
2021-02-19,208.601318359375,211.41533176961065,206.73338877202036,210.15387186604718,16957332
2021-02-22,203.14308166503906,210.00831520186546,201.83310128701524,208.96519035601065,21332174
2021-02-23,201.59051513671875,206.68486028457806,201.0082983401224,203.62825911841776,17984706
2021-02-24,205.27784729003906,206.58781283231764,201.22662712208424,202.6579013990942,10120594
2021-02-25,204.404541015625,208.14040027647636,203.99215346624908,205.27786626425487,18220784
2021-02-26,199.06759643554688,203.70103354877267,197.95169817720128,202.77920262148,23463882
2021-03-01,201.05682373046875,203.1430882966728,198.53391876585331,199.40722917545315,12843392
2021-03-02,208.81964111328125,210.12962156883245,202.92475867607882,203.62826944042834,29750468
2021-03-03,211.29403686523438,211.8519860104894,207.7765127153539,210.08109750320662,17564904
2021-03-04,212.89511108398438,215.56357768274455,207.41263108545076,208.09187416749378,25927594
2021-03-05,204.18621826171875,213.47733095448265,202.31828865458925,213.47733095448265,87862344
2021-03-08,202.269775390625,206.27247548993705,201.61478514036878,206.24822262401216,24709676
2021-03-09,203.38568115234375,205.13230201435866,198.94631117662058,203.6767747584203,23811258
2021-03-10,207.0244903564453,208.96519328059708,205.2293342290496,206.7333819565449,34582736
2021-03-12,206.29673767089844,209.98406157669828,204.79268986385424,209.35333901554543,17920252
2021-03-15,206.8546905517578,207.94633602397215,202.70642887350976,206.1026592315099,15034204
2021-03-16,208.28594970703125,211.02720462064295,206.51506112848148,207.29134531269747,21347294
2021-03-17,203.60398864746094,211.29402679758283,202.65790487399113,208.14038460657412,24269624
2021-03-18,198.9948272705078,205.78728764657754,196.15654622351525,205.3506324408222,20165862
2021-03-19,199.16465759277344,200.69295833774942,193.80347114894653,198.41264105669646,33750804
2021-03-22,201.0811004638672,201.95441091282643,199.01910347556804,199.4314910281165,13245968
2021-03-23,201.59051513671875,205.42340042954478,200.23202901984487,202.65790766168263,23150388
2021-03-24,199.40724182128906,201.56627992414835,198.53393135630637,199.57705630236612,10280694
2021-03-25,193.90048217773438,199.74685874810598,192.97865122993133,199.26168300648453,25474258
2021-03-26,195.9624786376953,197.80615533553214,194.38565748098162,196.39913384289216,18066738
2021-03-30,202.85198974609375,203.99215575196456,196.4961842809147,196.4961842809147,26339126
2021-03-31,200.93551635742188,203.67675614430482,200.5473817138657,203.67675614430482,14890268
2021-04-01,202.0271759033203,205.1565653601617,201.03257155528877,203.21586239316267,15193886
2021-04-05,206.41802978515625,207.60670149472605,201.93015407536885,202.0514480134712,42432790
2021-04-06,207.24281311035156,208.09187065015104,204.9139754951712,207.63096258380725,16641040
2021-04-07,212.50698852539062,212.99216429827965,205.42341927993303,206.19970347783337,27735300
2021-04-08,214.49620056152344,216.36413014745838,213.47732853225085,214.42342716080157,25833228
2021-04-09,218.3776092529297,218.98407894380853,213.4773311893509,214.88433791091202,23398770
2021-04-12,209.88702392578125,218.37759920751682,208.33445566599428,218.32907867320068,30172534
2021-04-13,203.26438903808594,212.2886462607605,200.1835200240963,209.59592673567036,40840640
2021-04-15,208.96519470214844,210.78460370591782,201.34792975047858,203.2401121531211,53517782
2021-04-16,227.6444549560547,229.80347803769305,211.53661504391684,214.30212258516545,218723272
2021-04-19,229.36683654785156,231.8897563784956,223.71454200350803,224.63637297018568,87619710
2021-04-20,228.0811309814453,231.69568156102426,226.96521783373936,230.94366504488343,35461382
2021-04-22,236.1107635498047,239.91939595136176,228.80887481297066,228.80887481297066,85241858
2021-04-23,230.798095703125,236.45038987437556,230.1431055204815,234.60671325632762,27192006
2021-04-26,233.0299072265625,234.75229002603058,231.42883317120408,232.59325201204555,18629288
2021-04-27,235.33448791503906,236.28058653522012,233.36953208098743,233.56359941665855,14418934
2021-04-28,237.396484375,239.28868161181427,233.49082557878307,235.72263695078786,19231068
2021-04-29,237.66334533691406,239.09460492303708,235.64986892520238,239.04609919289547,15282266
2021-04-30,239.07034301757812,248.3129348311666,237.3964808120991,238.46387334985215,58231142
2021-05-03,236.45040893554688,240.64717628652394,234.46118536383608,236.74151735201,17199462
2021-05-04,233.8304443359375,236.91129831492708,231.81695325145472,236.4261225945964,16204858
2021-05-05,238.02723693847656,240.64718314857427,234.485444915561,235.21320857427645,23713182
2021-05-06,248.55551147460938,249.76845075529044,236.40186580474017,239.5312550714524,48827088
2021-05-07,249.98680114746094,250.61752368971227,246.22668914572813,249.3803314697621,29333162
2021-05-10,255.17819213867188,256.41538438105806,249.01645417895563,251.1269568505098,25088944
2021-05-11,251.51512145996094,253.89246487499634,249.40458917295666,251.29678644919804,15298998
2021-05-12,246.27520751953125,253.52857591730947,244.9409742403051,252.26713084387916,15742214
2021-05-14,241.8358612060547,246.6633510885385,239.07035347766913,246.2266958699484,13599758
2021-05-17,242.49082946777344,244.38302670308494,240.16199183315882,241.83585406243023,11505300
2021-05-18,246.49354553222656,249.76848199973918,243.02454171680594,243.55823802834516,18761492
2021-05-19,248.2401580810547,251.22398584470687,245.08651585145407,246.61481643221364,14980792
2021-05-20,246.590576171875,250.83586400562592,244.33451188435944,250.35068825319723,12584608
2021-05-21,248.74960327148438,250.3021715336468,247.02722054214973,247.43962287488554,10395006
2021-05-24,249.8170166015625,251.5636375339285,247.26982899468481,248.3614744806083,14873624
2021-05-25,251.1027069091797,254.6444840098521,250.20514360456878,251.0299483133556,15909128
2021-05-26,255.8089141845703,257.36148250710806,249.74421730963977,249.81700551725,17646380
2021-05-27,262.43157958984375,264.42078835437087,254.7415260507699,255.808918641912,58822252
2021-05-28,261.36419677734375,262.1404661747931,258.4288892514655,261.50974358776807,11757252
2021-05-31,261.5339660644531,262.26172964478985,257.65256030265726,261.3641664074849,10772410
2021-06-01,263.3533935546875,265.3911376456374,261.8251076960586,262.9167531434127,11930088
2021-06-02,263.4504089355469,264.42076034967414,258.59865186491066,262.9409803656851,9427136
2021-06-03,261.5339660644531,266.7981403965543,261.17008427428476,264.7603964490563,11275982
2021-06-04,262.5771179199219,264.6633676913588,262.2132361128302,263.69301620578096,9543432
2021-06-07,265.9975891113281,267.42886341122653,263.30486978159354,264.2752212238601,8696866
2021-06-08,267.13775634765625,269.5151293699278,266.4342751997391,266.84666274250276,10859468
2021-06-09,264.03265380859375,268.423488502298,263.06230229118825,268.30219456262233,12413798
2021-06-10,268.9086608886719,269.5151305794447,264.6876259183374,264.6876259183374,11441488
2021-06-11,268.9328918457031,271.18897075670253,267.5744057715937,269.27252076742434,11224718
2021-06-14,272.4747009277344,273.05691777501846,268.30220114562644,268.7388711842843,11904318
2021-06-15,270.6795654296875,273.6391256886557,270.2428954052859,272.4261863017379,7674490
2021-06-16,269.3938293457031,272.93560632134427,268.5447718016149,271.6499083793912,10994538
2021-06-17,271.06768798828125,272.4261741183195,266.628318185588,268.05959252069727,8798696
2021-06-18,266.7496032714844,272.64450007786706,264.93019433282007,271.6984015072065,20014232
2021-06-21,263.03802490234375,264.299469912253,259.6660477711789,264.299469912253,10781642
2021-06-22,270.0245666503906,271.6741760999366,263.110811984746,264.5420864170317,11505842
2021-06-23,262.06768798828125,272.1108021230408,261.21863044269105,271.698414588865,22485404
2021-06-24,266.3857421875,267.1135058195282,261.60677284895934,262.9167533091657,17337360
2021-06-25,265.63372802734375,267.33184318368296,262.2374977146654,266.77387921577446,10079644
2021-06-28,265.5852355957031,267.23481549108243,264.05692003335633,266.72538684122674,6519660
2021-06-29,263.25634765625,268.6660690635434,262.4800783085814,265.779267455339,15855760
2021-06-30,264.73614501953125,265.876296123124,262.9652417860095,264.34798075102844,8586644
2021-07-01,261.67950439453125,264.8574289494395,261.02452903852225,264.42075897025023,8658748
2021-07-02,261.3156433105469,263.1107994820365,258.889764595771,262.04340692497965,8314614
2021-07-05,260.2239990234375,263.40192384387103,259.8358643499366,263.40192384387103,6878338
2021-07-06,258.40460205078125,261.17010984942897,258.0407202249797,260.32105225589197,8386882
2021-07-07,258.186279296875,260.24827617119615,254.76576667395614,259.1080954259643,10755374
2021-07-08,257.6283264160156,260.5151280865473,256.17279914812855,259.0353479534177,9131020
2021-07-09,255.10540771484375,257.60407471444836,253.86821545410655,255.88170669555714,11449216
2021-07-12,255.12965393066406,258.1862848175911,253.84395597273235,257.5070269287679,7731112
2021-07-13,254.64447021484375,256.90054920595566,253.5528248216173,256.17278561047135,8344716
2021-07-14,272.5232238769531,273.2994932295046,255.008361587026,255.32373766868744,58696166
2021-07-15,279.4127502441406,281.23215946274865,271.21326752050174,272.1836191037593,62132402
2021-07-16,280.3102722167969,285.889792996534,275.72535574045764,281.40191758674547,73815654
2021-07-19,278.3938293457031,283.3426277390431,276.55016748502493,277.78735968016576,21715702
2021-07-20,275.6283264160156,280.504366299732,272.4504312373382,279.31567981259326,21047054
2021-07-22,283.4396667480469,283.82780140861445,277.03534120396387,279.99490130516534,24086770
2021-07-23,290.69305419921875,291.9787521325263,283.19708315211864,284.55556929096946,28114910
2021-07-26,286.4720153808594,291.34802553935407,285.40462285349713,291.15394340246036,12199806
2021-07-27,286.95721435546875,288.5097827380555,283.41543716607885,285.72002206768735,7966274
2021-07-28,287.1997985839844,287.8790268839345,282.85746958630443,286.71462282140067,9147860
2021-07-29,286.4720153808594,290.13508621570975,285.2348231932975,288.00030116098526,11668940
2021-07-30,284.8709411621094,287.70920733199404,283.8278014995219,285.6957162112886,6356412
2021-08-02,287.3453369140625,288.8736523662302,282.493579431343,285.3803810561166,9247796
2021-08-03,290.8143615722656,293.0461582168856,288.26718883942016,293.0461582168856,10331214
2021-08-04,289.5528564453125,293.0461274634584,288.3399171760101,292.8035396095979,9018712
2021-08-05,291.5421142578125,298.1404924822852,289.89250489530576,289.89250489530576,22588728
2021-08-06,290.13507080078125,294.2105585568052,289.3102661819699,292.9248310969426,10540400
2021-08-09,289.5528564453125,294.01647887890033,288.9221339478303,291.10542463257457,9293502
2021-08-10,292.9733581542969,295.44777219089906,287.7577189599711,290.3291740669301,14055564
2021-08-11,291.7119140625,294.2590867008836,290.35342791125083,292.0272901390298,8565026
2021-08-12,293.9436950683594,295.4235046892328,291.42080504074534,292.0757804108421,7905016
2021-08-13,298.62567138671875,301.02729724975234,294.01650180398303,294.01650180398303,16729368
2021-08-16,297.92218017578125,301.2456520184812,296.1998120886488,298.9167845968482,7144852
2021-08-17,308.0380859375,309.08119599988373,296.53941509765116,297.7766072991084,23645544
2021-08-18,305.36962890625,310.1243453338679,303.04076161594287,308.4504830737513,13847154
2021-08-20,300.8332214355469,306.6068247741851,299.8386170587974,302.021907959711,12341386
2021-08-23,305.1027526855469,309.0326939527732,302.50707431798537,303.7200136697014,14072750
2021-08-24,307.3830871582031,308.57177365537444,302.79817044784375,308.57177365537444,8967436
2021-08-25,306.4612731933594,311.87096501808253,305.4423863544804,308.08660010470624,12815436
2021-08-26,305.1512756347656,309.7846978475974,303.7200013353108,306.7280967279601,8416702
2021-08-27,308.0623474121094,308.57177602544493,303.3803895942852,305.418133660405,8743108
2021-08-30,306.8493957519531,310.2698787191081,305.9275500216724,308.5475108035823,8743710
2021-08-31,310.973388671875,311.74965799128415,305.12702707414115,307.89250503252157,15591816
2021-09-01,311.507080078125,314.07850559518266,308.2078909460825,312.35613762894064,9450444
2021-09-02,316.0677490234375,318.76046851988553,310.8763625633435,312.9383595058237,9077556
2021-09-03,317.838623046875,318.61492201714765,315.1216506828652,316.81976581356577,7549940
2021-09-06,333.0489196777344,334.1405651813386,318.59068737477594,318.59068737477594,24676832
2021-09-07,327.1297302246094,334.77124783830993,326.4019666423522,334.77124783830993,12812218
2021-09-08,321.28338623046875,327.6877120262717,320.215993662372,327.6877120262717,13432462
2021-09-09,321.35614013671875,322.42353268924325,317.30493454535605,320.6526590026427,11611460
2021-09-13,325.431640625,325.9653221152409,319.1728614834854,321.3561524008354,11177578
2021-09-14,326.7416076660156,327.8332530798144,325.0677454423021,325.5529211817682,7322676
2021-09-15,327.0326843261719,330.1863264693611,325.06772860566286,327.00843146301014,8290832
2021-09-16,324.02459716796875,330.28337588628244,322.6418581922553,329.79820015967755,9315692
2021-09-17,322.7631530761719,327.2025228328149,321.550213756081,325.7469956487059,10815562
2021-09-20,321.4289245605469,325.31033044203275,317.01383721546745,319.1243398184147,9092860
2021-09-21,323.9033203125,324.58257821066786,318.8089749145747,320.4585843171093,7367102
2021-09-22,324.1701965332031,327.2510507702131,321.6715295191272,324.58258408491116,9583304
2021-09-23,327.1539611816406,328.46394146454145,325.74696945115556,326.47473298468117,6462586
2021-09-24,328.22137451171875,339.21061641254295,327.49361093187014,330.162077391315,24253176
2021-09-27,317.2564392089844,329.118962772236,315.84941766918706,328.9734159677551,16798164
2021-09-28,310.3183898925781,317.25642662978055,308.2078872793416,317.25642662978055,16224924
2021-09-29,310.8763427734375,313.66610316508365,304.3749762764909,305.6364509169008,17679132
2021-09-30,307.64990234375,313.78738685009495,306.89788592441454,309.9059812145313,12027918
2021-10-01,308.6930847167969,310.3911999175965,305.7577772208275,307.98957392533833,8417708
2021-10-04,311.02191162109375,312.25910387299615,308.5475271172889,310.4639772708677,10494244
2021-10-05,313.8359069824219,315.1216345033351,307.62566360298683,308.7900971922205,10912148
2021-10-06,308.4504699707031,315.582559115546,307.7954945811138,315.55830625163094,9673198
2021-10-07,311.9437255859375,314.6606976899914,309.008418491985,310.02727562781155,7448686
2021-10-08,320.77392578125,323.87903249243465,312.93832638404353,313.4962902839467,22091966
2021-10-11,316.72271728515625,323.2725897779628,308.0865950320112,314.8548025304667,20422932
2021-10-12,319.7793273925781,321.3804310698804,311.74967459205106,316.3345913866992,18680432
2021-10-13,326.3291931152344,327.3480799438831,318.2752876211515,322.6418693110758,18925882
2021-10-14,343.6257019042969,358.9572427315139,337.19712364770396,338.1674750826614,118377606
2021-10-18,344.3534851074219,349.71467116857474,340.7874552258128,348.84136074989266,21198892
2021-10-19,345.226806640625,354.1540524835756,343.50443861251057,347.91952619024363,21865148
2021-10-20,340.5691223144531,350.66077195276586,337.56102675356186,346.221402012369,16108782
2021-10-21,337.827880859375,343.98961902684033,330.7443265016771,343.96536616103026,15916912
2021-10-22,331.0839538574219,342.2915021830085,329.07046258770447,340.4720930643887,10758302
2021-10-25,323.95184326171875,331.95724286647567,320.60411885461883,331.25373213016894,17621916
2021-10-26,324.1701965332031,329.33730061980265,322.6418810410552,325.57718847233167,12193966
2021-10-27,325.6014404296875,327.2753027229004,321.889863636332,324.17019562905836,12631178
2021-10-28,318.7119445800781,325.8440040245871,317.79009886041075,325.55291043562687,10357542
2021-10-29,313.78741455078125,319.92489959893425,312.57447518259113,319.36693564445574,13522634
2021-11-01,318.0084533691406,318.7362169989673,314.1513002085038,315.89792107497664,8802466
2021-11-02,317.2079162597656,320.7011877676881,315.89793574269726,318.76048466470667,8079378
2021-11-03,316.5771789550781,321.11356040227344,315.46128064530166,319.92490349718554,6871182
2021-11-04,317.1593933105469,319.0758434432639,314.1027920118322,317.79011586222174,1565810
2021-11-08,319.4154357910156,320.7011633439349,314.15129087019346,316.79550456918525,9504460
2021-11-09,319.4639892578125,323.24835431257475,318.61493166674757,321.7200388035464,8284130
2021-11-10,316.62567138671875,319.73080792181366,316.11624278982356,318.2267749952132,8091390
2021-11-11,311.3857727050781,315.2429256206057,308.9598940931458,315.2429256206057,12067796
2021-11-12,320.240234375,321.42892083498276,313.3264802287381,314.3938727563303,12126506
2021-11-15,319.68231201171875,323.127047975354,318.833254453225,320.9680099754857,9435996
2021-11-16,320.91949462890625,324.46127155850354,317.62030556589474,319.4397145652882,11327094
2021-11-17,321.08929443359375,324.0973899031544,319.24563256927485,320.91949477201865,8854994
2021-11-18,316.0677490234375,323.1027974154289,313.0596534436167,321.8656051724963,7842498
2021-11-22,312.4774169921875,320.43431065672456,309.54210980452734,319.24562421846235,11582434
2021-11-23,311.8709411621094,314.8547836303849,303.7442480014558,311.82243543611116,9134924
2021-11-24,308.8143615722656,314.1998004945579,307.16475219479696,312.59872645923673,7985552
2021-11-25,308.911376953125,311.3857612007681,307.1162209240628,309.0569237419084,6661362
2021-11-26,301.512451171875,307.79548254455267,300.63914081564855,306.6310489944005,8277074
2021-11-29,305.9517822265625,307.0434275431836,293.02186768847065,299.135069616439,10376060
2021-11-30,309.1782531738281,313.18095319530175,305.90331679262243,305.95182252352896,26850200
2021-12-01,307.98956298828125,313.39928449526366,307.2375464914736,311.7739279502633,9453644
2021-12-02,313.8116760253906,314.4423985915986,305.17555340949013,309.00845376324213,10210456
2021-12-03,310.8763427734375,317.28066820377165,310.46395525630453,312.8170456545826,13405010
2021-12-06,302.99224853515625,312.55021650117453,302.3372731336338,309.1782391978035,9409906
2021-12-07,306.8251647949219,307.86827491916193,302.2645007712396,304.6903795896284,8557090
2021-12-08,311.3372802734375,316.81976024797564,309.6634180371676,310.02729984449684,15360658
2021-12-09,312.0650329589844,314.19978838621955,309.46932505660953,311.361522233564,6865604
2021-12-10,309.6634216308594,313.37502795380215,308.13510617722943,311.5556188960415,8525212
2021-12-13,313.1324157714844,318.5421071822807,310.6094961513508,312.21057007533597,13123680
2021-12-14,313.86016845703125,316.2860469282936,310.1485625508902,313.4234984870943,8609412
2021-12-15,308.7658386230469,313.76314259334646,308.25638042918575,313.76314259334646,7123544
2021-12-16,312.5987243652344,315.31572628564265,310.22138099925155,312.45317756532154,12437240
2021-12-17,325.45587158203125,328.3669259425374,315.4127281157298,320.2159796556755,104600018
2021-12-20,323.1028137207031,328.70658800697464,321.6715392599619,323.8790831166411,26298202
2021-12-21,335.1593933105469,338.2159945321266,325.552919637249,327.9787983230705,27362096
2021-12-22,332.6607666015625,337.6338180655071,330.5017285800261,337.6338180655071,12327754
2021-12-23,336.9787902832031,340.5933553184685,334.33457668759144,334.8197524074183,12944908
2021-12-24,338.8710021972656,340.78745229661985,334.8440494698388,338.531373256037,13182426
2021-12-27,339.428955078125,340.10821299769697,335.3292435332117,339.5502490199929,10188656
2021-12-28,342.2672424316406,343.26184680725447,340.37504514123145,341.0785559088338,10158044
2021-12-29,341.4181823730469,344.4747836860151,339.6472790343386,342.1701988655805,7898416
2021-12-30,346.4639892578125,349.27803228201714,341.56372605581595,342.09740753266715,18087350
2021-12-31,347.0704650878906,348.74432736805977,344.03811661395304,347.28880010056974,8549558
2022-01-03,348.69580078125,352.62571232330436,347.3858203963064,348.35617184992736,9280810
2022-01-04,350.0542907714844,350.83056009786975,345.2267863136882,350.66076043671563,10228800
2022-01-05,346.1728820800781,349.7389118373342,341.0785369338401,349.32652431346355,14711264
2022-01-06,342.41278076171875,345.56642309250327,339.59876737372804,342.43703362632317,12883220
2022-01-07,345.2025146484375,350.05427170604025,343.3103175508624,343.5043996782765,13120326
2022-01-10,336.4693603515625,343.98958397874236,334.77124533897353,343.98958397874236,27537820
2022-01-11,336.78472900390625,338.8709786223479,334.2860622666723,337.19711650992343,15487458
2022-01-12,335.4262390136719,340.47207860005904,331.47207446485737,339.62302104744043,23460682
2022-01-13,315.242919921875,323.127025268132,314.3938624230473,321.7685391925628,61505934
2022-01-14,310.4154357910156,315.0003525047453,308.8143617547484,315.0003525047453,26514548
2022-01-17,313.7389221191406,316.1648009583429,307.14051390884316,310.26990353396985,20457876
2022-01-18,307.2618103027344,315.3642516128827,306.21870016122074,314.83057010911097,14329980
2022-01-19,301.366943359375,306.46128897782427,300.3238036019142,306.14591288014196,17382766
2022-01-20,298.4801025390625,301.9733735715636,296.19977078084816,301.12431607956285,16827124
2022-01-21,293.5555725097656,296.44237405528156,291.4935756362223,295.95719832033024,19646694
2022-01-24,277.8843994140625,293.77390457479675,275.79814969719314,293.77390457479675,26150716
2022-01-25,273.0083923339844,277.5205207523323,267.1862835070124,272.91135126431277,34712370
2022-01-27,264.29949951171875,270.19439693565977,260.6364283873475,269.27255113171896,31351744
2022-01-28,267.8898010253906,274.10004467542876,265.2213344121668,266.89516705205784,29899780
2022-01-31,277.8116149902344,278.6849550065188,272.9356047589385,276.0649941832193,26252174
2022-02-01,279.7765808105469,282.56634110110656,274.8277827203903,281.3534018443415,20920202
2022-02-02,285.2833557128906,286.2537072629345,278.97607063760563,282.3723010627591,16368826
2022-02-03,280.5528869628906,285.6714853766228,279.53402969840926,283.68227657919584,14082780
2022-02-04,277.39923095703125,280.33453827853356,275.6040747860438,279.9464036068335,13633558
2022-02-07,270.2428894042969,278.3938359808297,269.56363151759524,277.47201983490874,15091358
2022-02-08,271.8197021484375,274.5124215215963,269.0056888430393,272.3776660818492,13953814
2022-02-09,276.04071044921875,276.9140207550637,273.2994559982992,273.83316701665206,10207476
2022-02-10,278.3210754394531,278.8547569090006,274.7065102494387,277.714605763705,11603824
2022-02-11,272.4019470214844,274.6094908932114,270.29141461532646,274.6094908932114,15442458
2022-02-14,262.8197021484375,270.315673193182,261.9948974745733,266.84665483521354,16241546
2022-02-15,273.32373046875,274.24557618338434,263.57171032573825,264.7118614245128,13676992
2022-02-16,273.5906066894531,276.6957136017017,270.5097230284345,274.1970763534989,14607822
2022-02-17,274.0758056640625,277.71462395693226,272.25639651762765,277.52054180286757,14228840
2022-02-18,272.8870849609375,274.4639060239204,269.4423196402942,271.2132228330621,13411838
2022-02-21,276.9383239746094,277.86016978398976,269.46663487399303,269.63643454861517,17534002
2022-02-22,273.7119140625,276.0650046294323,269.80622554404044,269.87901375241074,21490124
2022-02-23,275.1431579589844,276.98684951246815,272.98414954617687,276.16204480897983,14408512
2022-02-24,260.6121826171875,270.1944042922289,257.70112793109894,265.87632799608576,26953888
2022-02-25,269.3938293457031,271.0919444338796,265.633717364741,265.8763052344805,15922624
2022-02-28,269.6606750488281,271.74692484447513,263.9841128697681,267.33183737897156,18316874
2022-03-02,269.3695983886719,270.8736314582664,267.04076057232766,269.27255731032847,16354110
2022-03-03,276.33184814453125,279.4369848531828,271.8682252306364,273.1539528395574,25911326
2022-03-04,279.12158203125,281.40191380706926,268.81159812021514,272.18357525132046,26948372
2022-03-07,277.44775390625,281.2321486253456,272.79007833121113,273.1539601609104,21112334
2022-03-08,285.0165100097656,286.6175841169789,277.52053849329144,277.52053849329144,22039998
2022-03-09,284.07037353515625,289.35880053232967,282.44504677848516,285.2833127902167,23527232
2022-03-10,285.4046325683594,289.407332472633,283.63372925044854,288.6795688536742,16161966
2022-03-11,284.4100341796875,286.25369613051487,282.56637222886013,284.79816886205464,9927188
2022-03-14,290.2078552246094,291.4935530549647,284.31295865650213,284.5070407805583,15006442
2022-03-15,285.1377868652344,292.9005986656136,283.488177512543,292.9005986656136,13853244
2022-03-16,290.2563781738281,290.83859496777256,287.46661774842147,288.8008509953551,11150296
2022-03-17,291.68768310546875,296.4423997983363,290.62029047332805,293.53134513583217,16881290
2022-03-21,291.10546875,298.86828125,290.1351171875,293.5798533892631,15592952
2022-03-22,295.9814453125,296.44236817411485,289.23752049813595,292.7550445067486,15580500
2022-03-23,296.5394287109375,298.38309066566563,294.8413135608077,297.8736620431823,11393836
2022-03-24,296.22406005859375,297.80088130900526,293.9194751541462,294.5016919999308,7751490
2022-03-25,292.73077392578125,297.89790745558605,289.77121372613806,296.442380220461,11986194
2022-03-28,291.2025146484375,295.47205567154583,289.6984519340013,294.98687988226584,11476810
2022-03-29,292.3183898925781,293.7011289374153,290.6930629723114,292.56097776800766,9402006
2022-03-30,291.49359130859375,295.61758527740994,290.8628687418011,293.579841158498,15488764
2022-03-31,287.1755065917969,292.7064917640076,286.3507019852255,291.1054178881775,14476178
2022-04-01,291.978759765625,292.755058731532,285.9140629043717,287.0784965468434,8567994
2022-04-04,293.8224182128906,294.259088226846,290.6202701531422,293.53132461210527,8855948
2022-04-05,293.1130676269531,298.176429005975,292.5749134162008,296.1951149819796,12862488
2022-04-06,290.37347412109375,292.55048621950465,289.1259822002128,292.55048621950465,8235902
2022-04-07,284.1604309082031,289.61518837624095,282.52157312040396,289.61518837624095,15721530
2022-04-08,285.5302429199219,287.1691006305659,283.9892042862751,286.67988580836726,8636632
2022-04-11,279.39056396484375,285.82375061211496,277.9229195457828,285.70144691052656,17164216
2022-04-12,273.3243103027344,277.8740018971478,272.10127332255325,277.8740018971478,16338532
2022-04-13,273.5689392089844,276.65098666951616,271.31853307292516,273.96030510155447,11204576
2022-04-18,263.4910888671875,268.99475556626425,262.2191422848998,268.99475556626425,18930062
2022-04-19,259.5039978027344,266.89112937234415,257.3514407293014,266.1328524007832,13286008
2022-04-20,262.4637451171875,264.44505912244654,259.94427690626526,262.21913771260483,8660976
2022-04-21,263.7846374511719,265.3990403885875,262.87957211675337,264.6652181570983,13388782
2022-04-22,263.0508117675781,264.59182051790043,259.60185329670145,261.72992579637145,9782424
2022-04-25,258.96588134765625,259.84649200741535,256.006137334795,259.2594281873447,9473768
2022-04-26,258.91693115234375,263.0752569242756,257.8651073957227,262.7083458267522,8718740
2022-04-27,253.87803649902344,257.8162098233256,251.70102458083687,257.8162098233256,16275078
2022-04-28,255.63919067382812,257.6449892922078,252.43483966926664,256.3485581137514,13241338
2022-04-29,248.91249084472656,258.55002863122303,248.03191015332084,258.55002863122303,24151260
2022-05-02,242.16134643554688,253.90250262636127,240.98723380239585,252.1902506818675,43822854
2022-05-04,240.57138061523438,246.49088274797566,239.34834360143046,244.60740276078738,17267854
2022-05-05,245.17001342773438,246.41752022420633,242.7973184741171,245.09663418786005,10869532
2022-05-06,237.318115234375,240.15555525517766,235.31233146052747,239.71526489741885,18441782
2022-05-09,236.3641357421875,239.39727357809508,232.18135503056382,235.80154168881873,16675250
2022-05-10,233.67344665527344,236.65765992658274,232.9396244539507,236.29074882592138,14969534
2022-05-11,230.86048889160156,235.77710718054215,226.28632697569662,234.8475870050605,21029342
2022-05-12,231.78997802734375,232.86625661380603,226.09062830413365,229.00146248366687,14573000
2022-05-13,229.27052307128906,234.5785068695971,228.4633216018808,234.5785068695971,16775318
2022-05-16,228.95252990722656,232.05904692074415,227.48488548474435,231.887818752191,7314066
2022-05-17,238.07638549804688,239.22604329325964,229.09929070346362,230.42017666896788,11321450
2022-05-18,235.43463134765625,242.2836388050426,235.11664470163643,240.15555135913868,15390968
2022-05-19,220.70925903320312,231.78997151825453,220.1466649863904,228.04748119941615,22945978
2022-05-20,224.8431396484375,226.11510119686247,222.59274843655515,226.017252258656,12731912
2022-05-23,227.97410583496094,228.85468653799933,223.81577987016013,226.897827260446,14111568
2022-05-24,225.01437377929688,229.73529404446276,224.06039886032326,229.17269995901904,13779460
2022-05-25,217.62721252441406,225.4546495315305,216.82001106898545,225.11219319060865,15481506
2022-05-26,221.78555297851562,222.4459960052313,217.21139119159108,218.18982088164327,11583082
2022-05-27,228.43887329101562,228.92808812626384,223.20426858199892,225.03882421417973,11414472
2022-05-30,232.98855590820312,235.55693368986837,231.4719869940515,231.4719869940515,12291148
2022-05-31,233.869140625,235.19002662156836,230.1266502075918,232.8173317394038,31587004
2022-06-01,230.29788208007812,234.30944967287704,229.19714870847923,234.30944967287704,10514566
2022-06-02,231.96121215820312,233.0864152419703,229.00146836390974,230.8115543044277,10535040
2022-06-03,232.62164306640625,238.7368282153654,232.13242825448953,234.65188154993044,23269778
2022-06-06,231.49647521972656,232.62166341369414,227.0935415273538,230.90941142221584,13791156
2022-06-07,228.78131103515625,230.29787998594355,227.5582739667232,229.93096886541366,4701342
2022-06-08,230.12664794921875,230.90939464581282,227.14243456638283,230.4446345957456,5627652
2022-06-09,232.4014892578125,232.93962853413876,227.11797528760272,228.4877707822049,7402238
2022-06-10,225.50357055664062,228.561163090874,223.22870976745014,228.561163090874,17453098
2022-06-13,218.23873901367188,221.6143183603831,217.7005997138421,220.1711286376104,14130822
2022-06-14,218.14088439941406,221.95676893828966,214.2760903224508,215.2545199586264,13056384
2022-06-15,215.30345153808594,220.46466206753223,214.91207071289708,219.38839838997973,11391596
2022-06-16,206.5954132080078,218.55672156904149,205.34792138467859,218.18981045280918,17944686
2022-06-17,198.2298583984375,204.85871348378328,196.68881971447962,203.51337267881513,41550546
2022-06-20,202.85292053222656,204.44286868472628,197.71616496261208,200.08885980688808,20750838
2022-06-21,207.98968505859375,208.7724317840778,203.83135894221493,205.4702316328358,12187804
2022-06-22,201.18959045410156,206.7911059960519,200.724830413107,206.7911059960519,16202862
2022-06-23,205.00546264648438,205.8615885743739,201.21404782297364,201.80111157395845,19655010
2022-06-24,204.8587188720703,208.4055265420942,203.39107431895698,205.9594522869053,15362102
2022-06-27,207.86737060546875,210.72928024122174,207.42708026065702,208.89472469646356,12447870
2022-06-28,209.01702880859375,209.9220791983763,203.3666036915385,206.44865104090476,12091828
2022-06-29,205.83714294433594,207.81845706498746,204.19827025225337,205.4702318160929,16684176
2022-06-30,203.53781127929688,206.93786010633218,203.0241417118862,206.3997208411657,12123284
2022-07-01,206.4486541748047,207.03571793104862,201.2629740934883,203.0241504325686,8907248
2022-07-04,205.6169891357422,206.32635661820498,203.51337131754184,205.9349907221474,6372716
2022-07-05,202.33926391601562,206.96233526719257,202.0701867920938,206.00837527233972,11513210
2022-07-06,203.53781127929688,204.78531797531707,202.09463657913543,204.78531797531707,10522910
2022-07-07,205.86160278320312,207.4026415034898,204.1004412679939,205.4702368753016,10706024
2022-07-08,205.02993774414062,207.7695437714596,203.7824309728601,207.42708741942533,9535432
2022-07-11,201.16514587402344,203.02415627285384,198.4010701159847,202.90185256425573,16689574
2022-07-12,200.16224670410156,202.95077723476274,199.5996526299231,200.08886746480036,9777472
2022-07-13,198.96368408203125,201.5565167971236,198.30324105319758,201.5565167971236,11956780
2022-07-14,196.3953094482422,200.87162238411733,195.93054936428112,200.87162238411733,13161242
2022-07-15,192.67726135253906,197.69171329682683,191.28299611868482,196.15068958768336,22328354
2022-07-18,198.00970458984375,198.47446465524462,194.04706143793996,195.19671928683795,13632394
2022-07-19,198.44998168945312,199.5017905291166,196.2729847756661,197.1535654484888,12897178
2022-07-20,201.6054229736328,204.24717991959682,199.15934896261967,200.96943477297881,25237412
2022-07-21,202.53492736816406,204.24717916958573,196.95788162946363,200.01547413200234,45382342
2022-07-22,200.99391174316406,204.1982628416695,200.1133161095474,203.3910613747595,15468542
2022-07-25,202.9263153076172,203.3421509191204,199.86872247252379,200.82269740893395,12535662
2022-07-26,198.2298583984375,203.21984078998258,197.78955310036264,202.92630890115004,15186298
2022-07-27,198.939208984375,199.30612010936633,196.63990822555374,198.1075527255191,14084158
2022-07-28,203.51336669921875,204.00258152301495,201.0183681119278,201.45865846741407,15898464
2022-07-29,207.2803192138672,207.5738361536611,204.39393991558453,205.7637503297774,15919784
2022-08-01,209.8731689453125,210.80267416683213,206.74219691667417,208.50337334829956,10365748
2022-08-02,210.1667022705078,211.1695867398326,207.74508279432038,209.84871560435502,16912426
2022-08-03,211.5120391845703,211.83002584482728,209.13934422324172,209.87316648367414,12034938
2022-08-04,213.0530548095703,215.40127998142023,208.9436532940072,213.81133181119955,17789134
2022-08-05,215.25453186035156,216.23296155062587,213.37105172064304,213.37105172064304,12967586
2022-08-08,213.22427368164062,216.6243075856952,212.90628704739822,216.6243075856952,9557496
2022-08-10,210.4357452392578,213.2976548324584,208.55226525538046,212.8084400277968,11329742
2022-08-11,214.49624633789062,216.23295299757154,213.4444225187286,214.2760936944261,9154644
2022-08-12,213.34658813476562,214.52070072865004,212.80844884142022,213.83580295968844,7092398
2022-08-16,213.83580017089844,215.15667122317257,213.59119276162713,214.52069793092778,4774208
2022-08-17,216.7466278076172,217.65167824302742,213.61565583318497,213.90918772164937,10401476
2022-08-18,212.83290100097656,216.1106462596272,212.34368618205266,216.1106462596272,16888260
2022-08-19,211.5609588623047,216.47756192397145,210.85159138809425,214.74085525214832,17253908
2022-08-22,205.47023010253906,210.80266880260316,205.00547003877972,210.80266880260316,12900580
2022-08-23,203.8313446044922,204.73639497561928,200.57806915174172,203.02414316578734,17028776
2022-08-24,203.5867462158203,205.22561886371355,202.7061655036412,204.39394769025978,7429170
2022-08-25,203.1219940185547,205.51914358905222,202.99969031669613,205.12776278531416,8753902
2022-08-26,204.1248779296875,206.69325566277524,203.66011789183975,204.73639643756553,7904194
2022-08-29,197.8140106201172,198.79244023621308,195.19670841113046,198.1319972594181,23519514
2022-08-30,202.31478881835938,203.48891636478078,198.74352649867473,200.16224653267335,19750992
2022-09-01,200.79823303222656,201.38528187068945,198.05862699711105,200.52915591781908,11778706
2022-09-02,199.452880859375,201.92340963900332,199.1593489920798,201.82556070668795,9815080
2022-09-05,198.37661743164062,199.59965453047934,197.6427951723374,199.11043969094388,18018508
2022-09-06,197.86293029785156,199.28165022092222,196.2974369781283,199.11042205631955,18226162
2022-09-07,199.33058166503906,200.01547941777724,196.17514014717045,196.71327942776875,12248532
2022-09-08,201.9478759765625,202.70616792132077,200.38239747738905,200.57808042357925,14064948
2022-09-09,204.07595825195312,205.20116129064323,201.23851828067637,204.00257901521604,14671342
2022-09-12,206.4486541748047,207.62276675764107,204.5162496626823,205.3968452970482,11678424
2022-09-13,206.7666473388672,208.40552002452094,206.2040532636985,207.8673807192784,9408334
2022-09-14,203.66012573242188,206.79111255701616,200.08886348078684,200.08886348078684,17583964
2022-09-15,203.04861450195312,205.91052431783612,202.16803375690552,205.3234754643551,10640314
2022-09-16,196.49313354492188,201.92342114554776,195.78378099899146,201.92342114554776,20192486
2022-09-19,196.639892578125,198.71905545429522,194.2182733740194,198.13199172916336,13584188
2022-09-20,198.0830841064453,200.2845508684006,197.862946388041,198.6212234119648,8989822
2022-09-21,196.05284118652344,198.57229455021405,195.44132265506204,198.57229455021405,19290112
2022-09-22,194.68304443359375,195.8571570207459,193.23985473648597,194.70749920283902,16500324
2022-09-23,192.921875,195.39240396834722,192.57941864038756,194.75643064866935,13966710
2022-09-26,193.14199829101562,195.2945553683652,188.15201625721215,191.77220281420313,18994144
2022-09-27,194.90318298339844,196.37082745605906,191.77221109431946,194.1204362787158,12454694
2022-09-28,194.73194885253906,195.93053110707703,193.41107782533823,193.72906446542447,8921590
2022-09-29,192.16357421875,196.61543204107173,191.55205569726766,196.17514169153472,11883068
2022-09-30,192.87294006347656,194.07152232742462,189.57074007507208,191.99235937176255,13570530
2022-10-03,192.99525451660156,194.70750645781348,191.08731962518155,192.70172262646338,8140834
2022-10-04,198.37661743164062,198.62122485140839,195.19672097465997,195.6614810440795,12591696
2022-10-06,200.65145874023438,202.04572398611734,199.3305876622808,200.2600928496522,11203878
2022-10-07,199.64857482910156,201.43420597016845,198.74352440893975,200.48023108114484,7580186
2022-10-10,201.21405029296875,202.29032887310223,195.5636250713969,195.83268725160448,18714926
2022-10-11,197.83847045898438,204.44287053689325,196.8111163498238,202.9752260751357,22723292
2022-10-12,199.5751953125,200.3823967938133,196.4686781647531,197.76509447469897,12610118
2022-10-13,185.4613494873047,191.9434461402807,184.97213464557063,189.32614375107315,84896212
2022-10-14,184.58074951171875,189.57074675294737,184.06707991173278,189.32613933778228,27864794
2022-10-17,183.50448608398438,185.38796616916161,182.18360006849596,184.58074975433436,16909538
2022-10-18,185.55917358398438,187.9807928930488,185.11888323587758,187.71173071633115,22328480
2022-10-19,184.94766235351562,186.48870102710077,184.45844751863828,186.48870102710077,10198278
2022-10-20,186.63546752929688,187.17360685672733,183.94478582179718,184.43400067770622,11868814
2022-10-21,187.1491241455078,187.51603526193188,185.99948125776697,187.1246693762735,8931540
2022-10-24,188.20095825195312,189.0326145368863,187.8585018860291,189.0326145368863,3472470
2022-10-25,188.17648315429688,189.0570788144211,187.6872683196674,189.0570788144211,5783256
2022-10-27,187.1980438232422,189.30167646136593,186.439766840564,188.8369164205947,11723118
2022-10-28,187.4915771484375,188.7635386486168,186.88005863197162,187.27142451064927,7609676
2022-10-31,189.10597229003906,190.011022643152,188.2253916343701,189.10597229003906,6638382
2022-11-01,191.9678955078125,192.26142739052227,189.1304554774721,189.81535325069376,11540196
2022-11-02,192.72618103027344,193.1664713748485,191.11176319396318,192.18804175150336,6716614
2022-11-03,190.05996704101562,192.62834497400232,188.6167772782384,190.67148559648865,10312476
2022-11-04,191.06285095214844,191.9679013975832,188.66570120749984,190.05996649590992,9023630
2022-11-07,191.52760314941406,193.166475791923,189.61966832619314,192.261425383703,8252598
2022-11-09,191.258544921875,192.94632713783383,190.37794926473606,192.7750989603636,6862546
2022-11-10,190.25564575195312,191.3319243574558,189.32614055428365,190.20672128267537,5494908
2022-11-11,195.53916931152344,198.54783746529523,194.34058703197664,194.95210555630635,28417046
2022-11-14,193.99813842773438,196.9823519314747,193.50892358874913,196.9823519314747,17623428
2022-11-15,194.2916717529297,195.4657843892409,192.75064798466798,194.73196212533986,12462712
2022-11-16,194.82980346679688,196.51760057980113,193.82691905044175,195.1967145844368,11039528
2022-11-17,194.09597778320312,194.70749630173873,193.23985185725326,194.6585718343256,6057616
2022-11-18,192.67726135253906,195.14779024103484,192.1635768297235,194.63412064787087,9546202
2022-11-21,190.1333465576172,192.97080161692037,189.61967694213544,192.67726972393697,7904612
2022-11-22,190.20672607421875,190.50025796762773,188.1031082091503,190.30457501523918,8410828
2022-11-23,190.18226623535156,191.74775967204351,189.81535511078175,191.16069590087108,6717760
2022-11-24,194.82980346679688,195.5636257020767,190.37794558683555,190.74485670447547,13370266
2022-11-25,197.05572509765625,197.83847180183687,193.68014579863208,195.1967147386724,13648550
2022-11-28,198.44998168945312,200.3090068971302,196.66435064588708,197.05571651610805,13679200
2022-11-29,198.20538330078125,200.03993889395701,197.10464994487577,197.15357441329078,9102602
2022-11-30,199.06150817871094,199.59964746909225,196.98234518424124,199.06150817871094,13892346
2022-12-01,202.38818359375,203.68459992301905,201.38528422231397,201.97234799728395,15852984
2022-12-02,201.752197265625,202.48601952648178,200.1133245637811,202.43709505649423,11726622
2022-12-05,201.7277374267578,202.99969896621346,200.8960662468229,202.16802778627851,9947062
2022-12-06,201.238525390625,201.8500439344584,199.50180376834697,200.82268979488788,8832518
2022-12-07,198.76797485351562,200.33346824511827,198.27876003484621,200.08886083578358,6568616
2022-12-08,197.49603271484375,199.59965051061948,197.3003348392492,199.23273938835732,8940712
2022-12-09,192.7751007080078,198.62122398687137,191.40530513513158,198.62122398687137,15423336
2022-12-12,193.90029907226562,194.4628931356586,189.8153522934227,192.21250195243508,10365880
2022-12-13,194.585205078125,195.3679518179838,193.72907909726587,194.87873697177858,6813842
2022-12-14,195.71038818359375,197.8874001646828,195.31902228862694,196.07729930874459,9995152
2022-12-15,193.33770751953125,195.56362903259435,192.77509851918066,195.56362903259435,7766926
2022-12-16,190.67147827148438,193.14200716882448,189.8398070961304,191.47867974776815,18012634
2022-12-19,190.32901000976562,191.038377434327,188.69015239034923,190.03549307650644,8838046
2022-12-20,190.2801055908203,190.7448507007453,187.36927151063537,190.20671142588114,8778558
2022-12-21,190.54917907714844,192.38373471653048,189.74197758175075,191.234076863254,10215214
2022-12-22,190.18226623535156,191.74775967204351,188.83692544526227,190.8427092455076,9093800
2022-12-23,184.75198364257812,188.76355135243395,184.4339969785456,187.85850090122415,12120710
2022-12-26,186.146240234375,186.6843795258449,184.09153200499958,184.92320317633047,7261148
2022-12-27,189.13046264648438,189.49737378136646,186.0239453852189,187.12467878986516,7685840
2022-12-28,189.71749877929688,190.5736247032642,187.49157734884238,188.3477032728097,7676002
2022-12-29,191.1606903076172,191.821133298449,188.2498561660053,188.95922362461198,9485398
2022-12-30,192.1391143798828,193.8758209632066,191.55205064288972,192.26141808095213,8256556
2023-01-02,192.285888671875,192.7017242756586,191.03839679017648,192.26143390150924,5559512
2023-01-03,194.24273681640625,194.5851931596351,191.62544949324098,192.28587755144449,5994422
2023-01-04,190.6470184326172,194.46288799884726,190.10887915285366,194.46288799884726,8926522
2023-01-05,189.27720642089844,191.87005386371416,187.7361827600685,190.79377531316408,9568980
2023-01-06,186.8800506591797,190.20670527496975,186.58651879786865,189.32612462068727,8484754
2023-01-09,191.6743621826172,192.26142594361863,188.39663181770524,188.83692217363054,7347432
2023-01-10,192.285888671875,192.7017242756586,189.49737301582766,191.77221905697613,7879496
2023-01-11,192.67726135253906,193.72907023784958,191.52760353060128,192.26142576635073,7656600
2023-01-12,192.99525451660156,194.65858198784844,191.0383951552165,193.6067730670344,9510500
2023-01-13,192.70172119140625,194.0226072223653,189.08153438573396,193.72907533441307,13621860
2023-01-16,195.0010223388672,196.17513487337618,190.30455727118039,190.79377207136335,23867444
2023-01-17,193.90029907226562,196.68881461981616,192.62833754003915,195.7103849688191,14310032
2023-01-18,197.2514190673828,197.56940571069882,194.70749606155226,194.95210346866477,16080426
2023-01-19,197.34925842285156,197.6427903052749,195.0744124609613,196.71328511897747,9447456
2023-01-20,197.22694396972656,198.32767727159987,196.3218936022561,197.4226269041294,9265614
2023-01-23,199.1104278564453,199.4773389642889,196.90896120938388,198.22984716948122,8815290
2023-01-24,198.9147491455078,200.67592548651552,198.2053816834077,199.7953298511859,9552640
2023-01-25,196.4442138671875,198.5723014161857,195.68593683381732,198.13201104424004,6355554
2023-01-27,194.73194885253906,197.44710000170124,192.84848378062392,196.4442006849355,7410134
2023-01-30,196.7866668701172,198.034158724282,193.2643140953606,194.73195859656718,7261256
2023-01-31,195.1233367919922,196.933422694631,194.56074272670787,196.8111189878452,9566846
2023-02-01,196.86004638671875,197.59386863835635,194.878732279158,196.4197560216666,7029896
2023-02-02,200.30902099609375,200.57808318460252,196.86004743720144,196.86004743720144,10835460
2023-02-03,199.5507354736328,202.04573420887385,198.69460948122233,201.82558155325017,8850236
2023-02-06,197.96078491210938,198.71907688297864,196.4686856001719,198.32769604746963,5958022
2023-02-07,195.9305419921875,198.3766161743621,195.22117450749604,198.3766161743621,6683580
2023-02-08,198.98812866210938,199.40396424635017,196.17514343824428,196.17514343824428,8300976
2023-02-09,199.74639892578125,200.0644004927778,197.42262860184348,198.9881219498304,5277374
2023-02-10,198.5233612060547,199.11042494187146,197.05571679616375,199.11042494187146,5160140
2023-02-13,195.97946166992188,198.44999056165122,195.2945639015896,198.44999056165122,4825356
2023-02-14,198.18092346191406,198.8413664444935,196.41974715158605,197.1535693700851,4638822
2023-02-15,199.30612182617188,199.5262744749238,195.857163193405,197.00682104754463,5227672
2023-02-16,200.52915954589844,202.16803224268912,199.8687165272333,199.99102023699896,11189362
2023-02-17,198.76797485351562,199.59964601711417,197.64278674243658,199.03705196157466,5616244
2023-02-20,199.1348876953125,199.50179881249807,196.7622077479005,198.27876175521288,6497188
2023-02-21,197.03128051757812,199.59965847590783,196.71329385152492,199.30612658045396,5761172
2023-02-22,193.313232421875,195.85715544832394,192.9707910069328,195.44131986693208,6883372
2023-02-23,192.72618103027344,195.0499513857182,192.45710392606279,193.63121648814672,6078322
2023-02-24,192.40818786621094,193.97368130382768,192.04127674142438,193.70461911751164,5106634
2023-02-27,190.9650115966797,192.40818638527446,188.5678619191217,192.13912420102935,5554710
2023-02-28,189.3505859375,192.359268957936,188.6901578887713,191.69882597955612,10061602
2023-03-01,191.258544921875,191.64991081639104,189.47289883780934,189.86427966197726,4542612
2023-03-02,189.83981323242188,190.9650163254273,189.47290210137376,190.15781482305192,4438972
2023-03-03,191.01394653320312,191.50316138929568,190.35350349154763,191.08732577568648,4393936
2023-03-06,192.6283416748047,194.04706171327285,191.82114018133592,191.99236835986613,6727722
2023-03-08,192.0657501220703,192.26143307310997,190.23119446297574,191.60099004990548,4908842
2023-03-09,190.84271240234375,192.6772680555392,190.5981049819177,192.1635835148532,4157054
2023-03-10,190.35348510742188,190.74485098263722,189.13044808531,189.76642136494772,4567396
2023-03-13,188.56787109375,192.06575430738235,187.73619987164327,190.3045778503433,5982520
2023-03-14,185.632568359375,189.39951349404393,184.60521425731932,189.1059816177921,8094852
2023-03-15,183.82247924804688,187.71174326387847,183.40664364106294,187.71174326387847,7687926
2023-03-16,182.40374755859375,184.28722759053383,181.00948234379908,183.62678460145725,7686620
2023-03-17,184.18939208984375,185.09444255350655,182.89297571577933,184.53184845868455,9044282
2023-03-20,179.61521911621094,183.9203185125116,178.6367894710951,183.45555845922095,8184754
2023-03-21,179.24830627441406,181.13178630906796,178.78356115524716,180.52026778675508,7211152
2023-03-22,179.24830627441406,181.00948260460538,178.979244096457,179.95767373215756,5374846
2023-03-23,176.8511505126953,178.5144778497061,176.28855647763075,178.5144778497061,9485192
2023-03-24,176.9734649658203,179.4684635877581,176.60655384287804,177.75621168069418,7906696
2023-03-27,176.72885131835938,178.07419205503894,175.72596692287695,176.9734587250284,6227714
2023-03-28,174.25833129882812,178.09865583409777,173.86695047056645,177.5849862259661,7813096
2023-03-29,175.652587890625,176.48425911681335,173.67127369776506,175.13891826422503,8823840
2023-03-31,178.6857147216797,178.9303221340297,176.753310192254,177.75620954067998,7914212
2023-04-03,180.006591796875,180.22672949928628,178.63678139782874,180.006591796875,4053500
2023-04-05,180.88717651367188,181.93898537224302,179.63968471647257,180.86272174496256,6443110
2023-04-06,179.37060546875,181.22963068762826,178.9792395961709,180.52026324772126,6429614
2023-04-10,182.62388610839844,183.16202539566353,179.8353705956362,180.03105353746403,5624940
2023-04-11,181.1317901611328,183.38218135703266,180.32458868044367,182.7217383529591,6784354
2023-04-12,182.06129455566406,182.69728278741468,180.69149901438092,181.30301754703441,5578210
2023-04-13,180.1778106689453,180.96055736007594,179.05262256458033,180.96055736007594,6724634
2023-04-17,176.77777099609375,177.07130286207402,172.2036096293831,176.09287326190707,13603290
2023-04-18,179.9821319580078,180.47134678525418,175.75042668825708,177.8051349345525,8024898
2023-04-19,176.50869750976562,179.98212564735758,176.31301457165858,179.98212564735758,7475944
2023-04-20,177.51161193847656,177.927447548383,175.628131773361,176.36195405096558,4423266
2023-04-21,180.05551147460938,180.37351305653266,177.90296921732693,178.12312186178892,5299988
2023-04-24,184.89874267578125,185.21672931508596,181.27854115246248,183.45555302016217,17779044
2023-04-25,183.77354431152344,185.36349247794624,183.01526731170546,185.02105106143068,7528552
2023-04-26,183.23541259765625,184.75198158963528,182.6728185168267,184.75198158963528,7008146
2023-04-27,183.1620330810547,184.23831170074504,182.0123752213064,184.1404627608997,8491700
2023-04-28,188.3477020263672,189.8153464577415,185.90162797407672,185.90162797407672,27709406
2023-05-02,189.986572265625,191.84558255039607,189.54628192761615,190.30455890253964,9746608
2023-05-03,188.39663696289062,189.98658518523578,186.90452275028318,189.98658518523578,4828488
2023-05-04,187.71173095703125,188.91029829898937,187.39372938276452,188.22540054220596,6253358
2023-05-05,185.60809326171875,188.0541672765797,185.41241032646008,187.24696583760579,7902194
2023-05-08,186.07286071777344,187.3692770114261,185.70594960091034,186.39084736645782,9613544
2023-05-09,187.02682495117188,187.58943395364696,185.9260915753497,187.1246738897724,5716698
2023-05-10,187.73619079589844,188.12755668758618,186.8800648443862,187.8584945032573,3670402
2023-05-11,188.17648315429688,189.2527617623425,187.41820613248197,188.69016768844898,4049964
2023-05-12,187.4915771484375,188.47000677478292,186.6599059941834,188.1520201321509,4580358
2023-05-15,188.71461486816406,189.32613338685545,187.12466671956645,187.49157783078127,5089694
2023-05-16,189.3016815185547,190.20671699636435,189.08152887659193,189.5707436990411,4059352
2023-05-17,187.02682495117188,189.4973688191417,186.56207981694922,188.93477474631854,5376102
2023-05-18,187.173583984375,188.51892467372608,187.00235581980016,188.44554544023708,4237016
2023-05-19,188.9347686767578,189.9131983127231,187.6138826963441,188.24985598786097,7281582
2023-05-22,193.6067657470703,194.022601331573,188.54338935499425,189.08152864495938,12197390
2023-05-23,194.53627014160156,196.71328206195335,193.75352344385422,194.2182834946062,12725634
2023-05-24,195.53916931152344,195.90608042612126,192.4326522219983,192.99524627845133,8256974
2023-05-25,192.799560546875,195.19671014163146,192.0901930970562,195.19671014163146,13605054
2023-05-26,196.51759338378906,196.93341402483333,193.23984821436846,193.31322744927917,7926180
2023-05-29,195.58807373046875,198.6212115036159,195.36793602526276,197.6427818902976,7959308
2023-05-30,196.90896606445312,197.56940906078597,195.4168668276266,195.6859290081522,7378972
2023-05-31,197.4715576171875,198.03415167001256,195.93053393174452,196.54205245213072,11783582
2023-06-01,199.18382263183594,199.59965823909786,197.66725361516723,198.13201369322215,7065484
2023-06-02,198.1075439453125,200.4802238380435,197.6427839023944,199.94209948896096,6320754
2023-06-05,197.7406463623047,200.45578278076286,197.49603893975342,200.03994717649525,7252860
2023-06-06,195.66146850585938,197.32479586776162,193.50891140612,197.32479586776162,13707400
2023-06-07,197.05572509765625,197.44710591457238,196.1751443864853,196.860042154024,8215860
2023-06-08,195.4657745361328,198.00969756128225,195.07440865364126,197.69171091555143,10615052
2023-06-09,194.3650360107422,195.85715012344582,193.7535175046303,195.41685978497546,12018232
2023-06-12,193.5334014892578,195.58809494226995,193.04418662954262,195.58809494226995,11973622
2023-06-13,193.50892639160156,194.9521161593725,192.9952567750877,194.68305396589426,13016186
2023-06-14,193.94921875,194.2916601615993,192.114663199696,193.8758245842668,18512564
2023-06-15,190.2801055908203,194.4384314598553,189.93764925327463,194.26720329108247,28702320
2023-06-16,186.53759765625,190.13332942966147,185.4857888199918,188.6167605605759,41110648
2023-06-19,185.9750213623047,186.88007181645622,184.4829220487201,186.88007181645622,10629440
2023-06-20,187.12466430664062,188.32324655968088,186.1951591561457,186.7822079687288,11802658
2023-06-21,188.59231567382812,189.44844162046678,187.4182030757969,187.98079714051482,8829264
2023-06-22,187.02682495117188,188.83692580771802,186.6843835253739,188.83692580771802,9356174
2023-06-23,185.87718200683594,187.36928127752466,184.97213157870343,187.02682492212796,6470406
2023-06-26,186.34193420410156,186.83114905626758,185.43688374166396,185.90164382308265,4100400
2023-06-27,187.173583984375,187.9807854120555,186.63544472270442,187.9807854120555,5880750
2023-06-28,186.73330688476562,187.73619131602635,186.29300159333232,187.73619131602635,7140112
2023-06-30,190.37796020507812,190.67149210765933,187.36929179533936,188.34772151750826,9070810
2023-07-03,191.57652282714844,192.7017109197282,190.54916873890318,192.7017109197282,9036924
2023-07-04,193.70462036132812,194.38951814606386,192.26143062270657,192.62834174984914,12617234
2023-07-05,192.70172119140625,193.43554344646083,191.69883674802577,192.79957013060766,12366958
2023-07-06,193.82693481445312,194.19384596193404,192.33482052357232,192.99526357496856,9037242
2023-07-07,193.6556854248047,194.43843210633224,192.35926916490186,193.23984985058837,9065220
2023-07-10,190.7693328857422,193.65569745665726,190.62255947590793,193.65569745665726,5630400
2023-07-11,191.79666137695312,192.1635724865351,189.74196812108485,190.79377698262292,9634838
2023-07-12,191.69883728027344,192.7261914261327,190.9650150231814,192.7017217264384,6848220
2023-07-13,192.89739990234375,195.00103261174286,191.40530065504052,191.69883253654407,13595726
2023-07-14,198.1564483642578,198.37660099566943,191.94342937471168,193.11754190638842,31366784
2023-07-17,203.14645385742188,207.89184357983513,198.52336783991979,199.1104315953539,45759860
2023-07-18,204.10043334960938,205.61698738113006,201.67881396566847,204.49179924232726,17769026
2023-07-19,204.4673309326172,205.9594300956541,202.6083057411842,205.47021529732714,10830990
2023-07-20,204.32057189941406,205.47022974223552,202.85292740125524,204.7364074931561,8255710
2023-07-21,197.98524475097656,202.70616480487445,196.1751439348295,198.13200322594997,23514212
2023-07-24,197.66725158691406,199.5996561910164,197.39818939479196,198.7679849850263,6808460
2023-07-25,195.88160705566406,198.37660557409214,195.68592411747682,198.37660557409214,6458200
2023-07-26,197.03128051757812,197.44711612533342,196.37083748522002,197.3981916544824,5329662
2023-07-27,195.66146850585938,198.9147439943662,195.19670846622222,197.6427825071523,8948358
2023-07-28,195.07440185546875,197.0801855250539,193.99812332164717,196.19958992565876,6760060
2023-07-31,198.1564483642578,198.6212083951709,195.17225003406088,195.56361590140287,6762180
2023-08-01,199.0859832763672,199.59965288177568,197.66724830971143,198.37661579303932,7181804
2023-08-02,197.05572509765625,198.57229403769657,195.1967147386724,198.57229403769657,5399618
2023-08-03,195.51470947265625,196.66436734230413,194.24274789197457,196.66436734230413,6821698
2023-08-04,200.01548767089844,200.57808174351695,195.8326918865047,196.10176900273225,12481540
2023-08-07,201.1406707763672,202.04572118163412,199.62410184452148,200.55362194864247,8822866
2023-08-08,203.68460083007812,204.24719490796605,200.5536288521499,201.7521962477108,15724284
2023-08-09,204.39395141601562,204.73640777124524,201.8255735407491,203.26876327109295,9309388
2023-08-10,204.80979919433594,205.86160816275287,203.29323013469508,204.0515221293419,9901644
2023-08-11,202.07017517089844,206.52203301313938,201.72773375512696,204.80978114532758,7571468
2023-08-14,203.0975341796875,203.61121871022075,200.333473369434,202.1680289863702,5792180
2023-08-16,204.80979919433594,205.56809118898278,202.53495306970103,202.60833231314353,8131780
2023-08-17,204.2716522216797,205.66591751356532,202.77955291874642,204.8097915362244,6340960
2023-08-18,201.40975952148438,203.68460558584718,199.59965860637928,203.0486173236727,10602392
2023-08-21,202.82846069335938,204.17380140415395,201.38527104991934,201.4586502845779,7334260
2023-08-22,204.05149841308594,204.54071321871325,201.92341102267687,203.02414433533835,6350240
2023-08-23,203.14645385742188,204.4673398423229,202.8284672105832,204.12488349671108,6134234
2023-08-24,201.89895629882812,205.47021840883556,201.55649996295298,204.85869990166643,5776956
2023-08-25,200.4313201904297,201.21405196833322,199.15935865685893,200.57807866637367,6598510
2023-08-28,199.6240997314453,201.77665686593846,199.42841679094175,201.28744204985392,3401974
2023-08-29,199.64857482910156,201.50758520863525,199.15935999978726,200.40685184267804,3998562
2023-08-30,199.20828247070312,200.6759269439264,198.93920535948786,200.57807800718422,4018182
2023-08-31,199.7953338623047,200.57808057731725,198.8413739002768,199.59965091596447,22061952
2023-09-01,203.68460083007812,204.3694986174918,199.35504652693695,199.57519917594405,8476130
2023-09-04,212.3681640625,213.54227668722098,203.51337251290704,204.49180218844987,27634648
2023-09-05,211.26742553710938,214.03148631733433,210.50913359922268,213.19981514149774,17973426
2023-09-06,210.01991271972656,213.07750529327052,208.3565853456489,212.19692460395035,13531912
2023-09-07,211.75665283203125,212.17248844443557,208.77243923258285,210.3379327394041,9322650
2023-09-08,210.36236572265625,212.05016276833797,210.01990938799153,212.05016276833797,5748410
2023-09-11,212.73507690429688,214.03149324890265,210.41130640616592,211.83002646119965,8253314
2023-09-12,212.80845642089844,215.98835289615323,208.84581321195816,213.83581057575734,14545328
2023-09-13,213.15090942382812,214.2516428017646,211.0962011464859,212.78399829784928,7445670
2023-09-14,213.51780700683594,216.84446169951406,212.95519803896525,214.47176691608212,14895010
2023-09-15,215.7681884765625,217.08907445071472,214.398392964565,215.15666995698302,19835876
2023-09-18,213.34658813476562,215.76819256034253,212.90629777826544,215.76819256034253,6025196
2023-09-20,210.4113006591797,213.71350075054085,209.89761613162136,212.44153921090103,9102700
2023-09-21,209.8487091064453,210.97389725326863,206.96232964088196,210.31345424115412,8893070
2023-09-22,204.7364044189453,208.77242672827936,203.80689923666537,207.62276890272054,19818260
2023-09-25,202.5838623046875,205.34792308391286,201.5565081848055,204.73640455179878,9301132
2023-09-26,201.99681091308594,203.90474586420112,201.40976204409418,203.90474586420112,6480566
2023-09-27,203.34214782714844,203.78243820277643,200.72484541417606,201.6788203360803,7773994
2023-09-28,198.30323791503906,203.75798038232082,197.64279489665694,203.75798038232082,16876116
2023-09-29,198.6456756591797,200.2111690863275,196.41975415555405,198.1320060597743,12780272
2023-10-03,198.35215759277344,199.64857389848305,197.44710717683031,198.84137241980739,5728104
2023-10-04,198.0830841064453,198.35216122403105,196.00392105348757,197.00682042505838,6905870
2023-10-05,199.01258850097656,200.77376488932143,198.13200777163007,199.5751975038027,8125304
2023-10-06,199.52627563476562,200.48023561571466,199.08598526435438,199.59965487489217,6365004
2023-10-09,198.425537109375,201.06729419313547,197.34925851652915,197.7406393364966,6030450
2023-10-10,199.47735595703125,199.96657080916376,198.71907890808683,198.81691292072185,5128014
2023-10-11,206.03282165527344,207.40263213032762,200.08886448593697,200.08886448593697,19092228
2023-10-12,204.05149841308594,206.39972350823666,202.87738586551058,206.32634427332277,10234398
2023-10-13,201.0917510986328,202.7306237748348,200.113321432799,201.50758669254256,10914054
2023-10-16,200.67591857910156,201.50757478813765,199.67301927307878,201.0672844504537,5277652
2023-10-17,201.26296997070312,202.4615522277939,201.09174180116855,201.40974337158326,5979388
2023-10-18,199.33058166503906,202.36370454992274,199.110429027178,200.08885865384718,4881066
2023-10-19,193.38661193847656,194.0959793977391,190.84270383799839,191.74775423888977,25629102
2023-10-20,191.69883728027344,193.7535306423399,191.28300168199087,193.26431580427857,8429336
2023-10-23,187.44265747070312,192.2614264895131,186.9779123441047,191.20961760024636,8837826
2023-10-25,186.8066864013672,189.6685961516823,186.43977527772813,188.0541782498793,6678294
2023-10-26,185.04551696777344,186.17070515064052,183.48002347629085,185.31457916334745,10995582
2023-10-27,187.05130004882812,188.02972974446246,185.43688209324003,185.43688209324003,6202812
2023-10-30,186.8800506591797,188.02970840701838,186.0973040055671,187.8584802437827,4688744
2023-10-31,186.78221130371094,187.90741434147512,185.485795023585,187.46712399176366,6153536
2023-11-01,186.36639404296875,188.6167703001323,185.97501322415428,187.78511405324844,4241952
2023-11-02,187.68727111816406,188.42109338104987,186.92899408504292,187.7606503585222,4742730
2023-11-03,187.6383514404297,189.1793901755706,187.19806105738337,188.8369338056165,5291528
2023-11-06,188.17648315429688,189.0570788144211,187.36928166308863,188.83692616697707,4939936
2023-11-07,187.5160369873047,189.3261378168458,187.29589927321564,188.2987836954752,5692178
2023-11-08,186.97792053222656,188.7635517381991,186.63546416739794,188.1520331793282,7102052
2023-11-09,186.31747436523438,187.8584981217086,185.75488028647737,187.36928328284998,9231126
2023-11-10,185.55917358398438,186.78221062297624,184.43398547997242,186.0483883995811,10710700
2023-11-13,186.70883178710938,187.32035030791718,185.90163032557336,187.17359183478388,3585902
2023-11-15,191.60098266601562,191.89451454608908,187.98079595751366,188.61676925629652,10792518
2023-11-16,194.2672119140625,195.4413245197401,190.4513272835456,191.60098511959205,13843576
2023-11-17,193.43553161621094,195.19670790656124,192.99524127603613,194.7074930997779,7886928
2023-11-20,195.78378295898438,196.22407332459923,192.3592791136324,192.3592791136324,8610496
2023-11-21,196.00390625,196.95788107999104,195.71037438464498,196.95788107999104,5440248
2023-11-22,195.80824279785156,196.95790067591184,195.24564870891,196.90897620520988,5318582
2023-11-23,196.90896606445312,198.1320031207541,195.93053641941236,195.93053641941236,9677360
2023-11-24,193.72906494140625,197.398176019842,193.50891230483964,196.90896120938388,6250566
2023-11-28,194.14491271972656,195.07441793209327,192.3103570651928,194.2182919599775,8145314
2023-11-29,198.74351501464844,199.8687030970248,194.70749286358173,194.70749286358173,15544086
2023-11-30,202.07017517089844,202.7795426308525,197.66724179652527,199.08597671643338,19825958
2023-12-01,199.4284210205078,202.41263444784445,198.8658269560091,202.41263444784445,9830426
2023-12-04,199.33058166503906,202.04571790718552,198.98812532384434,201.89895943504567,10662472
2023-12-05,197.8140106201172,200.0888564916099,196.71327730200932,199.30610981280296,11165368
2023-12-06,204.8587188720703,205.66592039035217,198.5967747506477,198.98814065961696,22082070
2023-12-07,204.61410522460938,206.20405344213472,203.83135850082033,205.47023118789227,11250552
2023-12-08,206.7421875,207.67169267918263,203.0241518536179,204.88316221198315,15479122
2023-12-11,205.76376342773438,206.54651015286328,204.12489073785713,205.47023153960455,10084242
2023-12-12,206.5465087890625,209.3350243837537,205.54360942204525,205.81268653840925,11903364
2023-12-13,205.2989959716797,207.5738418959195,203.02415004743986,207.20693078137592,9696816
2023-12-14,212.51492309570312,213.29766982410734,207.06018062626933,207.18248433603085,24681376
2023-12-15,218.45887756347656,219.90206729175708,212.07462996880244,213.32212182028758,41567234
2023-12-18,217.82290649414062,221.85892890531784,216.23295827155565,218.18981762242944,20182072
2023-12-19,214.61856079101562,218.85026626003312,212.80845987310752,217.99414027203787,16064694
2023-12-20,211.31634521484375,219.9020592423219,210.04438371049292,216.2329481314934,26449942
2023-12-21,212.31922912597656,213.54226616011238,208.9925743649877,209.82423059040926,10663008
2023-12-22,226.33523559570312,228.12086671940853,212.3192338580545,212.95520715811892,46080814
2023-12-26,229.9799041748047,232.76841986448522,219.3394811778721,222.1035420968919,54628644
2023-12-27,230.39572143554688,232.5727183888155,227.04459699101963,229.19713917557505,25262992
2023-12-28,229.6619110107422,233.55116000387036,228.78131534708245,231.17846506046087,16839956
2023-12-29,230.56695556640625,232.54828469018545,228.0230472740408,230.39574231059854,15961140
2024-01-01,233.42886352539062,236.53538081991775,229.09930910149473,231.398624876569,20347278
2024-01-02,229.5395965576172,233.84468094627385,227.14243202679,233.84468094627385,14282514
2024-01-03,223.03305053710938,226.94676939691266,222.59276015131204,226.94676939691266,19534364
2024-01-04,221.32078552246094,224.96544196821094,220.83157069375096,223.57117672045717,15170336
2024-01-05,223.37550354003906,226.50647559472685,221.85893451880912,222.6172115645979,16889130
2024-01-08,220.31790161132812,225.03882173350277,219.68191337472499,223.81578465886417,10082886
2024-01-09,220.5135955810547,226.26187011921863,220.12222966946624,224.0604032748154,14465048
2024-01-10,221.90785217285156,223.08196479108477,219.6574609456076,220.8560432633854,8874676
2024-01-11,219.26609802246094,223.52225818747246,218.5322757599087,222.5682982039459,8638818
2024-01-12,227.70504760742188,229.44175427452615,222.59274668424177,222.59274668424177,36086734
2024-01-15,241.9656524658203,258.7946392536632,239.2994257303823,250.45353256148798,127844264
2024-01-16,237.26919555664062,242.16134391863324,235.06772879374398,242.16134391863324,25912492
2024-01-17,235.9972381591797,240.4490962330465,230.90940675889715,232.45043053417544,28668932
2024-01-18,236.11952209472656,239.22603908513656,229.1482111397916,235.9972183937628,26144924
2024-01-19,237.29364013671875,241.35413206059803,236.58428761248206,238.73682981339388,15498620
2024-01-23,229.8820343017578,237.75839566251622,228.48776911904122,233.8691319838307,19972336
2024-01-24,234.36790466308594,234.83365589423687,229.46532312040875,230.91159066009513,11708750
2024-01-25,230.4213409423828,235.005257844918,229.71046060807012,234.36791324413957,12852980
2024-01-29,231.89210510253906,233.85313770382905,230.4213306515716,230.4213306515716,10051300
2024-01-30,231.64697265625,236.7456543531052,231.15671451306216,232.57846013600863,11828014
2024-01-31,234.41693115234375,235.27488291382681,229.9310720774592,231.6469756004253,10584480
2024-02-01,231.08319091796875,234.1963332829796,230.71549729127042,234.12278258844634,7828120
2024-02-02,236.86822509765625,238.51059291268322,232.8726241182416,232.8726241182416,16296222
2024-02-05,236.4760284423828,239.98137132334682,234.90719633268964,236.79469325674467,11566604
2024-02-06,244.95748901367188,246.01154107553708,236.84372237203263,237.62813842789458,29024038
2024-02-07,242.77584838867188,245.96252644930695,241.47665228706566,245.59483282692597,9103534
2024-02-08,239.66270446777344,245.17810876684084,237.8242363680843,243.11901851059233,11303840
2024-02-09,240.44711303710938,242.5552170745861,236.67211933856785,240.66772022531532,7893788
2024-02-12,245.8399658203125,250.42386774974077,240.71676194902065,240.71676194902065,48873500
2024-02-13,250.81607055664062,251.50242896893596,241.05993644078717,246.64887631446527,22373576
2024-02-14,252.23782348632812,253.46346888713634,243.6828126040902,247.0656058795142,22594656
2024-02-15,254.1988525390625,256.33146353716904,251.52693961842368,253.43895838588563,14570776
2024-02-16,266.2101745605469,267.1906908572708,255.39998837376208,256.1598825191266,34942644
2024-02-19,262.7538757324219,267.63195057417124,260.49867016627934,267.63195057417124,18602758
2024-02-20,260.7928466796875,263.83245340177774,257.99836904933056,262.6803287168402,10374126
2024-02-21,255.62062072753906,262.9254494758955,254.6891182392798,262.7293641625141,13115574
2024-02-22,260.3515930175781,261.30760242568346,255.64512659411392,256.3069631488879,14596482
2024-02-23,262.8519287109375,265.3522333982447,261.4546749785144,262.2881198486114,19860994
2024-02-26,261.2585754394531,263.0234927787476,257.90028921812524,262.900928243436,8820636
2024-02-27,260.5476989746094,263.46474094244155,258.6356802264887,261.7978512685424,10399260
2024-02-28,253.80665588378906,260.30257651574635,252.4829528647558,259.83682527829234,12789056
2024-02-29,254.24786376953125,257.01783427694994,251.6004877221849,253.6105341612617,14462764
2024-03-01,254.4929962158203,257.4835889142231,253.73310206039233,256.1108720652269,9420630
2024-03-04,255.1793670654297,258.07190211951433,254.22335768836896,256.3805055174812,5662370
2024-03-05,251.64950561523438,255.1793703247848,250.3503244934872,253.83116039511495,10521548
2024-03-06,251.57598876953125,252.40940370975795,245.12908194517956,251.8456247750742,11091922
2024-03-07,252.7280731201172,255.1303499938467,250.27678240120238,251.87012136849702,9707982
2024-03-11,252.2623291015625,254.41947696499173,251.15924824655548,253.659582805028,11131512
2024-03-12,250.44837951660156,256.15988398541344,248.92857625568166,251.37986701152295,11652760
2024-03-13,247.2862091064453,254.29690966345922,243.56024415548237,251.89463274723224,13580480
2024-03-14,253.92921447753906,254.3949657040862,242.75131969383065,245.69286859036055,12825472
2024-03-15,253.46347045898438,254.07629316318886,248.26673093503177,252.36038959141624,13649086
2024-03-18,250.1297149658203,254.22335856305838,249.54139919922164,253.95372256423735,6393960
2024-03-19,242.604248046875,249.54139786355373,241.77080320890315,249.54139786355373,9617386
2024-03-20,241.94239807128906,245.74189875022014,239.83429400176905,243.19255037459885,8385344
2024-03-21,245.34970092773438,247.72744102263184,244.3691846126454,244.95748542480382,11644580
2024-03-22,238.80474853515625,240.59418779543736,235.10329051525466,239.85880056834995,28646502
2024-03-26,235.25038146972656,240.69225004731084,234.85816596416225,238.2654661665731,18273346
2024-03-27,231.54891967773438,235.78966467038543,231.03415460168,235.1768419791343,14320668
2024-03-28,235.37294006347656,236.8191926245113,233.01969197401843,233.70606535104247,15455150
2024-04-01,237.75070190429688,238.46156726307262,236.08381218249602,237.13787920113236,6041008
2024-04-02,235.9122314453125,236.64761868178604,235.12781540077572,236.27992506354926,6932654
2024-04-03,236.8927459716797,239.0989076644402,233.33837435556555,235.3239138944534,13794516
2024-04-04,238.9518280029297,241.18251164340361,235.1278202785343,238.16741194212008,16004046
2024-04-05,237.79971313476562,238.82925825705192,236.57406774192282,238.5105934472111,6414344
2024-04-08,235.27488708496094,241.01091351945118,234.44145719306798,240.22649747417594,26640770
2024-04-09,233.26483154296875,237.89777723886337,232.97068860985775,237.26044760180014,15801250
2024-04-10,234.00021362304688,235.0542806355179,231.94113832935292,234.09827123957635,10771534
2024-04-12,230.78903198242188,235.32392002456186,230.4213383573835,232.87262919097267,13170046
2024-04-15,225.20008850097656,229.6124119353471,224.63629460999422,228.68092442483388,12176472
2024-04-16,219.8072509765625,224.78336835237005,218.0668255162412,222.11145537209083,21439424
2024-04-18,217.84622192382812,223.28809063040578,217.11083466514174,221.84182303705904,21986258
2024-04-19,221.96438598632812,222.52817988830753,214.24281982556684,215.7135943323785,20470106
2024-04-22,226.499267578125,228.53383592879038,220.61616971895293,221.9643796450132,18881740
2024-04-23,226.5482940673828,228.852498395082,225.6168065748452,228.852498395082,10322712
2024-04-24,225.4697265625,227.7984528407894,224.8323969340912,227.4307592179016,5915168
2024-04-25,226.00901794433594,226.7689121285324,223.45966945798085,224.97947278786592,11805090
2024-04-26,227.77394104003906,233.26482338069624,226.30316657998048,226.45023804138972,21478294
2024-04-29,226.96502685546875,229.44082464103695,226.30317533055197,229.2692312884301,7249940
2024-04-30,226.69537353515625,228.82799955490796,226.25414417694702,226.98953142779303,8902956
2024-05-02,224.24407958984375,226.98952828056795,223.28808515389406,226.6953703920097,14937276
2024-05-03,224.21957397460938,226.4992714416261,222.18500558923947,225.71485538805803,9730626
2024-05-06,224.85690307617188,226.79342880124705,223.55772193878212,224.93043880819548,6918126
2024-05-07,227.43075561523438,228.14163592615333,222.57720286229755,226.4012104951589,9278528
2024-05-08,227.08758544921875,228.65640258261476,226.15608297704014,227.97004415166077,8205680
2024-05-09,223.50869750976562,227.67589196966372,222.6017168997247,226.37671080681744,9233484
2024-05-10,221.5231475830078,224.29310313212264,220.76323847528286,223.5822228315882,6654714
2024-05-13,221.57217407226562,222.20950367460128,218.1648739883013,221.523145265588,7111608
2024-05-14,223.72930908203125,225.46971952477898,221.69474075785666,221.9398698321305,4909420
2024-05-15,224.685302734375,225.39618303195977,222.89586349053045,223.72930832483732,4793424
2024-05-16,227.70040893554688,229.1956903424894,223.60675029755913,226.49927045610718,14621472
2024-05-17,226.00901794433594,227.67589274164865,225.5432666949948,227.67589274164865,6876820
2024-05-21,225.95997619628906,227.8719799708285,225.37167539877223,226.9895212938076,8467448
2024-05-22,226.1560821533203,227.21014916152623,224.95495864389858,226.9404981979071,7765884
2024-05-23,228.36224365234375,229.44081758284264,226.3767041001658,226.74439771808701,13171332
2024-05-24,227.30819702148438,230.66646847079647,226.49927403508602,228.9505648796216,8205526
2024-05-27,221.8173065185547,226.572801608804,221.40058409769222,226.49926587841452,40983758
2024-05-28,223.5822296142578,224.17054539540894,222.1359770079567,222.57720636307414,15778126
2024-05-29,221.0083770751953,223.31259645904018,220.3710474387235,222.57720920396102,9756036
2024-05-30,214.2183074951172,220.37104137539532,213.31132691317598,220.12591229711344,20724568
2024-05-31,214.8311309814453,216.76764173010383,213.5074279692551,214.51245120931281,21438004
2024-06-03,217.72364807128906,220.88580417153784,216.4734808080816,220.71422578770768,8964424
2024-06-04,214.80661010742188,218.60611085265256,204.43765300144545,218.60611085265256,17730732
2024-06-05,221.3515625,223.06746608527132,215.24784233350954,215.56652211139632,12267428
2024-06-06,226.00901794433594,226.49927611775098,221.89085227994798,223.04296197977175,15425568
2024-06-07,237.55458068847656,238.46156125862066,229.58788574793908,230.42133058785342,72672440
2024-06-10,232.9951934814453,239.44208537453568,232.0637059579841,239.44208537453568,18311752
2024-06-11,233.38739013671875,234.9317153036479,232.5539602449944,234.9317153036479,9371714
2024-06-12,233.80410766601562,237.48104377408305,233.14225617426524,234.34339462083045,13875116
2024-06-13,236.5985870361328,237.94679695349822,234.41693227616312,235.3239128492345,12995932
2024-06-14,234.0982666015625,238.0693606084632,233.46093699122287,237.77520272619435,11322596
2024-06-18,241.13348388671875,241.6972777898734,235.34842850430528,235.8141797503633,31870984
2024-06-19,243.0454864501953,243.73184489214862,238.6331629442916,241.3295828645661,20880284
2024-06-20,240.42259216308594,243.9034279971526,239.3685401399191,243.9034279971526,12571126
2024-06-21,240.4961395263672,245.5948364681712,239.7852741561196,244.12406195684127,95171176
2024-06-24,240.4961395263672,242.62876556009397,239.95686750807317,240.2755323265629,9934518
2024-06-25,243.5847625732422,244.1485564482441,239.8833045979855,240.4961272798335,9258210
2024-06-26,242.77584838867188,245.08005277869754,242.08947499103397,243.58477136561166,12812090
2024-06-27,250.42385864257812,250.98766748788967,239.83429450380936,241.28054707869632,42137138
2024-06-28,252.40939331054688,253.1202736034965,247.99708497881159,251.0121695702181,16405832
2024-07-01,258.5376281738281,262.6803156018846,252.04170756721953,253.90471250976566,30757528
2024-07-02,263.85693359375,267.19068291896826,259.0033660999742,259.49362423377045,36276968
2024-07-03,264.2491455078125,267.4113165917141,262.533241965554,265.6709061263057,16049384
2024-07-04,260.1800231933594,269.05368431909403,259.3955921483041,265.425791725787,19524632
2024-07-05,262.3371276855469,263.0235010741321,259.56718705393354,260.49865959788985,10376090
2024-07-08,265.3277282714844,266.21018699515884,262.2881216250644,262.7538728723599,12176360
2024-07-09,265.22967529296875,267.16620108793023,263.56278551232185,266.70044983248613,8681444
2024-07-10,262.5577392578125,266.38174674140913,260.69476432200713,265.22965208877457,9233748
2024-07-11,261.84686279296875,264.5187756628934,259.83681637136436,263.1215519214102,8807618
2024-07-12,274.6181335449219,276.89781614513817,265.49931337510213,267.19071009331736,54186042
2024-07-15,274.3974914550781,277.9273561057234,272.6570810140534,277.9273561057234,16099478
2024-07-16,274.3974914550781,275.81922213066923,272.779645551069,275.4515285196225,11239032
2024-07-18,281.0159912109375,281.6043070041031,272.75512302849404,272.85318064785235,25019786
2024-07-19,273.1718444824219,284.3007103627482,271.946199119456,284.3007103627482,26523490
2024-07-22,247.97256469726562,258.2434788585822,245.88896757311,255.42449451413637,76014568
2024-07-23,245.39871215820312,249.0511413775692,238.4370553721817,249.0511413775692,25847632
2024-07-24,245.1781005859375,248.24221398317854,245.05553605004783,246.3547171381798,12240276
2024-07-25,248.4873504638672,248.80601527438333,241.8443434436857,243.16804645535788,21887890
2024-07-26,257.2874755859375,259.1259436802392,249.296273587303,250.03166082502366,26153996
2024-07-29,257.0914001464844,260.10646998310244,256.33147603327836,258.85631761557863,12011554
2024-07-30,255.6696319580078,258.3415449304687,254.81168017291384,257.0913925996427,10816526
2024-07-31,255.91476440429688,257.33652506462545,254.6646120570336,255.8167067858287,7758508
2024-08-01,255.6941375732422,258.26799291535445,253.7085980082094,256.40501789042224,10759752
2024-08-02,246.18313598632812,254.56655364861462,245.61934208561564,252.48295643531347,15652228
2024-08-05,237.77520751953125,243.09451154602942,235.44648126031936,240.2264983187017,21938080
2024-08-06,239.9813690185547,244.81041488078716,238.55962334863892,240.10393355840074,11271584
2024-08-07,243.85440063476562,245.17810362336917,241.5256744240126,244.49174520618232,7079826
2024-08-08,238.90280151367188,242.18753725455517,238.43706522661606,242.18753725455517,13160570
2024-08-09,240.86383056640625,243.3886720862565,240.0549075861641,242.84938511226443,6065948
2024-08-12,239.7607421875,242.18752601373214,238.95181923258642,240.9863875620634,7338468
2024-08-13,240.47161865234375,241.55019254934624,238.82925088433635,239.76073836184332,6289418
2024-08-14,242.75132751464844,243.58477238011324,240.44712311502605,241.69727545173134,11121756
2024-08-16,253.0957794189453,253.6840952055813,244.1240609224444,245.61934235136388,25931140
2024-08-19,254.81167602539062,256.50307264449924,251.84562017265466,252.97320794439935,11466562
2024-08-20,257.2139587402344,258.6601963914301,254.76266791043315,254.88523245192323,9543812
2024-08-21,258.04736328125,258.9053150370936,255.44900109100593,256.60112568835683,6454402
2024-08-22,254.44398498535156,260.10646074753873,253.9782337488549,258.7582508078283,11496506
2024-08-23,251.2082977294922,255.6451281737219,250.69351767521934,254.88523399647548,11277706
2024-08-26,254.93423461914062,257.2874677233362,252.94869512256878,252.97320204514722,17351380
2024-08-27,253.53701782226562,256.5275806103067,252.97320897261014,254.93424160030477,7965796
2024-08-28,262.0920104980469,263.8079141243756,253.8801860006165,254.9342530545551,34375566
2024-08-29,264.1020812988281,265.69542034611095,261.82236884659915,262.2881200911709,25685318
2024-08-30,263.95501708984375,265.7199345753942,262.63131401418855,265.57286310542906,19434804
2024-09-02,261.0379638671875,265.7199233211836,260.7437910167319,263.9550059103839,15735982
2024-09-03,262.8028869628906,265.1561202025228,259.5917019227583,261.30760552375864,15056686
2024-09-04,254.5175323486328,258.97886957611286,253.34090081108624,258.8563050377427,20402128
2024-09-05,257.3119812011719,257.87579004975146,254.68911203582869,255.52255688560513,12069118
2024-09-06,255.22837829589844,259.78780298239303,254.1743412380284,257.31197541196957,14579954
2024-09-09,252.40939331054688,255.79218647121348,251.72304986316774,253.5124741338535,11919540
2024-09-10,257.75323486328125,258.8563157542796,251.992701321401,253.36541822337986,10287272
2024-09-11,252.16427612304688,257.9983602771294,251.62500410876325,257.3855375686326,8261524
2024-09-12,259.861328125,260.81733750835843,253.83115882509884,255.15486182336568,15779474
2024-09-13,269.9361267089844,270.86762916762274,260.25352820027746,261.6997957342759,35919706
2024-09-16,270.573486328125,273.00024024456144,269.1517257167124,271.11275832667025,11088578
2024-09-17,270.573486328125,272.0442607855934,268.19571633476136,269.1517257167124,8728238
2024-09-18,263.8324279785156,269.1762237095757,261.13600822927975,269.1762237095757,16665520
2024-09-19,261.47918701171875,270.3528779786425,259.4201266045174,266.798506191614,20969182
2024-09-20,264.29815673828125,265.10709465510433,260.32707769183617,263.7098708965729,16664232
2024-09-23,262.2391052246094,264.9355251403035,260.81734457259535,264.2981655854797,8544290
2024-09-24,264.5187683105469,265.6708928709406,259.51812939515554,260.91538302078425,12355694
2024-09-25,262.8764343261719,264.4452664403714,260.20452133959526,264.1510935872807,8065196
2024-09-26,265.6708984375,266.25918426800513,262.63129198030066,264.1020664025279,11403400
2024-09-27,265.6218566894531,274.005288913686,265.08258469972867,269.10270746898226,26462384
2024-09-30,265.4502868652344,266.94556826947496,261.79785758659256,263.7588902276906,8199446
2024-10-01,268.04864501953125,269.4458687856937,264.8374601035738,264.8374601035738,9411274
2024-10-03,259.9103698730469,265.916032203184,257.99835112119786,264.78841452118024,14035368
2024-10-04,261.5772399902344,265.69542057753046,258.8808200617149,258.8808200617149,11922754
2024-10-07,260.5476989746094,265.57284499614974,257.8512791581731,263.75888386231424,9878074
2024-10-08,258.341552734375,261.69980928256615,255.0813238833404,260.5967283826952,11502804
2024-10-09,260.400634765625,264.1020779048409,259.10143866688145,259.73876829300747,8841688
2024-10-10,257.3855285644531,263.5627692808069,256.6256344170975,262.2881100609189,12620244
2024-10-11,259.0033874511719,261.99398026765067,255.1058289815961,255.1058289815961,8436982
2024-10-14,269.4213562011719,270.54894394422035,262.9254358136522,264.1020673247355,33136266
2024-10-15,261.2830810546875,271.03920006289246,260.2535210094315,271.03920006289246,21601252
2024-10-16,260.8908996582031,264.1510985664475,259.3465744385718,261.3076071375402,12553622
2024-10-17,259.2239990234375,263.7588869496158,257.41003786836956,262.26360556395906,23755278
2024-10-18,268.98016357421875,273.76018084962016,257.28748797752286,260.8173528731855,74653054
2024-10-21,268.7104797363281,275.47606613692227,268.1712077411423,270.4263832593519,23966964
2024-10-22,267.41131591796875,272.3384043780149,266.62688491826566,269.5439269173523,18478300
2024-10-23,268.2692565917969,271.8481349811635,265.8179659246989,268.4163280472264,12698576
2024-10-24,268.1221923828125,269.8871097416301,267.26424062614063,268.2692638422169,9576604
2024-10-25,266.4308166503906,270.62251814797696,264.98454901989413,269.5194372316129,10124540
2024-10-28,273.8581848144531,274.44650056657616,266.0630983485146,266.4307919532187,11185858
2024-10-29,275.6231384277344,276.2114541934262,271.23532199246887,274.4465068963507,12055630
2024-10-30,277.118408203125,283.7368929633942,275.08382499281254,275.77019834455166,20755492
2024-10-31,270.5244445800781,277.63318784428213,268.80854103354613,276.89780061005416,15680094
2024-11-01,270.3038330078125,272.0442734686782,269.6419964402892,270.47544132297423,1962810
2024-11-04,265.131591796875,270.84311100377874,261.89590009491803,270.13223072779346,9855560
2024-11-05,266.5533752441406,267.3622832776192,264.93552925419914,266.210188537672,6862260
2024-11-06,276.4565734863281,277.4125529083939,265.22965025850374,268.3918212045924,19554884
2024-11-07,276.2114562988281,279.30007668852454,271.8236398301168,277.48611553172407,11997142
2024-11-08,278.9568786621094,283.76140239787975,276.99584612318415,276.99584612318415,20852658
2024-11-11,281.1630554199219,285.9185655676803,277.51062613475256,278.95689369474377,16139444
2024-11-12,279.7658386230469,284.2026691077699,278.9814075918075,281.89844970816716,11260890
2024-11-13,278.9568786621094,281.2120541126806,277.26548211269,279.44713679684065,11391200
2024-11-14,277.8293151855469,281.67782990989014,276.60366974174525,278.93239608496833,9783520
2024-11-18,271.0392150878906,277.8293086403796,264.88648108955095,277.8293086403796,15289764
2024-11-19,275.52508544921875,279.3490931060881,271.94620687193054,272.5835364942449,12919778
2024-11-21,273.1473388671875,278.2705125705209,272.2403433404619,275.52507891352934,11672608
2024-11-22,280.2560729980469,281.2120524166217,273.5150236861484,275.50056313523856,14733232
2024-11-25,285.5508728027344,288.051177462904,281.35917149692835,282.1435725879272,23297474
2024-11-26,288.7620544433594,289.42389098604815,284.0065443363509,286.80102181556066,15771340
2024-11-27,285.771484375,292.1938540982347,285.28122623053986,289.9876924481641,13659676
2024-11-28,280.5257263183594,287.29128297026375,279.71678838175825,287.16871842974746,11896556
2024-11-29,283.295654296875,284.71741487240445,280.2315409211496,281.8984305667371,8540112
2024-12-02,286.5804138183594,287.07067199952945,283.4672863371234,285.5508836070961,11194000
2024-12-03,285.96759033203125,290.42895772261494,283.66337090205775,289.5955128322435,15445286
2024-12-04,288.27178955078125,291.21333842374844,286.11464174141236,288.90911915532763,14036431
2024-12-05,293.468505859375,295.03733786644284,288.17372401813014,289.25229789317564,13487264
2024-12-06,291.5565185546875,293.3214358695915,290.42893082999984,293.3214358695915,7894350
2024-12-09,297.8318176269531,299.74383632659055,288.0266549067242,289.25230024675284,9285213
2024-12-10,302.0970764160156,304.9405676863724,297.53768162973876,300.037986212315,17028502
2024-12-11,302.97955322265625,303.8620119561836,299.5967598339862,302.14610833760867,8608406
2024-12-12,303.0776062011719,307.68601503812204,301.4597602273172,301.9990322442741,12958440
2024-12-13,303.9110412597656,304.98958525885183,298.27307249570435,303.07759641439475,7382211
2024-12-16,303.1756591796875,305.33277713748566,301.11656891584744,303.96006026925346,7221189
2024-12-17,302.83245849609375,306.16620785726093,301.3126403111475,304.94056250955373,10568517
2024-12-18,306.5093994140625,307.14672902041013,302.53829047054376,302.9795347719289,10965226
2024-12-19,306.6564636230469,307.2937932143257,295.28246889975395,300.3811654759486,12405595
2024-12-20,299.25360107421875,313.76523104065535,298.4691700428266,309.35290747914615,22214824
2024-12-23,301.9009704589844,304.59739035252073,299.0574791013064,300.6263112057788,6693583
2024-12-24,299.35162353515625,303.17566115997283,296.90033271052187,301.508771430028,8837902
2024-12-26,299.1064758300781,300.969480679195,298.07694571702456,299.4496625087566,6516148
2024-12-27,303.0776062011719,304.84252364119806,298.76334029656476,299.2535984657925,8063921
2024-12-30,297.7828063964844,303.3717312422853,296.7532463480337,303.0775883272892,13709891
2024-12-31,295.9688415527344,297.0964292766136,289.49742819775634,295.08638289591505,9337030
2025-01-01,294.44903564453125,297.4396283409846,293.1253625656732,294.1548927210035,7878201
2025-01-02,297.880859375,298.51821894990434,291.36043153985077,292.1938764337386,8800435
2025-01-03,288.7130432128906,297.8808468925326,288.2717988984445,297.39058873114067,12535720
2025-01-06,288.5659484863281,291.9977556952793,284.8890121910233,289.252321897312,9173687
2025-01-07,288.32080078125,291.70359392367544,285.6243810054849,288.56592985177406,7381943
2025-01-08,291.75262451171875,292.63511315463563,283.6633647201962,287.2912871413454,7937785
2025-01-09,286.60491943359375,292.1938746425956,285.67344684741647,291.21335828473457,7964702
2025-01-10,294.69415283203125,297.34155872890096,288.56592614759387,288.56592614759387,19505556
2025-01-13,286.1636962890625,293.4195111310995,284.5948641797882,293.1253682019159,9541248
2025-01-14,287.1441955566406,288.8110552612858,280.96692510394803,286.1146355197009,7670070
2025-01-15,286.9480895996094,288.9581659711254,284.05558446447577,287.29127628967143,4662694
2025-01-16,282.4377136230469,290.72308848498255,281.1140405312321,290.13477270918526,10345666
2025-01-17,276.4565734863281,282.1925697106497,275.0348129297978,282.1925697106497,9358955
2025-01-20,294.4000244140625,299.4496774660434,291.16433253457507,296.1159279701811,39380165
2025-01-21,292.53704833984375,299.8909206966876,291.99774641321864,296.50812744334615,15619474
2025-01-22,303.0776062011719,303.960064921185,293.5175719012314,293.5175719012314,30859317
2025-01-23,311.5100402832031,318.27559676435,304.59738241876266,305.03862672267815,39904371
2025-01-24,313.86328125,316.2165144426509,310.43147411651387,312.7847073091648,17479586
2025-01-27,301.95001220703125,312.93177701883235,300.7733806558103,311.60807400445464,12372895
2025-01-28,303.6000061035156,307.6000061035156,301.54998779296875,304.0,12077491
2025-01-29,312.45001220703125,314.70001220703125,305.04998779296875,305.04998779296875,16338112
2025-01-30,309.0,313.70001220703125,305.95001220703125,311.0,9984186
2025-01-31,311.8999938964844,315.70001220703125,309.54998779296875,311.70001220703125,15597644
2025-02-01,304.79998779296875,313.25,303.3500061035156,312.54998779296875,6046117
2025-02-03,313.6000061035156,314.0,300.29998779296875,303.0,14877076
2025-02-04,316.25,318.8500061035156,313.3500061035156,318.0,15366864
2025-02-05,317.1000061035156,321.45001220703125,314.8999938964844,317.79998779296875,9628027
2025-02-06,317.95001220703125,323.6000061035156,314.54998779296875,320.0,15062390
2025-02-07,318.0,319.0,314.0,319.0,8589587
2025-02-10,319.04998779296875,321.0,315.8500061035156,318.79998779296875,12304840
2025-02-11,313.0,320.3999938964844,311.6000061035156,319.5,10627890
2025-02-12,310.20001220703125,315.75,309.3500061035156,313.45001220703125,9668342
2025-02-13,308.54998779296875,313.6499938964844,306.95001220703125,310.29998779296875,8832731
2025-02-14,308.1000061035156,312.3999938964844,304.54998779296875,310.04998779296875,7371341
2025-02-17,305.3500061035156,310.29998779296875,302.0,308.1000061035156,7507772
2025-02-18,312.20001220703125,312.75,305.3500061035156,305.3500061035156,10368789
2025-02-19,314.1000061035156,316.5,308.29998779296875,311.25,7835672
2025-02-20,313.29998779296875,314.29998779296875,310.25,311.20001220703125,7697134
2025-02-21,306.3500061035156,312.79998779296875,305.04998779296875,312.79998779296875,8722925
2025-02-24,295.04998779296875,303.29998779296875,293.3500061035156,302.95001220703125,12600963
2025-02-25,291.29998779296875,296.29998779296875,290.1000061035156,294.3500061035156,10810040
2025-02-27,294.5,295.79998779296875,291.3500061035156,294.0,15555649
2025-02-28,277.6499938964844,294.0,277.0,294.0,17458839
2025-03-03,283.54998779296875,286.3500061035156,279.29998779296875,279.45001220703125,11471554
2025-03-04,280.0,283.1000061035156,276.29998779296875,279.0,9331785
2025-03-05,285.1000061035156,286.95001220703125,278.6499938964844,281.3999938964844,10285712
2025-03-06,285.8999938964844,292.0,283.5,288.45001220703125,9782051
2025-03-07,284.79998779296875,287.70001220703125,282.8999938964844,287.3999938964844,8097300
2025-03-10,280.8999938964844,285.6499938964844,277.95001220703125,284.45001220703125,8165123
2025-03-11,277.75,279.29998779296875,273.20001220703125,277.0,8602609
2025-03-12,268.54998779296875,277.70001220703125,262.20001220703125,277.70001220703125,18584311
2025-03-13,264.0,271.1000061035156,263.3500061035156,268.54998779296875,8683943
2025-03-17,259.8500061035156,265.20001220703125,258.8999938964844,264.0,12697926
2025-03-18,259.8500061035156,259.8500061035156,259.8500061035156,259.8500061035156,0
2025-03-19,265.70001220703125,266.5,256.25,262.0,14044300
2025-03-20,268.0,273.95001220703125,267.5,269.20001220703125,17038774
2025-03-21,264.29998779296875,269.54998779296875,260.20001220703125,264.0,22659168
2025-03-24,269.3999938964844,271.6499938964844,265.3999938964844,267.04998779296875,9269617
2025-03-25,271.0,274.70001220703125,269.3500061035156,272.0,12563930
2025-03-26,267.3999938964844,272.25,266.75,272.0,7308412
2025-03-27,272.20001220703125,273.54998779296875,269.6000061035156,270.0,14783522
2025-03-28,262.25,271.8500061035156,261.6000061035156,271.0,14283389
2025-04-01,262.6000061035156,263.0,258.5,260.3500061035156,8388635
2025-04-02,263.6000061035156,265.54998779296875,261.1000061035156,262.79998779296875,7136992
2025-04-03,256.3500061035156,260.5,255.3000030517578,259.8999938964844,12262561
2025-04-04,246.3000030517578,253.9499969482422,244.85000610351562,253.0,14639785
2025-04-07,242.89999389648438,243.85000610351562,228.0,231.0500030517578,13011904
2025-04-08,247.25,249.5,243.85000610351562,244.75,13806651
2025-04-09,236.64999389648438,242.3000030517578,234.0,240.6999969482422,19063559
2025-04-11,239.75,245.0,238.35000610351562,245.0,11205821
2025-04-15,244.0,245.0500030517578,241.35000610351562,245.0500030517578,10694621
2025-04-16,247.64999389648438,248.4499969482422,241.1999969482422,244.0,16203319
2025-04-17,236.89999389648438,237.8000030517578,232.14999389648438,235.0,54875421
2025-04-21,238.4499969482422,240.8000030517578,237.39999389648438,237.39999389648438,16298364
2025-04-22,234.14999389648438,239.0,233.5,238.4499969482422,18367713
2025-04-23,243.60000610351562,245.35000610351562,236.10000610351562,237.1999969482422,31898042
2025-04-24,242.75,245.14999389648438,241.5,244.8000030517578,23000820
2025-04-25,240.89999389648438,246.14999389648438,238.0500030517578,243.9499969482422,16620430
2025-04-28,240.5,241.9499969482422,238.75,240.5,14218414
2025-04-29,241.39999389648438,243.60000610351562,239.85000610351562,241.60000610351562,16647246
2025-04-30,241.5,243.39999389648438,239.1999969482422,241.5500030517578,14204991
